ts_id,orig_ccode,orig_country,country,curr_iso3,curr_country,year,polity2,democ,autoc,exrec,exconst,polcomp,d5,sf,regtrans
100_COL,100,Colombia,Colombia,COL,Colombia,1971,7.0,7,0,7.0,6,9.0,,,
100_COL,100,Colombia,Colombia,COL,Colombia,1972,7.0,7,0,7.0,6,9.0,,,
100_COL,100,Colombia,Colombia,COL,Colombia,1973,7.0,7,0,7.0,6,9.0,,,
100_COL,100,Colombia,Colombia,COL,Colombia,1974,8.0,8,0,8.0,6,9.0,1.0,,0.0
100_COL,100,Colombia,Colombia,COL,Colombia,1975,8.0,8,0,8.0,6,9.0,,,
100_COL,100,Colombia,Colombia,COL,Colombia,1976,8.0,8,0,8.0,6,9.0,,,
100_COL,100,Colombia,Colombia,COL,Colombia,1977,8.0,8,0,8.0,6,9.0,,,
100_COL,100,Colombia,Colombia,COL,Colombia,1978,8.0,8,0,8.0,6,9.0,,,
100_COL,100,Colombia,Colombia,COL,Colombia,1979,8.0,8,0,8.0,6,9.0,,,
100_COL,100,Colombia,Colombia,COL,Colombia,1980,8.0,8,0,8.0,6,9.0,,,
100_COL,100,Colombia,Colombia,COL,Colombia,1981,8.0,8,0,8.0,6,9.0,,,
100_COL,100,Colombia,Colombia,COL,Colombia,1982,8.0,8,0,8.0,6,9.0,,,
100_COL,100,Colombia,Colombia,COL,Colombia,1983,8.0,8,0,8.0,6,9.0,,,
100_COL,100,Colombia,Colombia,COL,Colombia,1984,8.0,8,0,8.0,6,9.0,,,
100_COL,100,Colombia,Colombia,COL,Colombia,1985,8.0,8,0,8.0,6,9.0,,,
100_COL,100,Colombia,Colombia,COL,Colombia,1986,8.0,8,0,8.0,6,9.0,,,
100_COL,100,Colombia,Colombia,COL,Colombia,1987,8.0,8,0,8.0,6,9.0,,,
100_COL,100,Colombia,Colombia,COL,Colombia,1988,8.0,8,0,8.0,6,9.0,,,
100_COL,100,Colombia,Colombia,COL,Colombia,1989,8.0,8,0,8.0,6,9.0,,,
100_COL,100,Colombia,Colombia,COL,Colombia,1990,8.0,8,0,8.0,6,9.0,,,
100_COL,100,Colombia,Colombia,COL,Colombia,1991,9.0,9,0,8.0,7,9.0,1.0,,0.0
100_COL,100,Colombia,Colombia,COL,Colombia,1992,9.0,9,0,8.0,7,9.0,,,
100_COL,100,Colombia,Colombia,COL,Colombia,1993,9.0,9,0,8.0,7,9.0,,,
100_COL,100,Colombia,Colombia,COL,Colombia,1994,9.0,9,0,8.0,7,9.0,,,
100_COL,100,Colombia,Colombia,COL,Colombia,1995,7.0,7,0,8.0,6,7.0,1.0,,0.0
100_COL,100,Colombia,Colombia,COL,Colombia,1996,7.0,7,0,8.0,6,7.0,,,
100_COL,100,Colombia,Colombia,COL,Colombia,1997,7.0,7,0,8.0,6,7.0,,,
100_COL,100,Colombia,Colombia,COL,Colombia,1998,7.0,7,0,8.0,6,7.0,,,
100_COL,100,Colombia,Colombia,COL,Colombia,1999,7.0,7,0,8.0,6,7.0,,,
100_COL,100,Colombia,Colombia,COL,Colombia,2000,7.0,7,0,8.0,6,7.0,,,
100_COL,100,Colombia,Colombia,COL,Colombia,2001,7.0,7,0,8.0,6,7.0,,,
100_COL,100,Colombia,Colombia,COL,Colombia,2002,7.0,7,0,8.0,6,7.0,,,
100_COL,100,Colombia,Colombia,COL,Colombia,2003,7.0,7,0,8.0,6,7.0,,,
100_COL,100,Colombia,Colombia,COL,Colombia,2004,7.0,7,0,8.0,6,7.0,,,
100_COL,100,Colombia,Colombia,COL,Colombia,2005,7.0,7,0,8.0,6,7.0,,,
100_COL,100,Colombia,Colombia,COL,Colombia,2006,7.0,7,0,8.0,6,7.0,,,
100_COL,100,Colombia,Colombia,COL,Colombia,2007,7.0,7,0,8.0,6,7.0,,,
100_COL,100,Colombia,Colombia,COL,Colombia,2008,7.0,7,0,8.0,6,7.0,,,
100_COL,100,Colombia,Colombia,COL,Colombia,2009,7.0,7,0,8.0,6,7.0,,,
100_COL,100,Colombia,Colombia,COL,Colombia,2010,7.0,7,0,8.0,6,7.0,,,
100_COL,100,Colombia,Colombia,COL,Colombia,2011,7.0,7,0,8.0,6,7.0,,,
100_COL,100,Colombia,Colombia,COL,Colombia,2012,7.0,7,0,8.0,6,7.0,,,
100_COL,100,Colombia,Colombia,COL,Colombia,2013,7.0,7,0,8.0,6,7.0,,,
100_COL,100,Colombia,Colombia,COL,Colombia,2014,7.0,7,0,8.0,6,7.0,,,
100_COL,100,Colombia,Colombia,COL,Colombia,2015,7.0,7,0,8.0,6,7.0,,,
100_COL,100,Colombia,Colombia,COL,Colombia,2016,7.0,7,0,8.0,6,7.0,,,
100_COL,100,Colombia,Colombia,COL,Colombia,2017,7.0,7,0,8.0,6,7.0,,,
100_COL,100,Colombia,Colombia,COL,Colombia,2018,7.0,7,0,8.0,6,7.0,,,
101_VEN,101,Venezuela,Venezuela,VEN,Venezuela,1971,9.0,9,0,8.0,6,10.0,,,
101_VEN,101,Venezuela,Venezuela,VEN,Venezuela,1972,9.0,9,0,8.0,6,10.0,,,
101_VEN,101,Venezuela,Venezuela,VEN,Venezuela,1973,9.0,9,0,8.0,6,10.0,,,
101_VEN,101,Venezuela,Venezuela,VEN,Venezuela,1974,9.0,9,0,8.0,6,10.0,,,
101_VEN,101,Venezuela,Venezuela,VEN,Venezuela,1975,9.0,9,0,8.0,6,10.0,,,
101_VEN,101,Venezuela,Venezuela,VEN,Venezuela,1976,9.0,9,0,8.0,6,10.0,,,
101_VEN,101,Venezuela,Venezuela,VEN,Venezuela,1977,9.0,9,0,8.0,6,10.0,,,
101_VEN,101,Venezuela,Venezuela,VEN,Venezuela,1978,9.0,9,0,8.0,6,10.0,,,
101_VEN,101,Venezuela,Venezuela,VEN,Venezuela,1979,9.0,9,0,8.0,6,10.0,,,
101_VEN,101,Venezuela,Venezuela,VEN,Venezuela,1980,9.0,9,0,8.0,6,10.0,,,
101_VEN,101,Venezuela,Venezuela,VEN,Venezuela,1981,9.0,9,0,8.0,6,10.0,,,
101_VEN,101,Venezuela,Venezuela,VEN,Venezuela,1982,9.0,9,0,8.0,6,10.0,,,
101_VEN,101,Venezuela,Venezuela,VEN,Venezuela,1983,9.0,9,0,8.0,6,10.0,,,
101_VEN,101,Venezuela,Venezuela,VEN,Venezuela,1984,9.0,9,0,8.0,6,10.0,,,
101_VEN,101,Venezuela,Venezuela,VEN,Venezuela,1985,9.0,9,0,8.0,6,10.0,,,
101_VEN,101,Venezuela,Venezuela,VEN,Venezuela,1986,9.0,9,0,8.0,6,10.0,,,
101_VEN,101,Venezuela,Venezuela,VEN,Venezuela,1987,9.0,9,0,8.0,6,10.0,,,
101_VEN,101,Venezuela,Venezuela,VEN,Venezuela,1988,9.0,9,0,8.0,6,10.0,,,
101_VEN,101,Venezuela,Venezuela,VEN,Venezuela,1989,9.0,9,0,8.0,6,10.0,,,
101_VEN,101,Venezuela,Venezuela,VEN,Venezuela,1990,9.0,9,0,8.0,6,10.0,,,
101_VEN,101,Venezuela,Venezuela,VEN,Venezuela,1991,9.0,9,0,8.0,6,10.0,,,
101_VEN,101,Venezuela,Venezuela,VEN,Venezuela,1992,8.0,8,0,8.0,6,9.0,1.0,,0.0
101_VEN,101,Venezuela,Venezuela,VEN,Venezuela,1993,8.0,8,0,8.0,6,9.0,,,
101_VEN,101,Venezuela,Venezuela,VEN,Venezuela,1994,8.0,8,0,8.0,6,9.0,,,
101_VEN,101,Venezuela,Venezuela,VEN,Venezuela,1995,8.0,8,0,8.0,6,9.0,,,
101_VEN,101,Venezuela,Venezuela,VEN,Venezuela,1996,8.0,8,0,8.0,6,9.0,,,
101_VEN,101,Venezuela,Venezuela,VEN,Venezuela,1997,8.0,8,0,8.0,6,9.0,,,
101_VEN,101,Venezuela,Venezuela,VEN,Venezuela,1998,8.0,8,0,8.0,6,9.0,,,
101_VEN,101,Venezuela,Venezuela,VEN,Venezuela,1999,7.0,7,0,8.0,5,9.0,,,0.0
101_VEN,101,Venezuela,Venezuela,VEN,Venezuela,2000,7.0,7,0,8.0,5,9.0,,,0.0
101_VEN,101,Venezuela,Venezuela,VEN,Venezuela,2001,6.0,6,0,8.0,5,7.0,1.0,,0.0
101_VEN,101,Venezuela,Venezuela,VEN,Venezuela,2002,6.0,6,0,8.0,5,7.0,,,
101_VEN,101,Venezuela,Venezuela,VEN,Venezuela,2003,6.0,6,0,8.0,5,7.0,,,
101_VEN,101,Venezuela,Venezuela,VEN,Venezuela,2004,6.0,6,0,8.0,5,7.0,,,
101_VEN,101,Venezuela,Venezuela,VEN,Venezuela,2005,6.0,6,0,8.0,5,7.0,,,
101_VEN,101,Venezuela,Venezuela,VEN,Venezuela,2006,5.0,5,0,8.0,4,7.0,,,-2.0
101_VEN,101,Venezuela,Venezuela,VEN,Venezuela,2007,5.0,5,0,8.0,4,7.0,,,-2.0
101_VEN,101,Venezuela,Venezuela,VEN,Venezuela,2008,5.0,5,0,8.0,4,7.0,,,-2.0
101_VEN,101,Venezuela,Venezuela,VEN,Venezuela,2009,-3.0,1,4,3.0,3,6.0,1.0,,-2.0
101_VEN,101,Venezuela,Venezuela,VEN,Venezuela,2010,-3.0,1,4,3.0,3,6.0,,,
101_VEN,101,Venezuela,Venezuela,VEN,Venezuela,2011,-3.0,1,4,3.0,3,6.0,,,
101_VEN,101,Venezuela,Venezuela,VEN,Venezuela,2012,-3.0,1,4,3.0,3,6.0,,,
101_VEN,101,Venezuela,Venezuela,VEN,Venezuela,2013,4.0,4,0,7.0,4,7.0,1.0,,3.0
101_VEN,101,Venezuela,Venezuela,VEN,Venezuela,2014,4.0,4,0,7.0,4,7.0,,,
101_VEN,101,Venezuela,Venezuela,VEN,Venezuela,2015,4.0,4,0,7.0,4,7.0,,,
101_VEN,101,Venezuela,Venezuela,VEN,Venezuela,2016,4.0,4,0,7.0,4,7.0,,,
101_VEN,101,Venezuela,Venezuela,VEN,Venezuela,2017,-3.0,1,4,3.0,3,6.0,1.0,,-2.0
101_VEN,101,Venezuela,Venezuela,VEN,Venezuela,2018,-3.0,1,4,3.0,3,6.0,,,
110_GUY,110,Guyana,Guyana,GUY,Guyana,1971,1.0,4,3,3.0,6,6.0,,,
110_GUY,110,Guyana,Guyana,GUY,Guyana,1972,1.0,4,3,3.0,6,6.0,,,
110_GUY,110,Guyana,Guyana,GUY,Guyana,1973,1.0,4,3,3.0,6,6.0,,,
110_GUY,110,Guyana,Guyana,GUY,Guyana,1974,1.0,4,3,3.0,6,6.0,,,
110_GUY,110,Guyana,Guyana,GUY,Guyana,1975,1.0,4,3,3.0,6,6.0,,,
110_GUY,110,Guyana,Guyana,GUY,Guyana,1976,1.0,4,3,3.0,6,6.0,,,
110_GUY,110,Guyana,Guyana,GUY,Guyana,1977,1.0,4,3,3.0,6,6.0,,,
110_GUY,110,Guyana,Guyana,GUY,Guyana,1978,0.0,3,3,3.0,5,6.0,,,-2.0
110_GUY,110,Guyana,Guyana,GUY,Guyana,1979,0.0,3,3,3.0,5,6.0,,,-2.0
110_GUY,110,Guyana,Guyana,GUY,Guyana,1980,-7.0,0,7,3.0,1,3.0,1.0,,-2.0
110_GUY,110,Guyana,Guyana,GUY,Guyana,1981,-7.0,0,7,3.0,1,3.0,,,
110_GUY,110,Guyana,Guyana,GUY,Guyana,1982,-7.0,0,7,3.0,1,3.0,,,
110_GUY,110,Guyana,Guyana,GUY,Guyana,1983,-7.0,0,7,3.0,1,3.0,,,
110_GUY,110,Guyana,Guyana,GUY,Guyana,1984,-7.0,0,7,3.0,1,3.0,,,
110_GUY,110,Guyana,Guyana,GUY,Guyana,1985,-7.0,0,7,3.0,1,3.0,,,
110_GUY,110,Guyana,Guyana,GUY,Guyana,1986,-7.0,0,7,3.0,1,3.0,,,
110_GUY,110,Guyana,Guyana,GUY,Guyana,1987,-7.0,0,7,3.0,1,3.0,,,
110_GUY,110,Guyana,Guyana,GUY,Guyana,1988,-7.0,0,7,3.0,1,3.0,,,
110_GUY,110,Guyana,Guyana,GUY,Guyana,1989,-7.0,0,7,3.0,1,3.0,,,
110_GUY,110,Guyana,Guyana,GUY,Guyana,1990,-7.0,0,7,3.0,1,3.0,,,
110_GUY,110,Guyana,Guyana,GUY,Guyana,1991,-7.0,0,7,3.0,1,3.0,,,
110_GUY,110,Guyana,Guyana,GUY,Guyana,1992,6.0,6,0,8.0,5,7.0,1.0,,-2.0
110_GUY,110,Guyana,Guyana,GUY,Guyana,1993,6.0,6,0,8.0,5,7.0,,,
110_GUY,110,Guyana,Guyana,GUY,Guyana,1994,6.0,6,0,8.0,5,7.0,,,
110_GUY,110,Guyana,Guyana,GUY,Guyana,1995,6.0,6,0,8.0,5,7.0,,,
110_GUY,110,Guyana,Guyana,GUY,Guyana,1996,6.0,6,0,8.0,5,7.0,,,
110_GUY,110,Guyana,Guyana,GUY,Guyana,1997,6.0,6,0,8.0,5,7.0,,,
110_GUY,110,Guyana,Guyana,GUY,Guyana,1998,6.0,6,0,8.0,5,7.0,,,
110_GUY,110,Guyana,Guyana,GUY,Guyana,1999,6.0,6,0,8.0,5,7.0,,,
110_GUY,110,Guyana,Guyana,GUY,Guyana,2000,6.0,6,0,8.0,5,7.0,,,
110_GUY,110,Guyana,Guyana,GUY,Guyana,2001,6.0,6,0,8.0,5,7.0,,,
110_GUY,110,Guyana,Guyana,GUY,Guyana,2002,6.0,6,0,8.0,5,7.0,,,
110_GUY,110,Guyana,Guyana,GUY,Guyana,2003,6.0,6,0,8.0,5,7.0,,,
110_GUY,110,Guyana,Guyana,GUY,Guyana,2004,6.0,6,0,8.0,5,7.0,,,
110_GUY,110,Guyana,Guyana,GUY,Guyana,2005,6.0,6,0,8.0,5,7.0,,,
110_GUY,110,Guyana,Guyana,GUY,Guyana,2006,6.0,6,0,8.0,5,7.0,,,
110_GUY,110,Guyana,Guyana,GUY,Guyana,2007,6.0,6,0,8.0,5,7.0,,,
110_GUY,110,Guyana,Guyana,GUY,Guyana,2008,6.0,6,0,8.0,5,7.0,,,
110_GUY,110,Guyana,Guyana,GUY,Guyana,2009,6.0,6,0,8.0,5,7.0,,,
110_GUY,110,Guyana,Guyana,GUY,Guyana,2010,6.0,6,0,8.0,5,7.0,,,
110_GUY,110,Guyana,Guyana,GUY,Guyana,2011,6.0,6,0,8.0,5,7.0,,,
110_GUY,110,Guyana,Guyana,GUY,Guyana,2012,6.0,6,0,8.0,5,7.0,,,
110_GUY,110,Guyana,Guyana,GUY,Guyana,2013,6.0,6,0,8.0,5,7.0,,,
110_GUY,110,Guyana,Guyana,GUY,Guyana,2014,6.0,6,0,8.0,5,7.0,,,
110_GUY,110,Guyana,Guyana,GUY,Guyana,2015,7.0,8,1,8.0,6,8.0,1.0,,0.0
110_GUY,110,Guyana,Guyana,GUY,Guyana,2016,7.0,8,1,8.0,6,8.0,,,
110_GUY,110,Guyana,Guyana,GUY,Guyana,2017,7.0,8,1,8.0,6,8.0,,,
110_GUY,110,Guyana,Guyana,GUY,Guyana,2018,7.0,8,1,8.0,6,8.0,,,
115_SUR,115,Suriname,Suriname,SUR,Suriname,1975,5.0,5,0,7.0,5,7.0,1.0,,99.0
115_SUR,115,Suriname,Suriname,SUR,Suriname,1976,5.0,5,0,7.0,5,7.0,,,
115_SUR,115,Suriname,Suriname,SUR,Suriname,1977,5.0,5,0,7.0,5,7.0,,,
115_SUR,115,Suriname,Suriname,SUR,Suriname,1978,5.0,5,0,7.0,5,7.0,,,
115_SUR,115,Suriname,Suriname,SUR,Suriname,1979,5.0,5,0,7.0,5,7.0,,,
115_SUR,115,Suriname,Suriname,SUR,Suriname,1980,-1.0,1,2,4.0,3,6.0,,,-2.0
115_SUR,115,Suriname,Suriname,SUR,Suriname,1981,-1.0,1,2,4.0,3,6.0,,,-2.0
115_SUR,115,Suriname,Suriname,SUR,Suriname,1982,-6.0,0,6,4.0,1,2.0,1.0,,-2.0
115_SUR,115,Suriname,Suriname,SUR,Suriname,1983,-6.0,0,6,4.0,1,2.0,,,
115_SUR,115,Suriname,Suriname,SUR,Suriname,1984,-6.0,0,6,4.0,1,2.0,,,
115_SUR,115,Suriname,Suriname,SUR,Suriname,1985,-6.0,0,6,4.0,1,2.0,,,
115_SUR,115,Suriname,Suriname,SUR,Suriname,1986,-6.0,0,6,4.0,1,2.0,,,
115_SUR,115,Suriname,Suriname,SUR,Suriname,1987,-1.0,2,3,7.0,3,3.0,1.0,,2.0
115_SUR,115,Suriname,Suriname,SUR,Suriname,1988,-1.0,2,3,7.0,3,3.0,,,
115_SUR,115,Suriname,Suriname,SUR,Suriname,1989,-1.0,2,3,7.0,3,3.0,,,
115_SUR,115,Suriname,Suriname,SUR,Suriname,1990,2.0,3,1,5.0,4,8.0,,,3.0
115_SUR,115,Suriname,Suriname,SUR,Suriname,1991,5.0,6,1,7.0,5,8.0,1.0,,3.0
115_SUR,115,Suriname,Suriname,SUR,Suriname,1992,5.0,6,1,7.0,5,8.0,,,
115_SUR,115,Suriname,Suriname,SUR,Suriname,1993,5.0,6,1,7.0,5,8.0,,,
115_SUR,115,Suriname,Suriname,SUR,Suriname,1994,5.0,6,1,7.0,5,8.0,,,
115_SUR,115,Suriname,Suriname,SUR,Suriname,1995,5.0,6,1,7.0,5,8.0,,,
115_SUR,115,Suriname,Suriname,SUR,Suriname,1996,5.0,6,1,7.0,5,8.0,,,
115_SUR,115,Suriname,Suriname,SUR,Suriname,1997,5.0,6,1,7.0,5,8.0,,,
115_SUR,115,Suriname,Suriname,SUR,Suriname,1998,5.0,6,1,7.0,5,8.0,,,
115_SUR,115,Suriname,Suriname,SUR,Suriname,1999,5.0,6,1,7.0,5,8.0,,,
115_SUR,115,Suriname,Suriname,SUR,Suriname,2000,5.0,6,1,7.0,5,8.0,,,
115_SUR,115,Suriname,Suriname,SUR,Suriname,2001,5.0,6,1,7.0,5,8.0,,,
115_SUR,115,Suriname,Suriname,SUR,Suriname,2002,5.0,6,1,7.0,5,8.0,,,
115_SUR,115,Suriname,Suriname,SUR,Suriname,2003,5.0,6,1,7.0,5,8.0,,,
115_SUR,115,Suriname,Suriname,SUR,Suriname,2004,5.0,6,1,7.0,5,8.0,,,
115_SUR,115,Suriname,Suriname,SUR,Suriname,2005,5.0,6,1,7.0,5,8.0,,,
115_SUR,115,Suriname,Suriname,SUR,Suriname,2006,5.0,6,1,7.0,5,8.0,,,
115_SUR,115,Suriname,Suriname,SUR,Suriname,2007,5.0,6,1,7.0,5,8.0,,,
115_SUR,115,Suriname,Suriname,SUR,Suriname,2008,5.0,6,1,7.0,5,8.0,,,
115_SUR,115,Suriname,Suriname,SUR,Suriname,2009,5.0,6,1,7.0,5,8.0,,,
115_SUR,115,Suriname,Suriname,SUR,Suriname,2010,5.0,6,1,7.0,5,8.0,,,
115_SUR,115,Suriname,Suriname,SUR,Suriname,2011,5.0,6,1,7.0,5,8.0,,,
115_SUR,115,Suriname,Suriname,SUR,Suriname,2012,5.0,6,1,7.0,5,8.0,,,
115_SUR,115,Suriname,Suriname,SUR,Suriname,2013,5.0,6,1,7.0,5,8.0,,,
115_SUR,115,Suriname,Suriname,SUR,Suriname,2014,5.0,6,1,7.0,5,8.0,,,
115_SUR,115,Suriname,Suriname,SUR,Suriname,2015,5.0,6,1,7.0,5,8.0,,,
115_SUR,115,Suriname,Suriname,SUR,Suriname,2016,5.0,6,1,7.0,5,8.0,,,
115_SUR,115,Suriname,Suriname,SUR,Suriname,2017,5.0,6,1,7.0,5,8.0,,,
115_SUR,115,Suriname,Suriname,SUR,Suriname,2018,5.0,6,1,7.0,5,8.0,,,
130_ECU,130,Ecuador,Ecuador,ECU,Ecuador,1971,0.0,4,4,8.0,1,6.0,,,-2.0
130_ECU,130,Ecuador,Ecuador,ECU,Ecuador,1972,-5.0,0,5,4.0,1,3.0,1.0,,-2.0
130_ECU,130,Ecuador,Ecuador,ECU,Ecuador,1973,-5.0,0,5,4.0,1,3.0,,,
130_ECU,130,Ecuador,Ecuador,ECU,Ecuador,1974,-5.0,0,5,4.0,1,3.0,,,
130_ECU,130,Ecuador,Ecuador,ECU,Ecuador,1975,-5.0,0,5,4.0,1,3.0,,,
130_ECU,130,Ecuador,Ecuador,ECU,Ecuador,1976,-5.0,0,5,4.0,1,3.0,,,
130_ECU,130,Ecuador,Ecuador,ECU,Ecuador,1977,-5.0,0,5,4.0,1,3.0,,,
130_ECU,130,Ecuador,Ecuador,ECU,Ecuador,1978,-5.0,0,5,4.0,1,3.0,,,
130_ECU,130,Ecuador,Ecuador,ECU,Ecuador,1979,9.0,9,0,8.0,7,9.0,1.0,,3.0
130_ECU,130,Ecuador,Ecuador,ECU,Ecuador,1980,9.0,9,0,8.0,7,9.0,,,
130_ECU,130,Ecuador,Ecuador,ECU,Ecuador,1981,9.0,9,0,8.0,7,9.0,,,
130_ECU,130,Ecuador,Ecuador,ECU,Ecuador,1982,9.0,9,0,8.0,7,9.0,,,
130_ECU,130,Ecuador,Ecuador,ECU,Ecuador,1983,9.0,9,0,8.0,7,9.0,,,
130_ECU,130,Ecuador,Ecuador,ECU,Ecuador,1984,9.0,9,0,8.0,7,9.0,,,
130_ECU,130,Ecuador,Ecuador,ECU,Ecuador,1985,9.0,9,0,8.0,7,9.0,,,
130_ECU,130,Ecuador,Ecuador,ECU,Ecuador,1986,9.0,9,0,8.0,7,9.0,,,
130_ECU,130,Ecuador,Ecuador,ECU,Ecuador,1987,9.0,9,0,8.0,7,9.0,,,
130_ECU,130,Ecuador,Ecuador,ECU,Ecuador,1988,9.0,9,0,8.0,7,9.0,,,
130_ECU,130,Ecuador,Ecuador,ECU,Ecuador,1989,9.0,9,0,8.0,7,9.0,,,
130_ECU,130,Ecuador,Ecuador,ECU,Ecuador,1990,9.0,9,0,8.0,7,9.0,,,
130_ECU,130,Ecuador,Ecuador,ECU,Ecuador,1991,9.0,9,0,8.0,7,9.0,,,
130_ECU,130,Ecuador,Ecuador,ECU,Ecuador,1992,9.0,9,0,8.0,7,9.0,,,
130_ECU,130,Ecuador,Ecuador,ECU,Ecuador,1993,9.0,9,0,8.0,7,9.0,,,
130_ECU,130,Ecuador,Ecuador,ECU,Ecuador,1994,9.0,9,0,8.0,7,9.0,,,
130_ECU,130,Ecuador,Ecuador,ECU,Ecuador,1995,9.0,9,0,8.0,7,9.0,,,
130_ECU,130,Ecuador,Ecuador,ECU,Ecuador,1996,9.0,9,0,8.0,7,9.0,,,
130_ECU,130,Ecuador,Ecuador,ECU,Ecuador,1997,9.0,9,0,8.0,7,9.0,,,
130_ECU,130,Ecuador,Ecuador,ECU,Ecuador,1998,9.0,9,0,8.0,7,9.0,,,
130_ECU,130,Ecuador,Ecuador,ECU,Ecuador,1999,9.0,9,0,8.0,7,9.0,,,
130_ECU,130,Ecuador,Ecuador,ECU,Ecuador,2000,6.0,6,0,7.0,6,7.0,1.0,,-1.0
130_ECU,130,Ecuador,Ecuador,ECU,Ecuador,2001,6.0,6,0,7.0,6,7.0,,,
130_ECU,130,Ecuador,Ecuador,ECU,Ecuador,2002,6.0,6,0,7.0,6,7.0,,,
130_ECU,130,Ecuador,Ecuador,ECU,Ecuador,2003,6.0,6,0,7.0,6,7.0,,,
130_ECU,130,Ecuador,Ecuador,ECU,Ecuador,2004,6.0,6,0,7.0,6,7.0,,,
130_ECU,130,Ecuador,Ecuador,ECU,Ecuador,2005,6.0,6,0,7.0,6,7.0,,,
130_ECU,130,Ecuador,Ecuador,ECU,Ecuador,2006,7.0,7,0,8.0,6,7.0,1.0,,0.0
130_ECU,130,Ecuador,Ecuador,ECU,Ecuador,2007,5.0,5,0,8.0,4,7.0,1.0,,0.0
130_ECU,130,Ecuador,Ecuador,ECU,Ecuador,2008,5.0,5,0,8.0,4,7.0,,,
130_ECU,130,Ecuador,Ecuador,ECU,Ecuador,2009,5.0,5,0,8.0,4,7.0,,,
130_ECU,130,Ecuador,Ecuador,ECU,Ecuador,2010,5.0,5,0,8.0,4,7.0,,,
130_ECU,130,Ecuador,Ecuador,ECU,Ecuador,2011,5.0,5,0,8.0,4,7.0,,,
130_ECU,130,Ecuador,Ecuador,ECU,Ecuador,2012,5.0,5,0,8.0,4,7.0,,,
130_ECU,130,Ecuador,Ecuador,ECU,Ecuador,2013,5.0,6,1,8.0,4,8.0,1.0,,0.0
130_ECU,130,Ecuador,Ecuador,ECU,Ecuador,2014,5.0,6,1,8.0,4,8.0,,,
130_ECU,130,Ecuador,Ecuador,ECU,Ecuador,2015,5.0,6,1,8.0,4,8.0,,,
130_ECU,130,Ecuador,Ecuador,ECU,Ecuador,2016,5.0,6,1,8.0,4,8.0,,,
130_ECU,130,Ecuador,Ecuador,ECU,Ecuador,2017,5.0,6,1,8.0,4,8.0,,,
130_ECU,130,Ecuador,Ecuador,ECU,Ecuador,2018,5.0,6,1,8.0,4,8.0,,,
135_PER,135,Peru,Peru,PER,Peru,1971,-7.0,0,7,4.0,1,1.0,,,
135_PER,135,Peru,Peru,PER,Peru,1972,-7.0,0,7,4.0,1,1.0,,,
135_PER,135,Peru,Peru,PER,Peru,1973,-7.0,0,7,4.0,1,1.0,,,
135_PER,135,Peru,Peru,PER,Peru,1974,-7.0,0,7,4.0,1,1.0,,,
135_PER,135,Peru,Peru,PER,Peru,1975,-7.0,0,7,4.0,1,1.0,,,
135_PER,135,Peru,Peru,PER,Peru,1976,-7.0,0,7,4.0,1,1.0,,,
135_PER,135,Peru,Peru,PER,Peru,1977,-7.0,0,7,5.0,1,1.0,,,3.0
135_PER,135,Peru,Peru,PER,Peru,1978,-2.0,-88,-88,-88.0,-88,-88.0,,,3.0
135_PER,135,Peru,Peru,PER,Peru,1979,3.0,-88,-88,-88.0,-88,-88.0,,,3.0
135_PER,135,Peru,Peru,PER,Peru,1980,7.0,7,0,8.0,6,7.0,1.0,,3.0
135_PER,135,Peru,Peru,PER,Peru,1981,7.0,7,0,8.0,6,7.0,,,
135_PER,135,Peru,Peru,PER,Peru,1982,7.0,7,0,8.0,6,7.0,,,
135_PER,135,Peru,Peru,PER,Peru,1983,7.0,7,0,8.0,6,7.0,,,
135_PER,135,Peru,Peru,PER,Peru,1984,7.0,7,0,8.0,6,7.0,,,
135_PER,135,Peru,Peru,PER,Peru,1985,7.0,7,0,8.0,6,7.0,,,
135_PER,135,Peru,Peru,PER,Peru,1986,7.0,7,0,8.0,6,7.0,,,
135_PER,135,Peru,Peru,PER,Peru,1987,7.0,7,0,8.0,6,7.0,,,
135_PER,135,Peru,Peru,PER,Peru,1988,7.0,7,0,8.0,6,7.0,,,
135_PER,135,Peru,Peru,PER,Peru,1989,7.0,7,0,8.0,6,7.0,,,
135_PER,135,Peru,Peru,PER,Peru,1990,8.0,8,0,8.0,7,7.0,1.0,,0.0
135_PER,135,Peru,Peru,PER,Peru,1991,8.0,8,0,8.0,7,7.0,,,
135_PER,135,Peru,Peru,PER,Peru,1992,-4.0,0,4,4.0,2,3.0,1.0,,-2.0
135_PER,135,Peru,Peru,PER,Peru,1993,-1.0,1,2,4.0,3,6.0,1.0,,1.0
135_PER,135,Peru,Peru,PER,Peru,1994,-1.0,1,2,4.0,3,6.0,,,
135_PER,135,Peru,Peru,PER,Peru,1995,-1.0,1,2,4.0,3,6.0,,,
135_PER,135,Peru,Peru,PER,Peru,1996,-1.0,1,2,4.0,3,6.0,,,
135_PER,135,Peru,Peru,PER,Peru,1997,-1.0,1,2,4.0,3,6.0,,,
135_PER,135,Peru,Peru,PER,Peru,1998,-1.0,1,2,4.0,3,6.0,,,
135_PER,135,Peru,Peru,PER,Peru,1999,-1.0,1,2,4.0,3,6.0,,,
135_PER,135,Peru,Peru,PER,Peru,2000,4.0,-88,-88,-88.0,-88,-88.0,,,3.0
135_PER,135,Peru,Peru,PER,Peru,2001,9.0,9,0,8.0,7,9.0,1.0,,3.0
135_PER,135,Peru,Peru,PER,Peru,2002,9.0,9,0,8.0,7,9.0,,,
135_PER,135,Peru,Peru,PER,Peru,2003,9.0,9,0,8.0,7,9.0,,,
135_PER,135,Peru,Peru,PER,Peru,2004,9.0,9,0,8.0,7,9.0,,,
135_PER,135,Peru,Peru,PER,Peru,2005,9.0,9,0,8.0,7,9.0,,,
135_PER,135,Peru,Peru,PER,Peru,2006,9.0,9,0,8.0,7,9.0,,,
135_PER,135,Peru,Peru,PER,Peru,2007,9.0,9,0,8.0,7,9.0,,,
135_PER,135,Peru,Peru,PER,Peru,2008,9.0,9,0,8.0,7,9.0,,,
135_PER,135,Peru,Peru,PER,Peru,2009,9.0,9,0,8.0,7,9.0,,,
135_PER,135,Peru,Peru,PER,Peru,2010,9.0,9,0,8.0,7,9.0,,,
135_PER,135,Peru,Peru,PER,Peru,2011,9.0,9,0,8.0,7,9.0,,,
135_PER,135,Peru,Peru,PER,Peru,2012,9.0,9,0,8.0,7,9.0,,,
135_PER,135,Peru,Peru,PER,Peru,2013,9.0,9,0,8.0,7,9.0,,,
135_PER,135,Peru,Peru,PER,Peru,2014,9.0,9,0,8.0,7,9.0,,,
135_PER,135,Peru,Peru,PER,Peru,2015,9.0,9,0,8.0,7,9.0,,,
135_PER,135,Peru,Peru,PER,Peru,2016,9.0,9,0,8.0,7,9.0,,,
135_PER,135,Peru,Peru,PER,Peru,2017,9.0,9,0,8.0,7,9.0,,,
135_PER,135,Peru,Peru,PER,Peru,2018,9.0,9,0,8.0,7,9.0,,,
140_BRA,140,Brazil,Brazil,BRA,Brazil,1971,-9.0,0,9,3.0,1,1.0,,,
140_BRA,140,Brazil,Brazil,BRA,Brazil,1972,-9.0,0,9,3.0,1,1.0,,,
140_BRA,140,Brazil,Brazil,BRA,Brazil,1973,-9.0,0,9,3.0,1,1.0,,,
140_BRA,140,Brazil,Brazil,BRA,Brazil,1974,-4.0,2,6,7.0,1,2.0,1.0,,1.0
140_BRA,140,Brazil,Brazil,BRA,Brazil,1975,-4.0,2,6,7.0,1,2.0,,,
140_BRA,140,Brazil,Brazil,BRA,Brazil,1976,-4.0,2,6,7.0,1,2.0,,,
140_BRA,140,Brazil,Brazil,BRA,Brazil,1977,-4.0,2,6,7.0,1,2.0,,,
140_BRA,140,Brazil,Brazil,BRA,Brazil,1978,-4.0,2,6,7.0,1,2.0,,,
140_BRA,140,Brazil,Brazil,BRA,Brazil,1979,-4.0,2,6,7.0,1,2.0,,,
140_BRA,140,Brazil,Brazil,BRA,Brazil,1980,-4.0,2,6,7.0,1,2.0,,,
140_BRA,140,Brazil,Brazil,BRA,Brazil,1981,-4.0,2,6,7.0,1,2.0,,,
140_BRA,140,Brazil,Brazil,BRA,Brazil,1982,-3.0,2,5,7.0,2,2.0,1.0,,0.0
140_BRA,140,Brazil,Brazil,BRA,Brazil,1983,-3.0,2,5,7.0,2,2.0,,,
140_BRA,140,Brazil,Brazil,BRA,Brazil,1984,-3.0,2,5,7.0,2,2.0,,,
140_BRA,140,Brazil,Brazil,BRA,Brazil,1985,7.0,7,0,8.0,5,9.0,1.0,,3.0
140_BRA,140,Brazil,Brazil,BRA,Brazil,1986,7.0,7,0,8.0,5,9.0,,,
140_BRA,140,Brazil,Brazil,BRA,Brazil,1987,7.0,7,0,8.0,5,9.0,,,
140_BRA,140,Brazil,Brazil,BRA,Brazil,1988,8.0,8,0,8.0,6,9.0,1.0,,0.0
140_BRA,140,Brazil,Brazil,BRA,Brazil,1989,8.0,8,0,8.0,6,9.0,,,
140_BRA,140,Brazil,Brazil,BRA,Brazil,1990,8.0,8,0,8.0,6,9.0,,,
140_BRA,140,Brazil,Brazil,BRA,Brazil,1991,8.0,8,0,8.0,6,9.0,,,
140_BRA,140,Brazil,Brazil,BRA,Brazil,1992,8.0,8,0,8.0,6,9.0,,,
140_BRA,140,Brazil,Brazil,BRA,Brazil,1993,8.0,8,0,8.0,6,9.0,,,
140_BRA,140,Brazil,Brazil,BRA,Brazil,1994,8.0,8,0,8.0,6,9.0,,,
140_BRA,140,Brazil,Brazil,BRA,Brazil,1995,8.0,8,0,8.0,6,9.0,,,
140_BRA,140,Brazil,Brazil,BRA,Brazil,1996,8.0,8,0,8.0,6,9.0,,,
140_BRA,140,Brazil,Brazil,BRA,Brazil,1997,8.0,8,0,8.0,6,9.0,,,
140_BRA,140,Brazil,Brazil,BRA,Brazil,1998,8.0,8,0,8.0,6,9.0,,,
140_BRA,140,Brazil,Brazil,BRA,Brazil,1999,8.0,8,0,8.0,6,9.0,,,
140_BRA,140,Brazil,Brazil,BRA,Brazil,2000,8.0,8,0,8.0,6,9.0,,,
140_BRA,140,Brazil,Brazil,BRA,Brazil,2001,8.0,8,0,8.0,6,9.0,,,
140_BRA,140,Brazil,Brazil,BRA,Brazil,2002,8.0,8,0,8.0,6,9.0,,,
140_BRA,140,Brazil,Brazil,BRA,Brazil,2003,8.0,8,0,8.0,6,9.0,,,
140_BRA,140,Brazil,Brazil,BRA,Brazil,2004,8.0,8,0,8.0,6,9.0,,,
140_BRA,140,Brazil,Brazil,BRA,Brazil,2005,8.0,8,0,8.0,6,9.0,,,
140_BRA,140,Brazil,Brazil,BRA,Brazil,2006,8.0,8,0,8.0,6,9.0,,,
140_BRA,140,Brazil,Brazil,BRA,Brazil,2007,8.0,8,0,8.0,6,9.0,,,
140_BRA,140,Brazil,Brazil,BRA,Brazil,2008,8.0,8,0,8.0,6,9.0,,,
140_BRA,140,Brazil,Brazil,BRA,Brazil,2009,8.0,8,0,8.0,6,9.0,,,
140_BRA,140,Brazil,Brazil,BRA,Brazil,2010,8.0,8,0,8.0,6,9.0,,,
140_BRA,140,Brazil,Brazil,BRA,Brazil,2011,8.0,8,0,8.0,6,9.0,,,
140_BRA,140,Brazil,Brazil,BRA,Brazil,2012,8.0,8,0,8.0,6,9.0,,,
140_BRA,140,Brazil,Brazil,BRA,Brazil,2013,8.0,8,0,8.0,6,9.0,,,
140_BRA,140,Brazil,Brazil,BRA,Brazil,2014,8.0,8,0,8.0,6,9.0,,,
140_BRA,140,Brazil,Brazil,BRA,Brazil,2015,8.0,8,0,8.0,6,9.0,,,
140_BRA,140,Brazil,Brazil,BRA,Brazil,2016,8.0,8,0,8.0,6,9.0,,,
140_BRA,140,Brazil,Brazil,BRA,Brazil,2017,8.0,8,0,8.0,6,9.0,,,
140_BRA,140,Brazil,Brazil,BRA,Brazil,2018,8.0,8,0,8.0,6,9.0,,,
145_BOL,145,Bolivia,Bolivia,BOL,Bolivia,1971,-7.0,0,7,4.0,1,1.0,1.0,,-2.0
145_BOL,145,Bolivia,Bolivia,BOL,Bolivia,1972,-7.0,0,7,4.0,1,1.0,,,
145_BOL,145,Bolivia,Bolivia,BOL,Bolivia,1973,-7.0,0,7,4.0,1,1.0,,,
145_BOL,145,Bolivia,Bolivia,BOL,Bolivia,1974,-7.0,0,7,4.0,1,1.0,,,
145_BOL,145,Bolivia,Bolivia,BOL,Bolivia,1975,-7.0,0,7,4.0,1,1.0,,,
145_BOL,145,Bolivia,Bolivia,BOL,Bolivia,1976,-7.0,0,7,4.0,1,1.0,,,
145_BOL,145,Bolivia,Bolivia,BOL,Bolivia,1977,-7.0,0,7,4.0,1,1.0,,,
145_BOL,145,Bolivia,Bolivia,BOL,Bolivia,1978,-4.0,0,4,5.0,2,3.0,1.0,,1.0
145_BOL,145,Bolivia,Bolivia,BOL,Bolivia,1979,-4.0,0,4,5.0,2,3.0,,,
145_BOL,145,Bolivia,Bolivia,BOL,Bolivia,1980,-7.0,0,7,4.0,1,1.0,1.0,,-1.0
145_BOL,145,Bolivia,Bolivia,BOL,Bolivia,1981,-7.0,0,7,4.0,1,1.0,,,
145_BOL,145,Bolivia,Bolivia,BOL,Bolivia,1982,7.0,7,0,7.0,7,7.0,,,3.0
145_BOL,145,Bolivia,Bolivia,BOL,Bolivia,1983,7.0,7,0,7.0,7,7.0,,,3.0
145_BOL,145,Bolivia,Bolivia,BOL,Bolivia,1984,7.0,7,0,7.0,7,7.0,,,3.0
145_BOL,145,Bolivia,Bolivia,BOL,Bolivia,1985,9.0,9,0,8.0,7,9.0,1.0,,3.0
145_BOL,145,Bolivia,Bolivia,BOL,Bolivia,1986,9.0,9,0,8.0,7,9.0,,,
145_BOL,145,Bolivia,Bolivia,BOL,Bolivia,1987,9.0,9,0,8.0,7,9.0,,,
145_BOL,145,Bolivia,Bolivia,BOL,Bolivia,1988,9.0,9,0,8.0,7,9.0,,,
145_BOL,145,Bolivia,Bolivia,BOL,Bolivia,1989,9.0,9,0,8.0,7,9.0,,,
145_BOL,145,Bolivia,Bolivia,BOL,Bolivia,1990,9.0,9,0,8.0,7,9.0,,,
145_BOL,145,Bolivia,Bolivia,BOL,Bolivia,1991,9.0,9,0,8.0,7,9.0,,,
145_BOL,145,Bolivia,Bolivia,BOL,Bolivia,1992,9.0,9,0,8.0,7,9.0,,,
145_BOL,145,Bolivia,Bolivia,BOL,Bolivia,1993,9.0,9,0,8.0,7,9.0,,,
145_BOL,145,Bolivia,Bolivia,BOL,Bolivia,1994,9.0,9,0,8.0,7,9.0,,,
145_BOL,145,Bolivia,Bolivia,BOL,Bolivia,1995,9.0,9,0,8.0,7,9.0,,,
145_BOL,145,Bolivia,Bolivia,BOL,Bolivia,1996,9.0,9,0,8.0,7,9.0,,,
145_BOL,145,Bolivia,Bolivia,BOL,Bolivia,1997,9.0,9,0,8.0,7,9.0,,,
145_BOL,145,Bolivia,Bolivia,BOL,Bolivia,1998,9.0,9,0,8.0,7,9.0,,,
145_BOL,145,Bolivia,Bolivia,BOL,Bolivia,1999,9.0,9,0,8.0,7,9.0,,,
145_BOL,145,Bolivia,Bolivia,BOL,Bolivia,2000,9.0,9,0,8.0,7,9.0,,,
145_BOL,145,Bolivia,Bolivia,BOL,Bolivia,2001,9.0,9,0,8.0,7,9.0,,,
145_BOL,145,Bolivia,Bolivia,BOL,Bolivia,2002,9.0,9,0,8.0,7,9.0,,,
145_BOL,145,Bolivia,Bolivia,BOL,Bolivia,2003,8.0,8,0,8.0,7,7.0,1.0,,0.0
145_BOL,145,Bolivia,Bolivia,BOL,Bolivia,2004,8.0,8,0,8.0,7,7.0,,,
145_BOL,145,Bolivia,Bolivia,BOL,Bolivia,2005,8.0,8,0,8.0,7,7.0,,,
145_BOL,145,Bolivia,Bolivia,BOL,Bolivia,2006,8.0,8,0,8.0,7,7.0,,,
145_BOL,145,Bolivia,Bolivia,BOL,Bolivia,2007,8.0,8,0,8.0,7,7.0,,,
145_BOL,145,Bolivia,Bolivia,BOL,Bolivia,2008,8.0,8,0,8.0,7,7.0,,,
145_BOL,145,Bolivia,Bolivia,BOL,Bolivia,2009,7.0,7,0,8.0,6,7.0,1.0,,0.0
145_BOL,145,Bolivia,Bolivia,BOL,Bolivia,2010,7.0,7,0,8.0,6,7.0,,,
145_BOL,145,Bolivia,Bolivia,BOL,Bolivia,2011,7.0,7,0,8.0,6,7.0,,,
145_BOL,145,Bolivia,Bolivia,BOL,Bolivia,2012,7.0,7,0,8.0,6,7.0,,,
145_BOL,145,Bolivia,Bolivia,BOL,Bolivia,2013,7.0,7,0,8.0,6,7.0,,,
145_BOL,145,Bolivia,Bolivia,BOL,Bolivia,2014,7.0,7,0,8.0,6,7.0,,,
145_BOL,145,Bolivia,Bolivia,BOL,Bolivia,2015,7.0,7,0,8.0,6,7.0,,,
145_BOL,145,Bolivia,Bolivia,BOL,Bolivia,2016,7.0,7,0,8.0,6,7.0,,,
145_BOL,145,Bolivia,Bolivia,BOL,Bolivia,2017,7.0,7,0,8.0,6,7.0,,,
145_BOL,145,Bolivia,Bolivia,BOL,Bolivia,2018,7.0,7,0,8.0,6,7.0,,,
150_PRY,150,Paraguay,Paraguay,PRY,Paraguay,1971,-8.0,0,8,3.0,1,2.0,,,
150_PRY,150,Paraguay,Paraguay,PRY,Paraguay,1972,-8.0,0,8,3.0,1,2.0,,,
150_PRY,150,Paraguay,Paraguay,PRY,Paraguay,1973,-8.0,0,8,3.0,1,2.0,,,
150_PRY,150,Paraguay,Paraguay,PRY,Paraguay,1974,-8.0,0,8,3.0,1,2.0,,,
150_PRY,150,Paraguay,Paraguay,PRY,Paraguay,1975,-8.0,0,8,3.0,1,2.0,,,
150_PRY,150,Paraguay,Paraguay,PRY,Paraguay,1976,-8.0,0,8,3.0,1,2.0,,,
150_PRY,150,Paraguay,Paraguay,PRY,Paraguay,1977,-8.0,0,8,3.0,1,2.0,,,
150_PRY,150,Paraguay,Paraguay,PRY,Paraguay,1978,-8.0,0,8,3.0,1,2.0,,,
150_PRY,150,Paraguay,Paraguay,PRY,Paraguay,1979,-8.0,0,8,3.0,1,2.0,,,
150_PRY,150,Paraguay,Paraguay,PRY,Paraguay,1980,-8.0,0,8,3.0,1,2.0,,,
150_PRY,150,Paraguay,Paraguay,PRY,Paraguay,1981,-8.0,0,8,3.0,1,2.0,,,
150_PRY,150,Paraguay,Paraguay,PRY,Paraguay,1982,-8.0,0,8,3.0,1,2.0,,,
150_PRY,150,Paraguay,Paraguay,PRY,Paraguay,1983,-8.0,0,8,3.0,1,2.0,,,
150_PRY,150,Paraguay,Paraguay,PRY,Paraguay,1984,-8.0,0,8,3.0,1,2.0,,,
150_PRY,150,Paraguay,Paraguay,PRY,Paraguay,1985,-8.0,0,8,3.0,1,2.0,,,
150_PRY,150,Paraguay,Paraguay,PRY,Paraguay,1986,-8.0,0,8,3.0,1,2.0,,,
150_PRY,150,Paraguay,Paraguay,PRY,Paraguay,1987,-8.0,0,8,3.0,1,2.0,,,
150_PRY,150,Paraguay,Paraguay,PRY,Paraguay,1988,-8.0,0,8,3.0,1,2.0,,,
150_PRY,150,Paraguay,Paraguay,PRY,Paraguay,1989,2.0,3,1,7.0,3,7.0,1.0,,3.0
150_PRY,150,Paraguay,Paraguay,PRY,Paraguay,1990,2.0,3,1,7.0,3,7.0,,,
150_PRY,150,Paraguay,Paraguay,PRY,Paraguay,1991,2.0,3,1,7.0,3,7.0,,,
150_PRY,150,Paraguay,Paraguay,PRY,Paraguay,1992,7.0,7,0,7.0,7,7.0,1.0,,2.0
150_PRY,150,Paraguay,Paraguay,PRY,Paraguay,1993,7.0,7,0,7.0,7,7.0,,,
150_PRY,150,Paraguay,Paraguay,PRY,Paraguay,1994,7.0,7,0,7.0,7,7.0,,,
150_PRY,150,Paraguay,Paraguay,PRY,Paraguay,1995,7.0,7,0,7.0,7,7.0,,,
150_PRY,150,Paraguay,Paraguay,PRY,Paraguay,1996,7.0,7,0,7.0,7,7.0,,,
150_PRY,150,Paraguay,Paraguay,PRY,Paraguay,1997,7.0,7,0,7.0,7,7.0,,,
150_PRY,150,Paraguay,Paraguay,PRY,Paraguay,1998,6.0,6,0,7.0,6,7.0,1.0,,0.0
150_PRY,150,Paraguay,Paraguay,PRY,Paraguay,1999,7.0,7,0,7.0,7,7.0,1.0,,0.0
150_PRY,150,Paraguay,Paraguay,PRY,Paraguay,2000,7.0,7,0,7.0,7,7.0,,,
150_PRY,150,Paraguay,Paraguay,PRY,Paraguay,2001,7.0,7,0,7.0,7,7.0,,,
150_PRY,150,Paraguay,Paraguay,PRY,Paraguay,2002,7.0,7,0,7.0,7,7.0,,,
150_PRY,150,Paraguay,Paraguay,PRY,Paraguay,2003,8.0,8,0,8.0,7,7.0,1.0,,0.0
150_PRY,150,Paraguay,Paraguay,PRY,Paraguay,2004,8.0,8,0,8.0,7,7.0,,,
150_PRY,150,Paraguay,Paraguay,PRY,Paraguay,2005,8.0,8,0,8.0,7,7.0,,,
150_PRY,150,Paraguay,Paraguay,PRY,Paraguay,2006,8.0,8,0,8.0,7,7.0,,,
150_PRY,150,Paraguay,Paraguay,PRY,Paraguay,2007,8.0,8,0,8.0,7,7.0,,,
150_PRY,150,Paraguay,Paraguay,PRY,Paraguay,2008,8.0,9,1,8.0,7,8.0,1.0,,0.0
150_PRY,150,Paraguay,Paraguay,PRY,Paraguay,2009,8.0,9,1,8.0,7,8.0,,,
150_PRY,150,Paraguay,Paraguay,PRY,Paraguay,2010,8.0,9,1,8.0,7,8.0,,,
150_PRY,150,Paraguay,Paraguay,PRY,Paraguay,2011,8.0,9,1,8.0,7,8.0,,,
150_PRY,150,Paraguay,Paraguay,PRY,Paraguay,2012,8.0,9,1,8.0,7,8.0,,,
150_PRY,150,Paraguay,Paraguay,PRY,Paraguay,2013,9.0,9,0,8.0,7,9.0,1.0,,0.0
150_PRY,150,Paraguay,Paraguay,PRY,Paraguay,2014,9.0,9,0,8.0,7,9.0,,,
150_PRY,150,Paraguay,Paraguay,PRY,Paraguay,2015,9.0,9,0,8.0,7,9.0,,,
150_PRY,150,Paraguay,Paraguay,PRY,Paraguay,2016,9.0,9,0,8.0,7,9.0,,,
150_PRY,150,Paraguay,Paraguay,PRY,Paraguay,2017,9.0,9,0,8.0,7,9.0,,,
150_PRY,150,Paraguay,Paraguay,PRY,Paraguay,2018,9.0,9,0,8.0,7,9.0,,,
155_CHL,155,Chile,Chile,CHL,Chile,1971,6.0,6,0,8.0,5,7.0,,,
155_CHL,155,Chile,Chile,CHL,Chile,1972,6.0,6,0,8.0,5,7.0,,,
155_CHL,155,Chile,Chile,CHL,Chile,1973,-7.0,0,7,4.0,1,1.0,1.0,,-2.0
155_CHL,155,Chile,Chile,CHL,Chile,1974,-7.0,0,7,4.0,1,1.0,,,
155_CHL,155,Chile,Chile,CHL,Chile,1975,-7.0,0,7,4.0,1,1.0,,,
155_CHL,155,Chile,Chile,CHL,Chile,1976,-7.0,0,7,4.0,1,1.0,,,
155_CHL,155,Chile,Chile,CHL,Chile,1977,-7.0,0,7,4.0,1,1.0,,,
155_CHL,155,Chile,Chile,CHL,Chile,1978,-7.0,0,7,4.0,1,1.0,,,
155_CHL,155,Chile,Chile,CHL,Chile,1979,-7.0,0,7,4.0,1,1.0,,,
155_CHL,155,Chile,Chile,CHL,Chile,1980,-7.0,0,7,4.0,1,1.0,,,
155_CHL,155,Chile,Chile,CHL,Chile,1981,-7.0,0,7,5.0,1,1.0,,,0.0
155_CHL,155,Chile,Chile,CHL,Chile,1982,-7.0,0,7,5.0,1,1.0,,,0.0
155_CHL,155,Chile,Chile,CHL,Chile,1983,-6.0,0,6,5.0,1,2.0,1.0,,0.0
155_CHL,155,Chile,Chile,CHL,Chile,1984,-6.0,0,6,5.0,1,2.0,,,
155_CHL,155,Chile,Chile,CHL,Chile,1985,-6.0,0,6,5.0,1,2.0,,,
155_CHL,155,Chile,Chile,CHL,Chile,1986,-6.0,0,6,5.0,1,2.0,,,
155_CHL,155,Chile,Chile,CHL,Chile,1987,-6.0,0,6,5.0,1,2.0,,,
155_CHL,155,Chile,Chile,CHL,Chile,1988,-1.0,2,3,5.0,2,8.0,,,3.0
155_CHL,155,Chile,Chile,CHL,Chile,1989,8.0,8,0,7.0,7,9.0,1.0,,3.0
155_CHL,155,Chile,Chile,CHL,Chile,1990,8.0,8,0,7.0,7,9.0,,,
155_CHL,155,Chile,Chile,CHL,Chile,1991,8.0,8,0,7.0,7,9.0,,,
155_CHL,155,Chile,Chile,CHL,Chile,1992,8.0,8,0,7.0,7,9.0,,,
155_CHL,155,Chile,Chile,CHL,Chile,1993,8.0,8,0,7.0,7,9.0,,,
155_CHL,155,Chile,Chile,CHL,Chile,1994,8.0,8,0,7.0,7,9.0,,,
155_CHL,155,Chile,Chile,CHL,Chile,1995,8.0,8,0,7.0,7,9.0,,,
155_CHL,155,Chile,Chile,CHL,Chile,1996,8.0,8,0,7.0,7,9.0,,,
155_CHL,155,Chile,Chile,CHL,Chile,1997,8.0,8,0,7.0,7,9.0,,,
155_CHL,155,Chile,Chile,CHL,Chile,1998,8.0,8,0,7.0,7,9.0,,,
155_CHL,155,Chile,Chile,CHL,Chile,1999,8.0,8,0,7.0,7,9.0,,,
155_CHL,155,Chile,Chile,CHL,Chile,2000,9.0,9,0,8.0,7,9.0,1.0,,0.0
155_CHL,155,Chile,Chile,CHL,Chile,2001,9.0,9,0,8.0,7,9.0,,,
155_CHL,155,Chile,Chile,CHL,Chile,2002,9.0,9,0,8.0,7,9.0,,,
155_CHL,155,Chile,Chile,CHL,Chile,2003,9.0,9,0,8.0,7,9.0,,,
155_CHL,155,Chile,Chile,CHL,Chile,2004,9.0,9,0,8.0,7,9.0,,,
155_CHL,155,Chile,Chile,CHL,Chile,2005,9.0,9,0,8.0,7,9.0,,,
155_CHL,155,Chile,Chile,CHL,Chile,2006,10.0,10,0,8.0,7,10.0,1.0,,0.0
155_CHL,155,Chile,Chile,CHL,Chile,2007,10.0,10,0,8.0,7,10.0,,,
155_CHL,155,Chile,Chile,CHL,Chile,2008,10.0,10,0,8.0,7,10.0,,,
155_CHL,155,Chile,Chile,CHL,Chile,2009,10.0,10,0,8.0,7,10.0,,,
155_CHL,155,Chile,Chile,CHL,Chile,2010,10.0,10,0,8.0,7,10.0,,,
155_CHL,155,Chile,Chile,CHL,Chile,2011,10.0,10,0,8.0,7,10.0,,,
155_CHL,155,Chile,Chile,CHL,Chile,2012,10.0,10,0,8.0,7,10.0,,,
155_CHL,155,Chile,Chile,CHL,Chile,2013,10.0,10,0,8.0,7,10.0,,,
155_CHL,155,Chile,Chile,CHL,Chile,2014,10.0,10,0,8.0,7,10.0,,,
155_CHL,155,Chile,Chile,CHL,Chile,2015,10.0,10,0,8.0,7,10.0,,,
155_CHL,155,Chile,Chile,CHL,Chile,2016,10.0,10,0,8.0,7,10.0,,,
155_CHL,155,Chile,Chile,CHL,Chile,2017,10.0,10,0,8.0,7,10.0,,,
155_CHL,155,Chile,Chile,CHL,Chile,2018,10.0,10,0,8.0,7,10.0,,,
160_ARG,160,Argentina,Argentina,ARG,Argentina,1971,-9.0,0,9,3.0,1,1.0,,,
160_ARG,160,Argentina,Argentina,ARG,Argentina,1972,-9.0,0,9,3.0,1,1.0,,,
160_ARG,160,Argentina,Argentina,ARG,Argentina,1973,6.0,6,0,8.0,5,7.0,1.0,,3.0
160_ARG,160,Argentina,Argentina,ARG,Argentina,1974,6.0,6,0,8.0,5,7.0,,,
160_ARG,160,Argentina,Argentina,ARG,Argentina,1975,6.0,6,0,8.0,5,7.0,,,
160_ARG,160,Argentina,Argentina,ARG,Argentina,1976,-9.0,0,9,3.0,1,1.0,1.0,,-2.0
160_ARG,160,Argentina,Argentina,ARG,Argentina,1977,-9.0,0,9,3.0,1,1.0,,,
160_ARG,160,Argentina,Argentina,ARG,Argentina,1978,-9.0,0,9,3.0,1,1.0,,,
160_ARG,160,Argentina,Argentina,ARG,Argentina,1979,-9.0,0,9,3.0,1,1.0,,,
160_ARG,160,Argentina,Argentina,ARG,Argentina,1980,-9.0,0,9,3.0,1,1.0,,,
160_ARG,160,Argentina,Argentina,ARG,Argentina,1981,-8.0,0,8,3.0,1,2.0,,,3.0
160_ARG,160,Argentina,Argentina,ARG,Argentina,1982,-8.0,0,8,3.0,1,2.0,,,3.0
160_ARG,160,Argentina,Argentina,ARG,Argentina,1983,8.0,8,0,8.0,7,7.0,1.0,,3.0
160_ARG,160,Argentina,Argentina,ARG,Argentina,1984,8.0,8,0,8.0,7,7.0,,,
160_ARG,160,Argentina,Argentina,ARG,Argentina,1985,8.0,8,0,8.0,7,7.0,,,
160_ARG,160,Argentina,Argentina,ARG,Argentina,1986,8.0,8,0,8.0,7,7.0,,,
160_ARG,160,Argentina,Argentina,ARG,Argentina,1987,8.0,8,0,8.0,7,7.0,,,
160_ARG,160,Argentina,Argentina,ARG,Argentina,1988,8.0,8,0,8.0,7,7.0,,,
160_ARG,160,Argentina,Argentina,ARG,Argentina,1989,7.0,7,0,8.0,6,7.0,1.0,,0.0
160_ARG,160,Argentina,Argentina,ARG,Argentina,1990,7.0,7,0,8.0,5,9.0,,,
160_ARG,160,Argentina,Argentina,ARG,Argentina,1991,7.0,7,0,8.0,5,9.0,,,
160_ARG,160,Argentina,Argentina,ARG,Argentina,1992,7.0,7,0,8.0,5,9.0,,,
160_ARG,160,Argentina,Argentina,ARG,Argentina,1993,7.0,7,0,8.0,5,9.0,,,
160_ARG,160,Argentina,Argentina,ARG,Argentina,1994,7.0,7,0,8.0,5,9.0,,,
160_ARG,160,Argentina,Argentina,ARG,Argentina,1995,7.0,7,0,8.0,5,9.0,,,
160_ARG,160,Argentina,Argentina,ARG,Argentina,1996,7.0,7,0,8.0,5,9.0,,,
160_ARG,160,Argentina,Argentina,ARG,Argentina,1997,7.0,7,0,8.0,5,9.0,,,
160_ARG,160,Argentina,Argentina,ARG,Argentina,1998,7.0,7,0,8.0,5,9.0,,,
160_ARG,160,Argentina,Argentina,ARG,Argentina,1999,8.0,8,0,8.0,6,9.0,1.0,,0.0
160_ARG,160,Argentina,Argentina,ARG,Argentina,2000,8.0,8,0,8.0,6,9.0,,,
160_ARG,160,Argentina,Argentina,ARG,Argentina,2001,8.0,8,0,8.0,6,9.0,,,
160_ARG,160,Argentina,Argentina,ARG,Argentina,2002,8.0,8,0,8.0,6,9.0,,,
160_ARG,160,Argentina,Argentina,ARG,Argentina,2003,8.0,8,0,8.0,6,9.0,,,
160_ARG,160,Argentina,Argentina,ARG,Argentina,2004,8.0,8,0,8.0,6,9.0,,,
160_ARG,160,Argentina,Argentina,ARG,Argentina,2005,8.0,8,0,8.0,6,9.0,,,
160_ARG,160,Argentina,Argentina,ARG,Argentina,2006,8.0,8,0,8.0,6,9.0,,,
160_ARG,160,Argentina,Argentina,ARG,Argentina,2007,8.0,8,0,8.0,6,9.0,,,
160_ARG,160,Argentina,Argentina,ARG,Argentina,2008,8.0,8,0,8.0,6,9.0,,,
160_ARG,160,Argentina,Argentina,ARG,Argentina,2009,8.0,8,0,8.0,6,9.0,,,
160_ARG,160,Argentina,Argentina,ARG,Argentina,2010,8.0,8,0,8.0,6,9.0,,,
160_ARG,160,Argentina,Argentina,ARG,Argentina,2011,8.0,8,0,8.0,6,9.0,,,
160_ARG,160,Argentina,Argentina,ARG,Argentina,2012,8.0,8,0,8.0,6,9.0,,,
160_ARG,160,Argentina,Argentina,ARG,Argentina,2013,8.0,8,0,8.0,6,9.0,,,
160_ARG,160,Argentina,Argentina,ARG,Argentina,2014,8.0,8,0,8.0,6,9.0,,,
160_ARG,160,Argentina,Argentina,ARG,Argentina,2015,9.0,9,0,8.0,7,9.0,1.0,,0.0
160_ARG,160,Argentina,Argentina,ARG,Argentina,2016,9.0,9,0,8.0,7,9.0,,,
160_ARG,160,Argentina,Argentina,ARG,Argentina,2017,9.0,9,0,8.0,7,9.0,,,
160_ARG,160,Argentina,Argentina,ARG,Argentina,2018,9.0,9,0,8.0,7,9.0,,,
165_URY,165,Uruguay,Uruguay,URY,Uruguay,1971,3.0,-88,-88,-88.0,-88,-88.0,,,-2.0
165_URY,165,Uruguay,Uruguay,URY,Uruguay,1972,-3.0,-88,-88,-88.0,-88,-88.0,,,-2.0
165_URY,165,Uruguay,Uruguay,URY,Uruguay,1973,-8.0,0,8,3.0,2,1.0,1.0,,-2.0
165_URY,165,Uruguay,Uruguay,URY,Uruguay,1974,-8.0,0,8,3.0,2,1.0,,,
165_URY,165,Uruguay,Uruguay,URY,Uruguay,1975,-8.0,0,8,3.0,2,1.0,,,
165_URY,165,Uruguay,Uruguay,URY,Uruguay,1976,-8.0,0,8,3.0,2,1.0,,,
165_URY,165,Uruguay,Uruguay,URY,Uruguay,1977,-8.0,0,8,3.0,2,1.0,,,
165_URY,165,Uruguay,Uruguay,URY,Uruguay,1978,-7.0,0,7,3.0,3,1.0,1.0,,0.0
165_URY,165,Uruguay,Uruguay,URY,Uruguay,1979,-7.0,0,7,3.0,3,1.0,,,
165_URY,165,Uruguay,Uruguay,URY,Uruguay,1980,-7.0,0,7,3.0,3,1.0,,,
165_URY,165,Uruguay,Uruguay,URY,Uruguay,1981,-7.0,0,7,3.0,3,1.0,,,
165_URY,165,Uruguay,Uruguay,URY,Uruguay,1982,-7.0,0,7,3.0,3,1.0,,,
165_URY,165,Uruguay,Uruguay,URY,Uruguay,1983,-7.0,0,7,3.0,3,1.0,,,
165_URY,165,Uruguay,Uruguay,URY,Uruguay,1984,-7.0,0,7,3.0,3,1.0,,,
165_URY,165,Uruguay,Uruguay,URY,Uruguay,1985,9.0,9,0,7.0,7,10.0,1.0,,3.0
165_URY,165,Uruguay,Uruguay,URY,Uruguay,1986,9.0,9,0,7.0,7,10.0,,,
165_URY,165,Uruguay,Uruguay,URY,Uruguay,1987,9.0,9,0,7.0,7,10.0,,,
165_URY,165,Uruguay,Uruguay,URY,Uruguay,1988,9.0,9,0,7.0,7,10.0,,,
165_URY,165,Uruguay,Uruguay,URY,Uruguay,1989,10.0,10,0,8.0,7,10.0,1.0,,0.0
165_URY,165,Uruguay,Uruguay,URY,Uruguay,1990,10.0,10,0,8.0,7,10.0,,,
165_URY,165,Uruguay,Uruguay,URY,Uruguay,1991,10.0,10,0,8.0,7,10.0,,,
165_URY,165,Uruguay,Uruguay,URY,Uruguay,1992,10.0,10,0,8.0,7,10.0,,,
165_URY,165,Uruguay,Uruguay,URY,Uruguay,1993,10.0,10,0,8.0,7,10.0,,,
165_URY,165,Uruguay,Uruguay,URY,Uruguay,1994,10.0,10,0,8.0,7,10.0,,,
165_URY,165,Uruguay,Uruguay,URY,Uruguay,1995,10.0,10,0,8.0,7,10.0,,,
165_URY,165,Uruguay,Uruguay,URY,Uruguay,1996,10.0,10,0,8.0,7,10.0,,,
165_URY,165,Uruguay,Uruguay,URY,Uruguay,1997,10.0,10,0,8.0,7,10.0,,,
165_URY,165,Uruguay,Uruguay,URY,Uruguay,1998,10.0,10,0,8.0,7,10.0,,,
165_URY,165,Uruguay,Uruguay,URY,Uruguay,1999,10.0,10,0,8.0,7,10.0,,,
165_URY,165,Uruguay,Uruguay,URY,Uruguay,2000,10.0,10,0,8.0,7,10.0,,,
165_URY,165,Uruguay,Uruguay,URY,Uruguay,2001,10.0,10,0,8.0,7,10.0,,,
165_URY,165,Uruguay,Uruguay,URY,Uruguay,2002,10.0,10,0,8.0,7,10.0,,,
165_URY,165,Uruguay,Uruguay,URY,Uruguay,2003,10.0,10,0,8.0,7,10.0,,,
165_URY,165,Uruguay,Uruguay,URY,Uruguay,2004,10.0,10,0,8.0,7,10.0,,,
165_URY,165,Uruguay,Uruguay,URY,Uruguay,2005,10.0,10,0,8.0,7,10.0,,,
165_URY,165,Uruguay,Uruguay,URY,Uruguay,2006,10.0,10,0,8.0,7,10.0,,,
165_URY,165,Uruguay,Uruguay,URY,Uruguay,2007,10.0,10,0,8.0,7,10.0,,,
165_URY,165,Uruguay,Uruguay,URY,Uruguay,2008,10.0,10,0,8.0,7,10.0,,,
165_URY,165,Uruguay,Uruguay,URY,Uruguay,2009,10.0,10,0,8.0,7,10.0,,,
165_URY,165,Uruguay,Uruguay,URY,Uruguay,2010,10.0,10,0,8.0,7,10.0,,,
165_URY,165,Uruguay,Uruguay,URY,Uruguay,2011,10.0,10,0,8.0,7,10.0,,,
165_URY,165,Uruguay,Uruguay,URY,Uruguay,2012,10.0,10,0,8.0,7,10.0,,,
165_URY,165,Uruguay,Uruguay,URY,Uruguay,2013,10.0,10,0,8.0,7,10.0,,,
165_URY,165,Uruguay,Uruguay,URY,Uruguay,2014,10.0,10,0,8.0,7,10.0,,,
165_URY,165,Uruguay,Uruguay,URY,Uruguay,2015,10.0,10,0,8.0,7,10.0,,,
165_URY,165,Uruguay,Uruguay,URY,Uruguay,2016,10.0,10,0,8.0,7,10.0,,,
165_URY,165,Uruguay,Uruguay,URY,Uruguay,2017,10.0,10,0,8.0,7,10.0,,,
165_URY,165,Uruguay,Uruguay,URY,Uruguay,2018,10.0,10,0,8.0,7,10.0,,,
200_GBR,200,United Kingdom,United Kingdom,GBR,United Kingdom,1971,10.0,10,0,8.0,7,10.0,,,
200_GBR,200,United Kingdom,United Kingdom,GBR,United Kingdom,1972,10.0,10,0,8.0,7,10.0,,,
200_GBR,200,United Kingdom,United Kingdom,GBR,United Kingdom,1973,10.0,10,0,8.0,7,10.0,,,
200_GBR,200,United Kingdom,United Kingdom,GBR,United Kingdom,1974,10.0,10,0,8.0,7,10.0,,,
200_GBR,200,United Kingdom,United Kingdom,GBR,United Kingdom,1975,10.0,10,0,8.0,7,10.0,,,
200_GBR,200,United Kingdom,United Kingdom,GBR,United Kingdom,1976,10.0,10,0,8.0,7,10.0,,,
200_GBR,200,United Kingdom,United Kingdom,GBR,United Kingdom,1977,10.0,10,0,8.0,7,10.0,,,
200_GBR,200,United Kingdom,United Kingdom,GBR,United Kingdom,1978,10.0,10,0,8.0,7,10.0,,,
200_GBR,200,United Kingdom,United Kingdom,GBR,United Kingdom,1979,10.0,10,0,8.0,7,10.0,,,
200_GBR,200,United Kingdom,United Kingdom,GBR,United Kingdom,1980,10.0,10,0,8.0,7,10.0,,,
200_GBR,200,United Kingdom,United Kingdom,GBR,United Kingdom,1981,10.0,10,0,8.0,7,10.0,,,
200_GBR,200,United Kingdom,United Kingdom,GBR,United Kingdom,1982,10.0,10,0,8.0,7,10.0,,,
200_GBR,200,United Kingdom,United Kingdom,GBR,United Kingdom,1983,10.0,10,0,8.0,7,10.0,,,
200_GBR,200,United Kingdom,United Kingdom,GBR,United Kingdom,1984,10.0,10,0,8.0,7,10.0,,,
200_GBR,200,United Kingdom,United Kingdom,GBR,United Kingdom,1985,10.0,10,0,8.0,7,10.0,,,
200_GBR,200,United Kingdom,United Kingdom,GBR,United Kingdom,1986,10.0,10,0,8.0,7,10.0,,,
200_GBR,200,United Kingdom,United Kingdom,GBR,United Kingdom,1987,10.0,10,0,8.0,7,10.0,,,
200_GBR,200,United Kingdom,United Kingdom,GBR,United Kingdom,1988,10.0,10,0,8.0,7,10.0,,,
200_GBR,200,United Kingdom,United Kingdom,GBR,United Kingdom,1989,10.0,10,0,8.0,7,10.0,,,
200_GBR,200,United Kingdom,United Kingdom,GBR,United Kingdom,1990,10.0,10,0,8.0,7,10.0,,,
200_GBR,200,United Kingdom,United Kingdom,GBR,United Kingdom,1991,10.0,10,0,8.0,7,10.0,,,
200_GBR,200,United Kingdom,United Kingdom,GBR,United Kingdom,1992,10.0,10,0,8.0,7,10.0,,,
200_GBR,200,United Kingdom,United Kingdom,GBR,United Kingdom,1993,10.0,10,0,8.0,7,10.0,,,
200_GBR,200,United Kingdom,United Kingdom,GBR,United Kingdom,1994,10.0,10,0,8.0,7,10.0,,,
200_GBR,200,United Kingdom,United Kingdom,GBR,United Kingdom,1995,10.0,10,0,8.0,7,10.0,,,
200_GBR,200,United Kingdom,United Kingdom,GBR,United Kingdom,1996,10.0,10,0,8.0,7,10.0,,,
200_GBR,200,United Kingdom,United Kingdom,GBR,United Kingdom,1997,10.0,10,0,8.0,7,10.0,,,
200_GBR,200,United Kingdom,United Kingdom,GBR,United Kingdom,1998,10.0,10,0,8.0,7,10.0,,,
200_GBR,200,United Kingdom,United Kingdom,GBR,United Kingdom,1999,10.0,10,0,8.0,7,10.0,,,
200_GBR,200,United Kingdom,United Kingdom,GBR,United Kingdom,2000,10.0,10,0,8.0,7,10.0,,,
200_GBR,200,United Kingdom,United Kingdom,GBR,United Kingdom,2001,10.0,10,0,8.0,7,10.0,,,
200_GBR,200,United Kingdom,United Kingdom,GBR,United Kingdom,2002,10.0,10,0,8.0,7,10.0,,,
200_GBR,200,United Kingdom,United Kingdom,GBR,United Kingdom,2003,10.0,10,0,8.0,7,10.0,,,
200_GBR,200,United Kingdom,United Kingdom,GBR,United Kingdom,2004,10.0,10,0,8.0,7,10.0,,,
200_GBR,200,United Kingdom,United Kingdom,GBR,United Kingdom,2005,10.0,10,0,8.0,7,10.0,,,
200_GBR,200,United Kingdom,United Kingdom,GBR,United Kingdom,2006,10.0,10,0,8.0,7,10.0,,,
200_GBR,200,United Kingdom,United Kingdom,GBR,United Kingdom,2007,10.0,10,0,8.0,7,10.0,,,
200_GBR,200,United Kingdom,United Kingdom,GBR,United Kingdom,2008,10.0,10,0,8.0,7,10.0,,,
200_GBR,200,United Kingdom,United Kingdom,GBR,United Kingdom,2009,10.0,10,0,8.0,7,10.0,,,
200_GBR,200,United Kingdom,United Kingdom,GBR,United Kingdom,2010,10.0,10,0,8.0,7,10.0,,,
200_GBR,200,United Kingdom,United Kingdom,GBR,United Kingdom,2011,10.0,10,0,8.0,7,10.0,,,
200_GBR,200,United Kingdom,United Kingdom,GBR,United Kingdom,2012,10.0,10,0,8.0,7,10.0,,,
200_GBR,200,United Kingdom,United Kingdom,GBR,United Kingdom,2013,10.0,10,0,8.0,7,10.0,,,
200_GBR,200,United Kingdom,United Kingdom,GBR,United Kingdom,2014,10.0,10,0,8.0,7,10.0,,,
200_GBR,200,United Kingdom,United Kingdom,GBR,United Kingdom,2015,10.0,10,0,8.0,7,10.0,,,
200_GBR,200,United Kingdom,United Kingdom,GBR,United Kingdom,2016,8.0,8,0,8.0,7,7.0,1.0,,0.0
200_GBR,200,United Kingdom,United Kingdom,GBR,United Kingdom,2017,8.0,8,0,8.0,7,7.0,,,
200_GBR,200,United Kingdom,United Kingdom,GBR,United Kingdom,2018,8.0,8,0,8.0,7,7.0,,,
205_IRL,205,Ireland,Ireland,IRL,Ireland,1971,10.0,10,0,8.0,7,10.0,,,
205_IRL,205,Ireland,Ireland,IRL,Ireland,1972,10.0,10,0,8.0,7,10.0,,,
205_IRL,205,Ireland,Ireland,IRL,Ireland,1973,10.0,10,0,8.0,7,10.0,,,
205_IRL,205,Ireland,Ireland,IRL,Ireland,1974,10.0,10,0,8.0,7,10.0,,,
205_IRL,205,Ireland,Ireland,IRL,Ireland,1975,10.0,10,0,8.0,7,10.0,,,
205_IRL,205,Ireland,Ireland,IRL,Ireland,1976,10.0,10,0,8.0,7,10.0,,,
205_IRL,205,Ireland,Ireland,IRL,Ireland,1977,10.0,10,0,8.0,7,10.0,,,
205_IRL,205,Ireland,Ireland,IRL,Ireland,1978,10.0,10,0,8.0,7,10.0,,,
205_IRL,205,Ireland,Ireland,IRL,Ireland,1979,10.0,10,0,8.0,7,10.0,,,
205_IRL,205,Ireland,Ireland,IRL,Ireland,1980,10.0,10,0,8.0,7,10.0,,,
205_IRL,205,Ireland,Ireland,IRL,Ireland,1981,10.0,10,0,8.0,7,10.0,,,
205_IRL,205,Ireland,Ireland,IRL,Ireland,1982,10.0,10,0,8.0,7,10.0,,,
205_IRL,205,Ireland,Ireland,IRL,Ireland,1983,10.0,10,0,8.0,7,10.0,,,
205_IRL,205,Ireland,Ireland,IRL,Ireland,1984,10.0,10,0,8.0,7,10.0,,,
205_IRL,205,Ireland,Ireland,IRL,Ireland,1985,10.0,10,0,8.0,7,10.0,,,
205_IRL,205,Ireland,Ireland,IRL,Ireland,1986,10.0,10,0,8.0,7,10.0,,,
205_IRL,205,Ireland,Ireland,IRL,Ireland,1987,10.0,10,0,8.0,7,10.0,,,
205_IRL,205,Ireland,Ireland,IRL,Ireland,1988,10.0,10,0,8.0,7,10.0,,,
205_IRL,205,Ireland,Ireland,IRL,Ireland,1989,10.0,10,0,8.0,7,10.0,,,
205_IRL,205,Ireland,Ireland,IRL,Ireland,1990,10.0,10,0,8.0,7,10.0,,,
205_IRL,205,Ireland,Ireland,IRL,Ireland,1991,10.0,10,0,8.0,7,10.0,,,
205_IRL,205,Ireland,Ireland,IRL,Ireland,1992,10.0,10,0,8.0,7,10.0,,,
205_IRL,205,Ireland,Ireland,IRL,Ireland,1993,10.0,10,0,8.0,7,10.0,,,
205_IRL,205,Ireland,Ireland,IRL,Ireland,1994,10.0,10,0,8.0,7,10.0,,,
205_IRL,205,Ireland,Ireland,IRL,Ireland,1995,10.0,10,0,8.0,7,10.0,,,
205_IRL,205,Ireland,Ireland,IRL,Ireland,1996,10.0,10,0,8.0,7,10.0,,,
205_IRL,205,Ireland,Ireland,IRL,Ireland,1997,10.0,10,0,8.0,7,10.0,,,
205_IRL,205,Ireland,Ireland,IRL,Ireland,1998,10.0,10,0,8.0,7,10.0,,,
205_IRL,205,Ireland,Ireland,IRL,Ireland,1999,10.0,10,0,8.0,7,10.0,,,
205_IRL,205,Ireland,Ireland,IRL,Ireland,2000,10.0,10,0,8.0,7,10.0,,,
205_IRL,205,Ireland,Ireland,IRL,Ireland,2001,10.0,10,0,8.0,7,10.0,,,
205_IRL,205,Ireland,Ireland,IRL,Ireland,2002,10.0,10,0,8.0,7,10.0,,,
205_IRL,205,Ireland,Ireland,IRL,Ireland,2003,10.0,10,0,8.0,7,10.0,,,
205_IRL,205,Ireland,Ireland,IRL,Ireland,2004,10.0,10,0,8.0,7,10.0,,,
205_IRL,205,Ireland,Ireland,IRL,Ireland,2005,10.0,10,0,8.0,7,10.0,,,
205_IRL,205,Ireland,Ireland,IRL,Ireland,2006,10.0,10,0,8.0,7,10.0,,,
205_IRL,205,Ireland,Ireland,IRL,Ireland,2007,10.0,10,0,8.0,7,10.0,,,
205_IRL,205,Ireland,Ireland,IRL,Ireland,2008,10.0,10,0,8.0,7,10.0,,,
205_IRL,205,Ireland,Ireland,IRL,Ireland,2009,10.0,10,0,8.0,7,10.0,,,
205_IRL,205,Ireland,Ireland,IRL,Ireland,2010,10.0,10,0,8.0,7,10.0,,,
205_IRL,205,Ireland,Ireland,IRL,Ireland,2011,10.0,10,0,8.0,7,10.0,,,
205_IRL,205,Ireland,Ireland,IRL,Ireland,2012,10.0,10,0,8.0,7,10.0,,,
205_IRL,205,Ireland,Ireland,IRL,Ireland,2013,10.0,10,0,8.0,7,10.0,,,
205_IRL,205,Ireland,Ireland,IRL,Ireland,2014,10.0,10,0,8.0,7,10.0,,,
205_IRL,205,Ireland,Ireland,IRL,Ireland,2015,10.0,10,0,8.0,7,10.0,,,
205_IRL,205,Ireland,Ireland,IRL,Ireland,2016,10.0,10,0,8.0,7,10.0,,,
205_IRL,205,Ireland,Ireland,IRL,Ireland,2017,10.0,10,0,8.0,7,10.0,,,
205_IRL,205,Ireland,Ireland,IRL,Ireland,2018,10.0,10,0,8.0,7,10.0,,,
20_CAN,20,Canada,Canada,CAN,Canada,1971,10.0,10,0,8.0,7,10.0,,,
20_CAN,20,Canada,Canada,CAN,Canada,1972,10.0,10,0,8.0,7,10.0,,,
20_CAN,20,Canada,Canada,CAN,Canada,1973,10.0,10,0,8.0,7,10.0,,,
20_CAN,20,Canada,Canada,CAN,Canada,1974,10.0,10,0,8.0,7,10.0,,,
20_CAN,20,Canada,Canada,CAN,Canada,1975,10.0,10,0,8.0,7,10.0,,,
20_CAN,20,Canada,Canada,CAN,Canada,1976,10.0,10,0,8.0,7,10.0,,,
20_CAN,20,Canada,Canada,CAN,Canada,1977,10.0,10,0,8.0,7,10.0,,,
20_CAN,20,Canada,Canada,CAN,Canada,1978,10.0,10,0,8.0,7,10.0,,,
20_CAN,20,Canada,Canada,CAN,Canada,1979,10.0,10,0,8.0,7,10.0,,,
20_CAN,20,Canada,Canada,CAN,Canada,1980,10.0,10,0,8.0,7,10.0,,,
20_CAN,20,Canada,Canada,CAN,Canada,1981,10.0,10,0,8.0,7,10.0,,,
20_CAN,20,Canada,Canada,CAN,Canada,1982,10.0,10,0,8.0,7,10.0,,,
20_CAN,20,Canada,Canada,CAN,Canada,1983,10.0,10,0,8.0,7,10.0,,,
20_CAN,20,Canada,Canada,CAN,Canada,1984,10.0,10,0,8.0,7,10.0,,,
20_CAN,20,Canada,Canada,CAN,Canada,1985,10.0,10,0,8.0,7,10.0,,,
20_CAN,20,Canada,Canada,CAN,Canada,1986,10.0,10,0,8.0,7,10.0,,,
20_CAN,20,Canada,Canada,CAN,Canada,1987,10.0,10,0,8.0,7,10.0,,,
20_CAN,20,Canada,Canada,CAN,Canada,1988,10.0,10,0,8.0,7,10.0,,,
20_CAN,20,Canada,Canada,CAN,Canada,1989,10.0,10,0,8.0,7,10.0,,,
20_CAN,20,Canada,Canada,CAN,Canada,1990,10.0,10,0,8.0,7,10.0,,,
20_CAN,20,Canada,Canada,CAN,Canada,1991,10.0,10,0,8.0,7,10.0,,,
20_CAN,20,Canada,Canada,CAN,Canada,1992,10.0,10,0,8.0,7,10.0,,,
20_CAN,20,Canada,Canada,CAN,Canada,1993,10.0,10,0,8.0,7,10.0,,,
20_CAN,20,Canada,Canada,CAN,Canada,1994,10.0,10,0,8.0,7,10.0,,,
20_CAN,20,Canada,Canada,CAN,Canada,1995,10.0,10,0,8.0,7,10.0,,,
20_CAN,20,Canada,Canada,CAN,Canada,1996,10.0,10,0,8.0,7,10.0,,,
20_CAN,20,Canada,Canada,CAN,Canada,1997,10.0,10,0,8.0,7,10.0,,,
20_CAN,20,Canada,Canada,CAN,Canada,1998,10.0,10,0,8.0,7,10.0,,,
20_CAN,20,Canada,Canada,CAN,Canada,1999,10.0,10,0,8.0,7,10.0,,,
20_CAN,20,Canada,Canada,CAN,Canada,2000,10.0,10,0,8.0,7,10.0,,,
20_CAN,20,Canada,Canada,CAN,Canada,2001,10.0,10,0,8.0,7,10.0,,,
20_CAN,20,Canada,Canada,CAN,Canada,2002,10.0,10,0,8.0,7,10.0,,,
20_CAN,20,Canada,Canada,CAN,Canada,2003,10.0,10,0,8.0,7,10.0,,,
20_CAN,20,Canada,Canada,CAN,Canada,2004,10.0,10,0,8.0,7,10.0,,,
20_CAN,20,Canada,Canada,CAN,Canada,2005,10.0,10,0,8.0,7,10.0,,,
20_CAN,20,Canada,Canada,CAN,Canada,2006,10.0,10,0,8.0,7,10.0,,,
20_CAN,20,Canada,Canada,CAN,Canada,2007,10.0,10,0,8.0,7,10.0,,,
20_CAN,20,Canada,Canada,CAN,Canada,2008,10.0,10,0,8.0,7,10.0,,,
20_CAN,20,Canada,Canada,CAN,Canada,2009,10.0,10,0,8.0,7,10.0,,,
20_CAN,20,Canada,Canada,CAN,Canada,2010,10.0,10,0,8.0,7,10.0,,,
20_CAN,20,Canada,Canada,CAN,Canada,2011,10.0,10,0,8.0,7,10.0,,,
20_CAN,20,Canada,Canada,CAN,Canada,2012,10.0,10,0,8.0,7,10.0,,,
20_CAN,20,Canada,Canada,CAN,Canada,2013,10.0,10,0,8.0,7,10.0,,,
20_CAN,20,Canada,Canada,CAN,Canada,2014,10.0,10,0,8.0,7,10.0,,,
20_CAN,20,Canada,Canada,CAN,Canada,2015,10.0,10,0,8.0,7,10.0,,,
20_CAN,20,Canada,Canada,CAN,Canada,2016,10.0,10,0,8.0,7,10.0,,,
20_CAN,20,Canada,Canada,CAN,Canada,2017,10.0,10,0,8.0,7,10.0,,,
20_CAN,20,Canada,Canada,CAN,Canada,2018,10.0,10,0,8.0,7,10.0,,,
210_NLD,210,Netherlands,Netherlands,NLD,Netherlands,1971,10.0,10,0,8.0,7,10.0,,,
210_NLD,210,Netherlands,Netherlands,NLD,Netherlands,1972,10.0,10,0,8.0,7,10.0,,,
210_NLD,210,Netherlands,Netherlands,NLD,Netherlands,1973,10.0,10,0,8.0,7,10.0,,,
210_NLD,210,Netherlands,Netherlands,NLD,Netherlands,1974,10.0,10,0,8.0,7,10.0,,,
210_NLD,210,Netherlands,Netherlands,NLD,Netherlands,1975,10.0,10,0,8.0,7,10.0,,,
210_NLD,210,Netherlands,Netherlands,NLD,Netherlands,1976,10.0,10,0,8.0,7,10.0,,,
210_NLD,210,Netherlands,Netherlands,NLD,Netherlands,1977,10.0,10,0,8.0,7,10.0,,,
210_NLD,210,Netherlands,Netherlands,NLD,Netherlands,1978,10.0,10,0,8.0,7,10.0,,,
210_NLD,210,Netherlands,Netherlands,NLD,Netherlands,1979,10.0,10,0,8.0,7,10.0,,,
210_NLD,210,Netherlands,Netherlands,NLD,Netherlands,1980,10.0,10,0,8.0,7,10.0,,,
210_NLD,210,Netherlands,Netherlands,NLD,Netherlands,1981,10.0,10,0,8.0,7,10.0,,,
210_NLD,210,Netherlands,Netherlands,NLD,Netherlands,1982,10.0,10,0,8.0,7,10.0,,,
210_NLD,210,Netherlands,Netherlands,NLD,Netherlands,1983,10.0,10,0,8.0,7,10.0,,,
210_NLD,210,Netherlands,Netherlands,NLD,Netherlands,1984,10.0,10,0,8.0,7,10.0,,,
210_NLD,210,Netherlands,Netherlands,NLD,Netherlands,1985,10.0,10,0,8.0,7,10.0,,,
210_NLD,210,Netherlands,Netherlands,NLD,Netherlands,1986,10.0,10,0,8.0,7,10.0,,,
210_NLD,210,Netherlands,Netherlands,NLD,Netherlands,1987,10.0,10,0,8.0,7,10.0,,,
210_NLD,210,Netherlands,Netherlands,NLD,Netherlands,1988,10.0,10,0,8.0,7,10.0,,,
210_NLD,210,Netherlands,Netherlands,NLD,Netherlands,1989,10.0,10,0,8.0,7,10.0,,,
210_NLD,210,Netherlands,Netherlands,NLD,Netherlands,1990,10.0,10,0,8.0,7,10.0,,,
210_NLD,210,Netherlands,Netherlands,NLD,Netherlands,1991,10.0,10,0,8.0,7,10.0,,,
210_NLD,210,Netherlands,Netherlands,NLD,Netherlands,1992,10.0,10,0,8.0,7,10.0,,,
210_NLD,210,Netherlands,Netherlands,NLD,Netherlands,1993,10.0,10,0,8.0,7,10.0,,,
210_NLD,210,Netherlands,Netherlands,NLD,Netherlands,1994,10.0,10,0,8.0,7,10.0,,,
210_NLD,210,Netherlands,Netherlands,NLD,Netherlands,1995,10.0,10,0,8.0,7,10.0,,,
210_NLD,210,Netherlands,Netherlands,NLD,Netherlands,1996,10.0,10,0,8.0,7,10.0,,,
210_NLD,210,Netherlands,Netherlands,NLD,Netherlands,1997,10.0,10,0,8.0,7,10.0,,,
210_NLD,210,Netherlands,Netherlands,NLD,Netherlands,1998,10.0,10,0,8.0,7,10.0,,,
210_NLD,210,Netherlands,Netherlands,NLD,Netherlands,1999,10.0,10,0,8.0,7,10.0,,,
210_NLD,210,Netherlands,Netherlands,NLD,Netherlands,2000,10.0,10,0,8.0,7,10.0,,,
210_NLD,210,Netherlands,Netherlands,NLD,Netherlands,2001,10.0,10,0,8.0,7,10.0,,,
210_NLD,210,Netherlands,Netherlands,NLD,Netherlands,2002,10.0,10,0,8.0,7,10.0,,,
210_NLD,210,Netherlands,Netherlands,NLD,Netherlands,2003,10.0,10,0,8.0,7,10.0,,,
210_NLD,210,Netherlands,Netherlands,NLD,Netherlands,2004,10.0,10,0,8.0,7,10.0,,,
210_NLD,210,Netherlands,Netherlands,NLD,Netherlands,2005,10.0,10,0,8.0,7,10.0,,,
210_NLD,210,Netherlands,Netherlands,NLD,Netherlands,2006,10.0,10,0,8.0,7,10.0,,,
210_NLD,210,Netherlands,Netherlands,NLD,Netherlands,2007,10.0,10,0,8.0,7,10.0,,,
210_NLD,210,Netherlands,Netherlands,NLD,Netherlands,2008,10.0,10,0,8.0,7,10.0,,,
210_NLD,210,Netherlands,Netherlands,NLD,Netherlands,2009,10.0,10,0,8.0,7,10.0,,,
210_NLD,210,Netherlands,Netherlands,NLD,Netherlands,2010,10.0,10,0,8.0,7,10.0,,,
210_NLD,210,Netherlands,Netherlands,NLD,Netherlands,2011,10.0,10,0,8.0,7,10.0,,,
210_NLD,210,Netherlands,Netherlands,NLD,Netherlands,2012,10.0,10,0,8.0,7,10.0,,,
210_NLD,210,Netherlands,Netherlands,NLD,Netherlands,2013,10.0,10,0,8.0,7,10.0,,,
210_NLD,210,Netherlands,Netherlands,NLD,Netherlands,2014,10.0,10,0,8.0,7,10.0,,,
210_NLD,210,Netherlands,Netherlands,NLD,Netherlands,2015,10.0,10,0,8.0,7,10.0,,,
210_NLD,210,Netherlands,Netherlands,NLD,Netherlands,2016,10.0,10,0,8.0,7,10.0,,,
210_NLD,210,Netherlands,Netherlands,NLD,Netherlands,2017,10.0,10,0,8.0,7,10.0,,,
210_NLD,210,Netherlands,Netherlands,NLD,Netherlands,2018,10.0,10,0,8.0,7,10.0,,,
211_BEL,211,Belgium,Belgium,BEL,Belgium,1971,10.0,10,0,8.0,7,10.0,,,
211_BEL,211,Belgium,Belgium,BEL,Belgium,1972,10.0,10,0,8.0,7,10.0,,,
211_BEL,211,Belgium,Belgium,BEL,Belgium,1973,10.0,10,0,8.0,7,10.0,,,
211_BEL,211,Belgium,Belgium,BEL,Belgium,1974,10.0,10,0,8.0,7,10.0,,,
211_BEL,211,Belgium,Belgium,BEL,Belgium,1975,10.0,10,0,8.0,7,10.0,,,
211_BEL,211,Belgium,Belgium,BEL,Belgium,1976,10.0,10,0,8.0,7,10.0,,,
211_BEL,211,Belgium,Belgium,BEL,Belgium,1977,10.0,10,0,8.0,7,10.0,,,
211_BEL,211,Belgium,Belgium,BEL,Belgium,1978,10.0,10,0,8.0,7,10.0,,,
211_BEL,211,Belgium,Belgium,BEL,Belgium,1979,10.0,10,0,8.0,7,10.0,,,
211_BEL,211,Belgium,Belgium,BEL,Belgium,1980,10.0,10,0,8.0,7,10.0,,,
211_BEL,211,Belgium,Belgium,BEL,Belgium,1981,10.0,10,0,8.0,7,10.0,,,
211_BEL,211,Belgium,Belgium,BEL,Belgium,1982,10.0,10,0,8.0,7,10.0,,,
211_BEL,211,Belgium,Belgium,BEL,Belgium,1983,10.0,10,0,8.0,7,10.0,,,
211_BEL,211,Belgium,Belgium,BEL,Belgium,1984,10.0,10,0,8.0,7,10.0,,,
211_BEL,211,Belgium,Belgium,BEL,Belgium,1985,10.0,10,0,8.0,7,10.0,,,
211_BEL,211,Belgium,Belgium,BEL,Belgium,1986,10.0,10,0,8.0,7,10.0,,,
211_BEL,211,Belgium,Belgium,BEL,Belgium,1987,10.0,10,0,8.0,7,10.0,,,
211_BEL,211,Belgium,Belgium,BEL,Belgium,1988,10.0,10,0,8.0,7,10.0,,,
211_BEL,211,Belgium,Belgium,BEL,Belgium,1989,10.0,10,0,8.0,7,10.0,,,
211_BEL,211,Belgium,Belgium,BEL,Belgium,1990,10.0,10,0,8.0,7,10.0,,,
211_BEL,211,Belgium,Belgium,BEL,Belgium,1991,10.0,10,0,8.0,7,10.0,,,
211_BEL,211,Belgium,Belgium,BEL,Belgium,1992,10.0,10,0,8.0,7,10.0,,,
211_BEL,211,Belgium,Belgium,BEL,Belgium,1993,10.0,10,0,8.0,7,10.0,,,
211_BEL,211,Belgium,Belgium,BEL,Belgium,1994,10.0,10,0,8.0,7,10.0,,,
211_BEL,211,Belgium,Belgium,BEL,Belgium,1995,10.0,10,0,8.0,7,10.0,,,
211_BEL,211,Belgium,Belgium,BEL,Belgium,1996,10.0,10,0,8.0,7,10.0,,,
211_BEL,211,Belgium,Belgium,BEL,Belgium,1997,10.0,10,0,8.0,7,10.0,,,
211_BEL,211,Belgium,Belgium,BEL,Belgium,1998,10.0,10,0,8.0,7,10.0,,,
211_BEL,211,Belgium,Belgium,BEL,Belgium,1999,10.0,10,0,8.0,7,10.0,,,
211_BEL,211,Belgium,Belgium,BEL,Belgium,2000,10.0,10,0,8.0,7,10.0,,,
211_BEL,211,Belgium,Belgium,BEL,Belgium,2001,10.0,10,0,8.0,7,10.0,,,
211_BEL,211,Belgium,Belgium,BEL,Belgium,2002,10.0,10,0,8.0,7,10.0,,,
211_BEL,211,Belgium,Belgium,BEL,Belgium,2003,10.0,10,0,8.0,7,10.0,,,
211_BEL,211,Belgium,Belgium,BEL,Belgium,2004,10.0,10,0,8.0,7,10.0,,,
211_BEL,211,Belgium,Belgium,BEL,Belgium,2005,10.0,10,0,8.0,7,10.0,,,
211_BEL,211,Belgium,Belgium,BEL,Belgium,2006,10.0,10,0,8.0,7,10.0,,,
211_BEL,211,Belgium,Belgium,BEL,Belgium,2007,8.0,8,0,8.0,7,7.0,1.0,,0.0
211_BEL,211,Belgium,Belgium,BEL,Belgium,2008,8.0,8,0,8.0,7,7.0,,,
211_BEL,211,Belgium,Belgium,BEL,Belgium,2009,8.0,8,0,8.0,7,7.0,,,
211_BEL,211,Belgium,Belgium,BEL,Belgium,2010,8.0,8,0,8.0,7,7.0,,,
211_BEL,211,Belgium,Belgium,BEL,Belgium,2011,8.0,8,0,8.0,7,7.0,,,
211_BEL,211,Belgium,Belgium,BEL,Belgium,2012,8.0,8,0,8.0,7,7.0,,,
211_BEL,211,Belgium,Belgium,BEL,Belgium,2013,8.0,8,0,8.0,7,7.0,,,
211_BEL,211,Belgium,Belgium,BEL,Belgium,2014,8.0,8,0,8.0,7,7.0,,,
211_BEL,211,Belgium,Belgium,BEL,Belgium,2015,8.0,8,0,8.0,7,7.0,,,
211_BEL,211,Belgium,Belgium,BEL,Belgium,2016,8.0,8,0,8.0,7,7.0,,,
211_BEL,211,Belgium,Belgium,BEL,Belgium,2017,8.0,8,0,8.0,7,7.0,,,
211_BEL,211,Belgium,Belgium,BEL,Belgium,2018,8.0,8,0,8.0,7,7.0,,,
212_LUX,212,Luxembourg,Luxembourg,LUX,Luxembourg,1971,10.0,10,0,8.0,7,10.0,,,
212_LUX,212,Luxembourg,Luxembourg,LUX,Luxembourg,1972,10.0,10,0,8.0,7,10.0,,,
212_LUX,212,Luxembourg,Luxembourg,LUX,Luxembourg,1973,10.0,10,0,8.0,7,10.0,,,
212_LUX,212,Luxembourg,Luxembourg,LUX,Luxembourg,1974,10.0,10,0,8.0,7,10.0,,,
212_LUX,212,Luxembourg,Luxembourg,LUX,Luxembourg,1975,10.0,10,0,8.0,7,10.0,,,
212_LUX,212,Luxembourg,Luxembourg,LUX,Luxembourg,1976,10.0,10,0,8.0,7,10.0,,,
212_LUX,212,Luxembourg,Luxembourg,LUX,Luxembourg,1977,10.0,10,0,8.0,7,10.0,,,
212_LUX,212,Luxembourg,Luxembourg,LUX,Luxembourg,1978,10.0,10,0,8.0,7,10.0,,,
212_LUX,212,Luxembourg,Luxembourg,LUX,Luxembourg,1979,10.0,10,0,8.0,7,10.0,,,
212_LUX,212,Luxembourg,Luxembourg,LUX,Luxembourg,1980,10.0,10,0,8.0,7,10.0,,,
212_LUX,212,Luxembourg,Luxembourg,LUX,Luxembourg,1981,10.0,10,0,8.0,7,10.0,,,
212_LUX,212,Luxembourg,Luxembourg,LUX,Luxembourg,1982,10.0,10,0,8.0,7,10.0,,,
212_LUX,212,Luxembourg,Luxembourg,LUX,Luxembourg,1983,10.0,10,0,8.0,7,10.0,,,
212_LUX,212,Luxembourg,Luxembourg,LUX,Luxembourg,1984,10.0,10,0,8.0,7,10.0,,,
212_LUX,212,Luxembourg,Luxembourg,LUX,Luxembourg,1985,10.0,10,0,8.0,7,10.0,,,
212_LUX,212,Luxembourg,Luxembourg,LUX,Luxembourg,1986,10.0,10,0,8.0,7,10.0,,,
212_LUX,212,Luxembourg,Luxembourg,LUX,Luxembourg,1987,10.0,10,0,8.0,7,10.0,,,
212_LUX,212,Luxembourg,Luxembourg,LUX,Luxembourg,1988,10.0,10,0,8.0,7,10.0,,,
212_LUX,212,Luxembourg,Luxembourg,LUX,Luxembourg,1989,10.0,10,0,8.0,7,10.0,,,
212_LUX,212,Luxembourg,Luxembourg,LUX,Luxembourg,1990,10.0,10,0,8.0,7,10.0,,,
212_LUX,212,Luxembourg,Luxembourg,LUX,Luxembourg,1991,10.0,10,0,8.0,7,10.0,,,
212_LUX,212,Luxembourg,Luxembourg,LUX,Luxembourg,1992,10.0,10,0,8.0,7,10.0,,,
212_LUX,212,Luxembourg,Luxembourg,LUX,Luxembourg,1993,10.0,10,0,8.0,7,10.0,,,
212_LUX,212,Luxembourg,Luxembourg,LUX,Luxembourg,1994,10.0,10,0,8.0,7,10.0,,,
212_LUX,212,Luxembourg,Luxembourg,LUX,Luxembourg,1995,10.0,10,0,8.0,7,10.0,,,
212_LUX,212,Luxembourg,Luxembourg,LUX,Luxembourg,1996,10.0,10,0,8.0,7,10.0,,,
212_LUX,212,Luxembourg,Luxembourg,LUX,Luxembourg,1997,10.0,10,0,8.0,7,10.0,,,
212_LUX,212,Luxembourg,Luxembourg,LUX,Luxembourg,1998,10.0,10,0,8.0,7,10.0,,,
212_LUX,212,Luxembourg,Luxembourg,LUX,Luxembourg,1999,10.0,10,0,8.0,7,10.0,,,
212_LUX,212,Luxembourg,Luxembourg,LUX,Luxembourg,2000,10.0,10,0,8.0,7,10.0,,,
212_LUX,212,Luxembourg,Luxembourg,LUX,Luxembourg,2001,10.0,10,0,8.0,7,10.0,,,
212_LUX,212,Luxembourg,Luxembourg,LUX,Luxembourg,2002,10.0,10,0,8.0,7,10.0,,,
212_LUX,212,Luxembourg,Luxembourg,LUX,Luxembourg,2003,10.0,10,0,8.0,7,10.0,,,
212_LUX,212,Luxembourg,Luxembourg,LUX,Luxembourg,2004,10.0,10,0,8.0,7,10.0,,,
212_LUX,212,Luxembourg,Luxembourg,LUX,Luxembourg,2005,10.0,10,0,8.0,7,10.0,,,
212_LUX,212,Luxembourg,Luxembourg,LUX,Luxembourg,2006,10.0,10,0,8.0,7,10.0,,,
212_LUX,212,Luxembourg,Luxembourg,LUX,Luxembourg,2007,10.0,10,0,8.0,7,10.0,,,
212_LUX,212,Luxembourg,Luxembourg,LUX,Luxembourg,2008,10.0,10,0,8.0,7,10.0,,,
212_LUX,212,Luxembourg,Luxembourg,LUX,Luxembourg,2009,10.0,10,0,8.0,7,10.0,,,
212_LUX,212,Luxembourg,Luxembourg,LUX,Luxembourg,2010,10.0,10,0,8.0,7,10.0,,,
212_LUX,212,Luxembourg,Luxembourg,LUX,Luxembourg,2011,10.0,10,0,8.0,7,10.0,,,
212_LUX,212,Luxembourg,Luxembourg,LUX,Luxembourg,2012,10.0,10,0,8.0,7,10.0,,,
212_LUX,212,Luxembourg,Luxembourg,LUX,Luxembourg,2013,10.0,10,0,8.0,7,10.0,,,
212_LUX,212,Luxembourg,Luxembourg,LUX,Luxembourg,2014,10.0,10,0,8.0,7,10.0,,,
212_LUX,212,Luxembourg,Luxembourg,LUX,Luxembourg,2015,10.0,10,0,8.0,7,10.0,,,
212_LUX,212,Luxembourg,Luxembourg,LUX,Luxembourg,2016,10.0,10,0,8.0,7,10.0,,,
212_LUX,212,Luxembourg,Luxembourg,LUX,Luxembourg,2017,10.0,10,0,8.0,7,10.0,,,
212_LUX,212,Luxembourg,Luxembourg,LUX,Luxembourg,2018,10.0,10,0,8.0,7,10.0,,,
220_FRA,220,France,France,FRA,France,1971,9.0,9,0,8.0,6,10.0,,,
220_FRA,220,France,France,FRA,France,1972,9.0,9,0,8.0,6,10.0,,,
220_FRA,220,France,France,FRA,France,1973,9.0,9,0,8.0,6,10.0,,,
220_FRA,220,France,France,FRA,France,1974,9.0,9,0,8.0,6,10.0,,,
220_FRA,220,France,France,FRA,France,1975,9.0,9,0,8.0,6,10.0,,,
220_FRA,220,France,France,FRA,France,1976,9.0,9,0,8.0,6,10.0,,,
220_FRA,220,France,France,FRA,France,1977,9.0,9,0,8.0,6,10.0,,,
220_FRA,220,France,France,FRA,France,1978,9.0,9,0,8.0,6,10.0,,,
220_FRA,220,France,France,FRA,France,1979,9.0,9,0,8.0,6,10.0,,,
220_FRA,220,France,France,FRA,France,1980,9.0,9,0,8.0,6,10.0,,,
220_FRA,220,France,France,FRA,France,1981,9.0,9,0,8.0,6,10.0,,,
220_FRA,220,France,France,FRA,France,1982,9.0,9,0,8.0,6,10.0,,,
220_FRA,220,France,France,FRA,France,1983,9.0,9,0,8.0,6,10.0,,,
220_FRA,220,France,France,FRA,France,1984,9.0,9,0,8.0,6,10.0,,,
220_FRA,220,France,France,FRA,France,1985,9.0,9,0,8.0,6,10.0,,,
220_FRA,220,France,France,FRA,France,1986,10.0,10,0,8.0,7,10.0,1.0,,0.0
220_FRA,220,France,France,FRA,France,1987,10.0,10,0,8.0,7,10.0,,,
220_FRA,220,France,France,FRA,France,1988,10.0,10,0,8.0,7,10.0,,,
220_FRA,220,France,France,FRA,France,1989,10.0,10,0,8.0,7,10.0,,,
220_FRA,220,France,France,FRA,France,1990,10.0,10,0,8.0,7,10.0,,,
220_FRA,220,France,France,FRA,France,1991,10.0,10,0,8.0,7,10.0,,,
220_FRA,220,France,France,FRA,France,1992,10.0,10,0,8.0,7,10.0,,,
220_FRA,220,France,France,FRA,France,1993,10.0,10,0,8.0,7,10.0,,,
220_FRA,220,France,France,FRA,France,1994,10.0,10,0,8.0,7,10.0,,,
220_FRA,220,France,France,FRA,France,1995,10.0,10,0,8.0,7,10.0,,,
220_FRA,220,France,France,FRA,France,1996,10.0,10,0,8.0,7,10.0,,,
220_FRA,220,France,France,FRA,France,1997,10.0,10,0,8.0,7,10.0,,,
220_FRA,220,France,France,FRA,France,1998,10.0,10,0,8.0,7,10.0,,,
220_FRA,220,France,France,FRA,France,1999,10.0,10,0,8.0,7,10.0,,,
220_FRA,220,France,France,FRA,France,2000,10.0,10,0,8.0,7,10.0,,,
220_FRA,220,France,France,FRA,France,2001,10.0,10,0,8.0,7,10.0,,,
220_FRA,220,France,France,FRA,France,2002,10.0,10,0,8.0,7,10.0,,,
220_FRA,220,France,France,FRA,France,2003,10.0,10,0,8.0,7,10.0,,,
220_FRA,220,France,France,FRA,France,2004,10.0,10,0,8.0,7,10.0,,,
220_FRA,220,France,France,FRA,France,2005,10.0,10,0,8.0,7,10.0,,,
220_FRA,220,France,France,FRA,France,2006,10.0,10,0,8.0,7,10.0,,,
220_FRA,220,France,France,FRA,France,2007,10.0,10,0,8.0,7,10.0,,,
220_FRA,220,France,France,FRA,France,2008,10.0,10,0,8.0,7,10.0,,,
220_FRA,220,France,France,FRA,France,2009,10.0,10,0,8.0,7,10.0,,,
220_FRA,220,France,France,FRA,France,2010,10.0,10,0,8.0,7,10.0,,,
220_FRA,220,France,France,FRA,France,2011,10.0,10,0,8.0,7,10.0,,,
220_FRA,220,France,France,FRA,France,2012,10.0,10,0,8.0,7,10.0,,,
220_FRA,220,France,France,FRA,France,2013,10.0,10,0,8.0,7,10.0,,,
220_FRA,220,France,France,FRA,France,2014,10.0,10,0,8.0,7,10.0,,,
220_FRA,220,France,France,FRA,France,2015,10.0,10,0,8.0,7,10.0,,,
220_FRA,220,France,France,FRA,France,2016,10.0,10,0,8.0,7,10.0,,,
220_FRA,220,France,France,FRA,France,2017,10.0,10,0,8.0,7,10.0,,,
220_FRA,220,France,France,FRA,France,2018,10.0,10,0,8.0,7,10.0,,,
225_CHE,225,Switzerland,Switzerland,CHE,Switzerland,1971,10.0,10,0,8.0,7,10.0,,,
225_CHE,225,Switzerland,Switzerland,CHE,Switzerland,1972,10.0,10,0,8.0,7,10.0,,,
225_CHE,225,Switzerland,Switzerland,CHE,Switzerland,1973,10.0,10,0,8.0,7,10.0,,,
225_CHE,225,Switzerland,Switzerland,CHE,Switzerland,1974,10.0,10,0,8.0,7,10.0,,,
225_CHE,225,Switzerland,Switzerland,CHE,Switzerland,1975,10.0,10,0,8.0,7,10.0,,,
225_CHE,225,Switzerland,Switzerland,CHE,Switzerland,1976,10.0,10,0,8.0,7,10.0,,,
225_CHE,225,Switzerland,Switzerland,CHE,Switzerland,1977,10.0,10,0,8.0,7,10.0,,,
225_CHE,225,Switzerland,Switzerland,CHE,Switzerland,1978,10.0,10,0,8.0,7,10.0,,,
225_CHE,225,Switzerland,Switzerland,CHE,Switzerland,1979,10.0,10,0,8.0,7,10.0,,,
225_CHE,225,Switzerland,Switzerland,CHE,Switzerland,1980,10.0,10,0,8.0,7,10.0,,,
225_CHE,225,Switzerland,Switzerland,CHE,Switzerland,1981,10.0,10,0,8.0,7,10.0,,,
225_CHE,225,Switzerland,Switzerland,CHE,Switzerland,1982,10.0,10,0,8.0,7,10.0,,,
225_CHE,225,Switzerland,Switzerland,CHE,Switzerland,1983,10.0,10,0,8.0,7,10.0,,,
225_CHE,225,Switzerland,Switzerland,CHE,Switzerland,1984,10.0,10,0,8.0,7,10.0,,,
225_CHE,225,Switzerland,Switzerland,CHE,Switzerland,1985,10.0,10,0,8.0,7,10.0,,,
225_CHE,225,Switzerland,Switzerland,CHE,Switzerland,1986,10.0,10,0,8.0,7,10.0,,,
225_CHE,225,Switzerland,Switzerland,CHE,Switzerland,1987,10.0,10,0,8.0,7,10.0,,,
225_CHE,225,Switzerland,Switzerland,CHE,Switzerland,1988,10.0,10,0,8.0,7,10.0,,,
225_CHE,225,Switzerland,Switzerland,CHE,Switzerland,1989,10.0,10,0,8.0,7,10.0,,,
225_CHE,225,Switzerland,Switzerland,CHE,Switzerland,1990,10.0,10,0,8.0,7,10.0,,,
225_CHE,225,Switzerland,Switzerland,CHE,Switzerland,1991,10.0,10,0,8.0,7,10.0,,,
225_CHE,225,Switzerland,Switzerland,CHE,Switzerland,1992,10.0,10,0,8.0,7,10.0,,,
225_CHE,225,Switzerland,Switzerland,CHE,Switzerland,1993,10.0,10,0,8.0,7,10.0,,,
225_CHE,225,Switzerland,Switzerland,CHE,Switzerland,1994,10.0,10,0,8.0,7,10.0,,,
225_CHE,225,Switzerland,Switzerland,CHE,Switzerland,1995,10.0,10,0,8.0,7,10.0,,,
225_CHE,225,Switzerland,Switzerland,CHE,Switzerland,1996,10.0,10,0,8.0,7,10.0,,,
225_CHE,225,Switzerland,Switzerland,CHE,Switzerland,1997,10.0,10,0,8.0,7,10.0,,,
225_CHE,225,Switzerland,Switzerland,CHE,Switzerland,1998,10.0,10,0,8.0,7,10.0,,,
225_CHE,225,Switzerland,Switzerland,CHE,Switzerland,1999,10.0,10,0,8.0,7,10.0,,,
225_CHE,225,Switzerland,Switzerland,CHE,Switzerland,2000,10.0,10,0,8.0,7,10.0,,,
225_CHE,225,Switzerland,Switzerland,CHE,Switzerland,2001,10.0,10,0,8.0,7,10.0,,,
225_CHE,225,Switzerland,Switzerland,CHE,Switzerland,2002,10.0,10,0,8.0,7,10.0,,,
225_CHE,225,Switzerland,Switzerland,CHE,Switzerland,2003,10.0,10,0,8.0,7,10.0,,,
225_CHE,225,Switzerland,Switzerland,CHE,Switzerland,2004,10.0,10,0,8.0,7,10.0,,,
225_CHE,225,Switzerland,Switzerland,CHE,Switzerland,2005,10.0,10,0,8.0,7,10.0,,,
225_CHE,225,Switzerland,Switzerland,CHE,Switzerland,2006,10.0,10,0,8.0,7,10.0,,,
225_CHE,225,Switzerland,Switzerland,CHE,Switzerland,2007,10.0,10,0,8.0,7,10.0,,,
225_CHE,225,Switzerland,Switzerland,CHE,Switzerland,2008,10.0,10,0,8.0,7,10.0,,,
225_CHE,225,Switzerland,Switzerland,CHE,Switzerland,2009,10.0,10,0,8.0,7,10.0,,,
225_CHE,225,Switzerland,Switzerland,CHE,Switzerland,2010,10.0,10,0,8.0,7,10.0,,,
225_CHE,225,Switzerland,Switzerland,CHE,Switzerland,2011,10.0,10,0,8.0,7,10.0,,,
225_CHE,225,Switzerland,Switzerland,CHE,Switzerland,2012,10.0,10,0,8.0,7,10.0,,,
225_CHE,225,Switzerland,Switzerland,CHE,Switzerland,2013,10.0,10,0,8.0,7,10.0,,,
225_CHE,225,Switzerland,Switzerland,CHE,Switzerland,2014,10.0,10,0,8.0,7,10.0,,,
225_CHE,225,Switzerland,Switzerland,CHE,Switzerland,2015,10.0,10,0,8.0,7,10.0,,,
225_CHE,225,Switzerland,Switzerland,CHE,Switzerland,2016,10.0,10,0,8.0,7,10.0,,,
225_CHE,225,Switzerland,Switzerland,CHE,Switzerland,2017,10.0,10,0,8.0,7,10.0,,,
225_CHE,225,Switzerland,Switzerland,CHE,Switzerland,2018,10.0,10,0,8.0,7,10.0,,,
230_ESP,230,Spain,Spain,ESP,Spain,1971,-7.0,0,7,4.0,1,1.0,,,
230_ESP,230,Spain,Spain,ESP,Spain,1972,-7.0,0,7,4.0,1,1.0,,,
230_ESP,230,Spain,Spain,ESP,Spain,1973,-7.0,0,7,4.0,1,1.0,,,
230_ESP,230,Spain,Spain,ESP,Spain,1974,-7.0,0,7,4.0,1,1.0,,,
230_ESP,230,Spain,Spain,ESP,Spain,1975,-3.0,-88,-88,-88.0,-88,-88.0,,,3.0
230_ESP,230,Spain,Spain,ESP,Spain,1976,1.0,-88,-88,-88.0,-88,-88.0,,,3.0
230_ESP,230,Spain,Spain,ESP,Spain,1977,5.0,-88,-88,-88.0,-88,-88.0,,,3.0
230_ESP,230,Spain,Spain,ESP,Spain,1978,9.0,9,0,8.0,7,9.0,1.0,,3.0
230_ESP,230,Spain,Spain,ESP,Spain,1979,9.0,9,0,8.0,7,9.0,,,
230_ESP,230,Spain,Spain,ESP,Spain,1980,9.0,9,0,8.0,7,9.0,,,
230_ESP,230,Spain,Spain,ESP,Spain,1981,9.0,9,0,8.0,7,9.0,,,
230_ESP,230,Spain,Spain,ESP,Spain,1982,10.0,10,0,8.0,7,10.0,1.0,,0.0
230_ESP,230,Spain,Spain,ESP,Spain,1983,10.0,10,0,8.0,7,10.0,,,
230_ESP,230,Spain,Spain,ESP,Spain,1984,10.0,10,0,8.0,7,10.0,,,
230_ESP,230,Spain,Spain,ESP,Spain,1985,10.0,10,0,8.0,7,10.0,,,
230_ESP,230,Spain,Spain,ESP,Spain,1986,10.0,10,0,8.0,7,10.0,,,
230_ESP,230,Spain,Spain,ESP,Spain,1987,10.0,10,0,8.0,7,10.0,,,
230_ESP,230,Spain,Spain,ESP,Spain,1988,10.0,10,0,8.0,7,10.0,,,
230_ESP,230,Spain,Spain,ESP,Spain,1989,10.0,10,0,8.0,7,10.0,,,
230_ESP,230,Spain,Spain,ESP,Spain,1990,10.0,10,0,8.0,7,10.0,,,
230_ESP,230,Spain,Spain,ESP,Spain,1991,10.0,10,0,8.0,7,10.0,,,
230_ESP,230,Spain,Spain,ESP,Spain,1992,10.0,10,0,8.0,7,10.0,,,
230_ESP,230,Spain,Spain,ESP,Spain,1993,10.0,10,0,8.0,7,10.0,,,
230_ESP,230,Spain,Spain,ESP,Spain,1994,10.0,10,0,8.0,7,10.0,,,
230_ESP,230,Spain,Spain,ESP,Spain,1995,10.0,10,0,8.0,7,10.0,,,
230_ESP,230,Spain,Spain,ESP,Spain,1996,10.0,10,0,8.0,7,10.0,,,
230_ESP,230,Spain,Spain,ESP,Spain,1997,10.0,10,0,8.0,7,10.0,,,
230_ESP,230,Spain,Spain,ESP,Spain,1998,10.0,10,0,8.0,7,10.0,,,
230_ESP,230,Spain,Spain,ESP,Spain,1999,10.0,10,0,8.0,7,10.0,,,
230_ESP,230,Spain,Spain,ESP,Spain,2000,10.0,10,0,8.0,7,10.0,,,
230_ESP,230,Spain,Spain,ESP,Spain,2001,10.0,10,0,8.0,7,10.0,,,
230_ESP,230,Spain,Spain,ESP,Spain,2002,10.0,10,0,8.0,7,10.0,,,
230_ESP,230,Spain,Spain,ESP,Spain,2003,10.0,10,0,8.0,7,10.0,,,
230_ESP,230,Spain,Spain,ESP,Spain,2004,10.0,10,0,8.0,7,10.0,,,
230_ESP,230,Spain,Spain,ESP,Spain,2005,10.0,10,0,8.0,7,10.0,,,
230_ESP,230,Spain,Spain,ESP,Spain,2006,10.0,10,0,8.0,7,10.0,,,
230_ESP,230,Spain,Spain,ESP,Spain,2007,10.0,10,0,8.0,7,10.0,,,
230_ESP,230,Spain,Spain,ESP,Spain,2008,10.0,10,0,8.0,7,10.0,,,
230_ESP,230,Spain,Spain,ESP,Spain,2009,10.0,10,0,8.0,7,10.0,,,
230_ESP,230,Spain,Spain,ESP,Spain,2010,10.0,10,0,8.0,7,10.0,,,
230_ESP,230,Spain,Spain,ESP,Spain,2011,10.0,10,0,8.0,7,10.0,,,
230_ESP,230,Spain,Spain,ESP,Spain,2012,10.0,10,0,8.0,7,10.0,,,
230_ESP,230,Spain,Spain,ESP,Spain,2013,10.0,10,0,8.0,7,10.0,,,
230_ESP,230,Spain,Spain,ESP,Spain,2014,10.0,10,0,8.0,7,10.0,,,
230_ESP,230,Spain,Spain,ESP,Spain,2015,10.0,10,0,8.0,7,10.0,,,
230_ESP,230,Spain,Spain,ESP,Spain,2016,10.0,10,0,8.0,7,10.0,,,
230_ESP,230,Spain,Spain,ESP,Spain,2017,10.0,10,0,8.0,7,10.0,,,
230_ESP,230,Spain,Spain,ESP,Spain,2018,10.0,10,0,8.0,7,10.0,,,
235_PRT,235,Portugal,Portugal,PRT,Portugal,1971,-9.0,0,9,3.0,1,1.0,,,
235_PRT,235,Portugal,Portugal,PRT,Portugal,1972,-9.0,0,9,3.0,1,1.0,,,
235_PRT,235,Portugal,Portugal,PRT,Portugal,1973,-9.0,0,9,3.0,1,1.0,,,
235_PRT,235,Portugal,Portugal,PRT,Portugal,1974,-3.0,-88,-88,-88.0,-88,-88.0,,,3.0
235_PRT,235,Portugal,Portugal,PRT,Portugal,1975,3.0,-88,-88,-88.0,-88,-88.0,,,3.0
235_PRT,235,Portugal,Portugal,PRT,Portugal,1976,9.0,9,0,8.0,6,10.0,1.0,,3.0
235_PRT,235,Portugal,Portugal,PRT,Portugal,1977,9.0,9,0,8.0,6,10.0,,,
235_PRT,235,Portugal,Portugal,PRT,Portugal,1978,9.0,9,0,8.0,6,10.0,,,
235_PRT,235,Portugal,Portugal,PRT,Portugal,1979,9.0,9,0,8.0,6,10.0,,,
235_PRT,235,Portugal,Portugal,PRT,Portugal,1980,9.0,9,0,8.0,6,10.0,,,
235_PRT,235,Portugal,Portugal,PRT,Portugal,1981,9.0,9,0,8.0,6,10.0,,,
235_PRT,235,Portugal,Portugal,PRT,Portugal,1982,10.0,10,0,8.0,7,10.0,1.0,,0.0
235_PRT,235,Portugal,Portugal,PRT,Portugal,1983,10.0,10,0,8.0,7,10.0,,,
235_PRT,235,Portugal,Portugal,PRT,Portugal,1984,10.0,10,0,8.0,7,10.0,,,
235_PRT,235,Portugal,Portugal,PRT,Portugal,1985,10.0,10,0,8.0,7,10.0,,,
235_PRT,235,Portugal,Portugal,PRT,Portugal,1986,10.0,10,0,8.0,7,10.0,,,
235_PRT,235,Portugal,Portugal,PRT,Portugal,1987,10.0,10,0,8.0,7,10.0,,,
235_PRT,235,Portugal,Portugal,PRT,Portugal,1988,10.0,10,0,8.0,7,10.0,,,
235_PRT,235,Portugal,Portugal,PRT,Portugal,1989,10.0,10,0,8.0,7,10.0,,,
235_PRT,235,Portugal,Portugal,PRT,Portugal,1990,10.0,10,0,8.0,7,10.0,,,
235_PRT,235,Portugal,Portugal,PRT,Portugal,1991,10.0,10,0,8.0,7,10.0,,,
235_PRT,235,Portugal,Portugal,PRT,Portugal,1992,10.0,10,0,8.0,7,10.0,,,
235_PRT,235,Portugal,Portugal,PRT,Portugal,1993,10.0,10,0,8.0,7,10.0,,,
235_PRT,235,Portugal,Portugal,PRT,Portugal,1994,10.0,10,0,8.0,7,10.0,,,
235_PRT,235,Portugal,Portugal,PRT,Portugal,1995,10.0,10,0,8.0,7,10.0,,,
235_PRT,235,Portugal,Portugal,PRT,Portugal,1996,10.0,10,0,8.0,7,10.0,,,
235_PRT,235,Portugal,Portugal,PRT,Portugal,1997,10.0,10,0,8.0,7,10.0,,,
235_PRT,235,Portugal,Portugal,PRT,Portugal,1998,10.0,10,0,8.0,7,10.0,,,
235_PRT,235,Portugal,Portugal,PRT,Portugal,1999,10.0,10,0,8.0,7,10.0,,,
235_PRT,235,Portugal,Portugal,PRT,Portugal,2000,10.0,10,0,8.0,7,10.0,,,
235_PRT,235,Portugal,Portugal,PRT,Portugal,2001,10.0,10,0,8.0,7,10.0,,,
235_PRT,235,Portugal,Portugal,PRT,Portugal,2002,10.0,10,0,8.0,7,10.0,,,
235_PRT,235,Portugal,Portugal,PRT,Portugal,2003,10.0,10,0,8.0,7,10.0,,,
235_PRT,235,Portugal,Portugal,PRT,Portugal,2004,10.0,10,0,8.0,7,10.0,,,
235_PRT,235,Portugal,Portugal,PRT,Portugal,2005,10.0,10,0,8.0,7,10.0,,,
235_PRT,235,Portugal,Portugal,PRT,Portugal,2006,10.0,10,0,8.0,7,10.0,,,
235_PRT,235,Portugal,Portugal,PRT,Portugal,2007,10.0,10,0,8.0,7,10.0,,,
235_PRT,235,Portugal,Portugal,PRT,Portugal,2008,10.0,10,0,8.0,7,10.0,,,
235_PRT,235,Portugal,Portugal,PRT,Portugal,2009,10.0,10,0,8.0,7,10.0,,,
235_PRT,235,Portugal,Portugal,PRT,Portugal,2010,10.0,10,0,8.0,7,10.0,,,
235_PRT,235,Portugal,Portugal,PRT,Portugal,2011,10.0,10,0,8.0,7,10.0,,,
235_PRT,235,Portugal,Portugal,PRT,Portugal,2012,10.0,10,0,8.0,7,10.0,,,
235_PRT,235,Portugal,Portugal,PRT,Portugal,2013,10.0,10,0,8.0,7,10.0,,,
235_PRT,235,Portugal,Portugal,PRT,Portugal,2014,10.0,10,0,8.0,7,10.0,,,
235_PRT,235,Portugal,Portugal,PRT,Portugal,2015,10.0,10,0,8.0,7,10.0,,,
235_PRT,235,Portugal,Portugal,PRT,Portugal,2016,10.0,10,0,8.0,7,10.0,,,
235_PRT,235,Portugal,Portugal,PRT,Portugal,2017,10.0,10,0,8.0,7,10.0,,,
235_PRT,235,Portugal,Portugal,PRT,Portugal,2018,10.0,10,0,8.0,7,10.0,,,
260_DEU,260,Germany West,Germany West,DEU,Germany,1971,10.0,10,0,8.0,7,10.0,,,
260_DEU,260,Germany West,Germany West,DEU,Germany,1972,10.0,10,0,8.0,7,10.0,,,
260_DEU,260,Germany West,Germany West,DEU,Germany,1973,10.0,10,0,8.0,7,10.0,,,
260_DEU,260,Germany West,Germany West,DEU,Germany,1974,10.0,10,0,8.0,7,10.0,,,
260_DEU,260,Germany West,Germany West,DEU,Germany,1975,10.0,10,0,8.0,7,10.0,,,
260_DEU,260,Germany West,Germany West,DEU,Germany,1976,10.0,10,0,8.0,7,10.0,,,
260_DEU,260,Germany West,Germany West,DEU,Germany,1977,10.0,10,0,8.0,7,10.0,,,
260_DEU,260,Germany West,Germany West,DEU,Germany,1978,10.0,10,0,8.0,7,10.0,,,
260_DEU,260,Germany West,Germany West,DEU,Germany,1979,10.0,10,0,8.0,7,10.0,,,
260_DEU,260,Germany West,Germany West,DEU,Germany,1980,10.0,10,0,8.0,7,10.0,,,
260_DEU,260,Germany West,Germany West,DEU,Germany,1981,10.0,10,0,8.0,7,10.0,,,
260_DEU,260,Germany West,Germany West,DEU,Germany,1982,10.0,10,0,8.0,7,10.0,,,
260_DEU,260,Germany West,Germany West,DEU,Germany,1983,10.0,10,0,8.0,7,10.0,,,
260_DEU,260,Germany West,Germany West,DEU,Germany,1984,10.0,10,0,8.0,7,10.0,,,
260_DEU,260,Germany West,Germany West,DEU,Germany,1985,10.0,10,0,8.0,7,10.0,,,
260_DEU,260,Germany West,Germany West,DEU,Germany,1986,10.0,10,0,8.0,7,10.0,,,
260_DEU,260,Germany West,Germany West,DEU,Germany,1987,10.0,10,0,8.0,7,10.0,,,
260_DEU,260,Germany West,Germany West,DEU,Germany,1988,10.0,10,0,8.0,7,10.0,,,
260_DEU,260,Germany West,Germany West,DEU,Germany,1989,10.0,10,0,8.0,7,10.0,,,
260_DEU,260,Germany West,Germany West,DEU,Germany,1990,10.0,10,0,8.0,7,10.0,1.0,,98.0
260_DEU,260,Germany West,Germany,DEU,Germany,1991,10.0,10,0,8.0,7,10.0,,,
260_DEU,260,Germany West,Germany,DEU,Germany,1992,10.0,10,0,8.0,7,10.0,,,
260_DEU,260,Germany West,Germany,DEU,Germany,1993,10.0,10,0,8.0,7,10.0,,,
260_DEU,260,Germany West,Germany,DEU,Germany,1994,10.0,10,0,8.0,7,10.0,,,
260_DEU,260,Germany West,Germany,DEU,Germany,1995,10.0,10,0,8.0,7,10.0,,,
260_DEU,260,Germany West,Germany,DEU,Germany,1996,10.0,10,0,8.0,7,10.0,,,
260_DEU,260,Germany West,Germany,DEU,Germany,1997,10.0,10,0,8.0,7,10.0,,,
260_DEU,260,Germany West,Germany,DEU,Germany,1998,10.0,10,0,8.0,7,10.0,,,
260_DEU,260,Germany West,Germany,DEU,Germany,1999,10.0,10,0,8.0,7,10.0,,,
260_DEU,260,Germany West,Germany,DEU,Germany,2000,10.0,10,0,8.0,7,10.0,,,
260_DEU,260,Germany West,Germany,DEU,Germany,2001,10.0,10,0,8.0,7,10.0,,,
260_DEU,260,Germany West,Germany,DEU,Germany,2002,10.0,10,0,8.0,7,10.0,,,
260_DEU,260,Germany West,Germany,DEU,Germany,2003,10.0,10,0,8.0,7,10.0,,,
260_DEU,260,Germany West,Germany,DEU,Germany,2004,10.0,10,0,8.0,7,10.0,,,
260_DEU,260,Germany West,Germany,DEU,Germany,2005,10.0,10,0,8.0,7,10.0,,,
260_DEU,260,Germany West,Germany,DEU,Germany,2006,10.0,10,0,8.0,7,10.0,,,
260_DEU,260,Germany West,Germany,DEU,Germany,2007,10.0,10,0,8.0,7,10.0,,,
260_DEU,260,Germany West,Germany,DEU,Germany,2008,10.0,10,0,8.0,7,10.0,,,
260_DEU,260,Germany West,Germany,DEU,Germany,2009,10.0,10,0,8.0,7,10.0,,,
260_DEU,260,Germany West,Germany,DEU,Germany,2010,10.0,10,0,8.0,7,10.0,,,
260_DEU,260,Germany West,Germany,DEU,Germany,2011,10.0,10,0,8.0,7,10.0,,,
260_DEU,260,Germany West,Germany,DEU,Germany,2012,10.0,10,0,8.0,7,10.0,,,
260_DEU,260,Germany West,Germany,DEU,Germany,2013,10.0,10,0,8.0,7,10.0,,,
260_DEU,260,Germany West,Germany,DEU,Germany,2014,10.0,10,0,8.0,7,10.0,,,
260_DEU,260,Germany West,Germany,DEU,Germany,2015,10.0,10,0,8.0,7,10.0,,,
260_DEU,260,Germany West,Germany,DEU,Germany,2016,10.0,10,0,8.0,7,10.0,,,
260_DEU,260,Germany West,Germany,DEU,Germany,2017,10.0,10,0,8.0,7,10.0,,,
260_DEU,260,Germany West,Germany,DEU,Germany,2018,10.0,10,0,8.0,7,10.0,,,
265_DEU,265,Germany East,Germany East,DEU,Germany,1971,-9.0,0,9,3.0,1,1.0,,,
265_DEU,265,Germany East,Germany East,DEU,Germany,1972,-9.0,0,9,3.0,1,1.0,,,
265_DEU,265,Germany East,Germany East,DEU,Germany,1973,-9.0,0,9,3.0,1,1.0,,,
265_DEU,265,Germany East,Germany East,DEU,Germany,1974,-9.0,0,9,3.0,1,1.0,,,
265_DEU,265,Germany East,Germany East,DEU,Germany,1975,-9.0,0,9,3.0,1,1.0,,,
265_DEU,265,Germany East,Germany East,DEU,Germany,1976,-9.0,0,9,3.0,1,1.0,,,
265_DEU,265,Germany East,Germany East,DEU,Germany,1977,-9.0,0,9,3.0,1,1.0,,,
265_DEU,265,Germany East,Germany East,DEU,Germany,1978,-9.0,0,9,3.0,1,1.0,,,
265_DEU,265,Germany East,Germany East,DEU,Germany,1979,-9.0,0,9,3.0,1,1.0,,,
265_DEU,265,Germany East,Germany East,DEU,Germany,1980,-9.0,0,9,3.0,1,1.0,,,
265_DEU,265,Germany East,Germany East,DEU,Germany,1981,-9.0,0,9,3.0,1,1.0,,,
265_DEU,265,Germany East,Germany East,DEU,Germany,1982,-9.0,0,9,3.0,1,1.0,,,
265_DEU,265,Germany East,Germany East,DEU,Germany,1983,-9.0,0,9,3.0,1,1.0,,,
265_DEU,265,Germany East,Germany East,DEU,Germany,1984,-9.0,0,9,3.0,1,1.0,,,
265_DEU,265,Germany East,Germany East,DEU,Germany,1985,-9.0,0,9,3.0,1,1.0,,,
265_DEU,265,Germany East,Germany East,DEU,Germany,1986,-9.0,0,9,3.0,1,1.0,,,
265_DEU,265,Germany East,Germany East,DEU,Germany,1987,-9.0,0,9,3.0,1,1.0,,,
265_DEU,265,Germany East,Germany East,DEU,Germany,1988,-9.0,0,9,3.0,1,1.0,,,
265_DEU,265,Germany East,Germany East,DEU,Germany,1989,,-88,-88,-88.0,-88,-88.0,,,0.0
265_DEU,265,Germany East,Germany East,DEU,Germany,1990,,-88,-88,-88.0,-88,-88.0,1.0,,98.0
265_DEU,265,Germany East,Germany,DEU,Germany,1991,10.0,10,0,8.0,7,10.0,,,
265_DEU,265,Germany East,Germany,DEU,Germany,1992,10.0,10,0,8.0,7,10.0,,,
265_DEU,265,Germany East,Germany,DEU,Germany,1993,10.0,10,0,8.0,7,10.0,,,
265_DEU,265,Germany East,Germany,DEU,Germany,1994,10.0,10,0,8.0,7,10.0,,,
265_DEU,265,Germany East,Germany,DEU,Germany,1995,10.0,10,0,8.0,7,10.0,,,
265_DEU,265,Germany East,Germany,DEU,Germany,1996,10.0,10,0,8.0,7,10.0,,,
265_DEU,265,Germany East,Germany,DEU,Germany,1997,10.0,10,0,8.0,7,10.0,,,
265_DEU,265,Germany East,Germany,DEU,Germany,1998,10.0,10,0,8.0,7,10.0,,,
265_DEU,265,Germany East,Germany,DEU,Germany,1999,10.0,10,0,8.0,7,10.0,,,
265_DEU,265,Germany East,Germany,DEU,Germany,2000,10.0,10,0,8.0,7,10.0,,,
265_DEU,265,Germany East,Germany,DEU,Germany,2001,10.0,10,0,8.0,7,10.0,,,
265_DEU,265,Germany East,Germany,DEU,Germany,2002,10.0,10,0,8.0,7,10.0,,,
265_DEU,265,Germany East,Germany,DEU,Germany,2003,10.0,10,0,8.0,7,10.0,,,
265_DEU,265,Germany East,Germany,DEU,Germany,2004,10.0,10,0,8.0,7,10.0,,,
265_DEU,265,Germany East,Germany,DEU,Germany,2005,10.0,10,0,8.0,7,10.0,,,
265_DEU,265,Germany East,Germany,DEU,Germany,2006,10.0,10,0,8.0,7,10.0,,,
265_DEU,265,Germany East,Germany,DEU,Germany,2007,10.0,10,0,8.0,7,10.0,,,
265_DEU,265,Germany East,Germany,DEU,Germany,2008,10.0,10,0,8.0,7,10.0,,,
265_DEU,265,Germany East,Germany,DEU,Germany,2009,10.0,10,0,8.0,7,10.0,,,
265_DEU,265,Germany East,Germany,DEU,Germany,2010,10.0,10,0,8.0,7,10.0,,,
265_DEU,265,Germany East,Germany,DEU,Germany,2011,10.0,10,0,8.0,7,10.0,,,
265_DEU,265,Germany East,Germany,DEU,Germany,2012,10.0,10,0,8.0,7,10.0,,,
265_DEU,265,Germany East,Germany,DEU,Germany,2013,10.0,10,0,8.0,7,10.0,,,
265_DEU,265,Germany East,Germany,DEU,Germany,2014,10.0,10,0,8.0,7,10.0,,,
265_DEU,265,Germany East,Germany,DEU,Germany,2015,10.0,10,0,8.0,7,10.0,,,
265_DEU,265,Germany East,Germany,DEU,Germany,2016,10.0,10,0,8.0,7,10.0,,,
265_DEU,265,Germany East,Germany,DEU,Germany,2017,10.0,10,0,8.0,7,10.0,,,
265_DEU,265,Germany East,Germany,DEU,Germany,2018,10.0,10,0,8.0,7,10.0,,,
290_POL,290,Poland,Poland,POL,Poland,1971,-7.0,0,7,3.0,3,1.0,,,
290_POL,290,Poland,Poland,POL,Poland,1972,-7.0,0,7,3.0,3,1.0,,,
290_POL,290,Poland,Poland,POL,Poland,1973,-7.0,0,7,3.0,3,1.0,,,
290_POL,290,Poland,Poland,POL,Poland,1974,-7.0,0,7,3.0,3,1.0,,,
290_POL,290,Poland,Poland,POL,Poland,1975,-7.0,0,7,3.0,3,1.0,,,
290_POL,290,Poland,Poland,POL,Poland,1976,-7.0,0,7,3.0,3,1.0,,,
290_POL,290,Poland,Poland,POL,Poland,1977,-7.0,0,7,3.0,3,1.0,,,
290_POL,290,Poland,Poland,POL,Poland,1978,-7.0,0,7,3.0,3,1.0,,,
290_POL,290,Poland,Poland,POL,Poland,1979,-7.0,0,7,3.0,3,1.0,,,
290_POL,290,Poland,Poland,POL,Poland,1980,-6.0,0,6,3.0,3,2.0,1.0,,0.0
290_POL,290,Poland,Poland,POL,Poland,1981,-8.0,0,8,3.0,2,1.0,1.0,,0.0
290_POL,290,Poland,Poland,POL,Poland,1982,-8.0,0,8,3.0,2,1.0,,,
290_POL,290,Poland,Poland,POL,Poland,1983,-7.0,0,7,3.0,3,1.0,1.0,,0.0
290_POL,290,Poland,Poland,POL,Poland,1984,-7.0,0,7,3.0,3,1.0,,,
290_POL,290,Poland,Poland,POL,Poland,1985,-7.0,0,7,3.0,3,1.0,,,
290_POL,290,Poland,Poland,POL,Poland,1986,-7.0,0,7,3.0,3,1.0,,,
290_POL,290,Poland,Poland,POL,Poland,1987,-6.0,0,6,3.0,3,2.0,1.0,,0.0
290_POL,290,Poland,Poland,POL,Poland,1988,-6.0,0,6,3.0,3,2.0,,,
290_POL,290,Poland,Poland,POL,Poland,1989,5.0,5,0,7.0,4,9.0,,,3.0
290_POL,290,Poland,Poland,POL,Poland,1990,5.0,5,0,7.0,4,9.0,,,3.0
290_POL,290,Poland,Poland,POL,Poland,1991,8.0,8,0,8.0,6,9.0,1.0,,3.0
290_POL,290,Poland,Poland,POL,Poland,1992,8.0,8,0,8.0,6,9.0,,,
290_POL,290,Poland,Poland,POL,Poland,1993,8.0,8,0,8.0,6,9.0,,,
290_POL,290,Poland,Poland,POL,Poland,1994,8.0,8,0,8.0,6,9.0,,,
290_POL,290,Poland,Poland,POL,Poland,1995,9.0,9,0,8.0,7,9.0,1.0,,0.0
290_POL,290,Poland,Poland,POL,Poland,1996,9.0,9,0,8.0,7,9.0,,,
290_POL,290,Poland,Poland,POL,Poland,1997,9.0,9,0,8.0,7,9.0,,,
290_POL,290,Poland,Poland,POL,Poland,1998,9.0,9,0,8.0,7,9.0,,,
290_POL,290,Poland,Poland,POL,Poland,1999,9.0,9,0,8.0,7,9.0,,,
290_POL,290,Poland,Poland,POL,Poland,2000,9.0,9,0,8.0,7,9.0,,,
290_POL,290,Poland,Poland,POL,Poland,2001,9.0,9,0,8.0,7,9.0,,,
290_POL,290,Poland,Poland,POL,Poland,2002,10.0,10,0,8.0,7,10.0,1.0,,0.0
290_POL,290,Poland,Poland,POL,Poland,2003,10.0,10,0,8.0,7,10.0,,,
290_POL,290,Poland,Poland,POL,Poland,2004,10.0,10,0,8.0,7,10.0,,,
290_POL,290,Poland,Poland,POL,Poland,2005,10.0,10,0,8.0,7,10.0,,,
290_POL,290,Poland,Poland,POL,Poland,2006,10.0,10,0,8.0,7,10.0,,,
290_POL,290,Poland,Poland,POL,Poland,2007,10.0,10,0,8.0,7,10.0,,,
290_POL,290,Poland,Poland,POL,Poland,2008,10.0,10,0,8.0,7,10.0,,,
290_POL,290,Poland,Poland,POL,Poland,2009,10.0,10,0,8.0,7,10.0,,,
290_POL,290,Poland,Poland,POL,Poland,2010,10.0,10,0,8.0,7,10.0,,,
290_POL,290,Poland,Poland,POL,Poland,2011,10.0,10,0,8.0,7,10.0,,,
290_POL,290,Poland,Poland,POL,Poland,2012,10.0,10,0,8.0,7,10.0,,,
290_POL,290,Poland,Poland,POL,Poland,2013,10.0,10,0,8.0,7,10.0,,,
290_POL,290,Poland,Poland,POL,Poland,2014,10.0,10,0,8.0,7,10.0,,,
290_POL,290,Poland,Poland,POL,Poland,2015,10.0,10,0,8.0,7,10.0,,,
290_POL,290,Poland,Poland,POL,Poland,2016,10.0,10,0,8.0,7,10.0,,,
290_POL,290,Poland,Poland,POL,Poland,2017,10.0,10,0,8.0,7,10.0,,,
290_POL,290,Poland,Poland,POL,Poland,2018,10.0,10,0,8.0,7,10.0,,,
2_USA,2,United States,United States,USA,United States,1971,8.0,8,0,8.0,7,7.0,,,
2_USA,2,United States,United States,USA,United States,1972,8.0,8,0,8.0,7,7.0,,,
2_USA,2,United States,United States,USA,United States,1973,8.0,8,0,8.0,7,7.0,,,
2_USA,2,United States,United States,USA,United States,1974,10.0,10,0,8.0,7,10.0,1.0,,0.0
2_USA,2,United States,United States,USA,United States,1975,10.0,10,0,8.0,7,10.0,,,
2_USA,2,United States,United States,USA,United States,1976,10.0,10,0,8.0,7,10.0,,,
2_USA,2,United States,United States,USA,United States,1977,10.0,10,0,8.0,7,10.0,,,
2_USA,2,United States,United States,USA,United States,1978,10.0,10,0,8.0,7,10.0,,,
2_USA,2,United States,United States,USA,United States,1979,10.0,10,0,8.0,7,10.0,,,
2_USA,2,United States,United States,USA,United States,1980,10.0,10,0,8.0,7,10.0,,,
2_USA,2,United States,United States,USA,United States,1981,10.0,10,0,8.0,7,10.0,,,
2_USA,2,United States,United States,USA,United States,1982,10.0,10,0,8.0,7,10.0,,,
2_USA,2,United States,United States,USA,United States,1983,10.0,10,0,8.0,7,10.0,,,
2_USA,2,United States,United States,USA,United States,1984,10.0,10,0,8.0,7,10.0,,,
2_USA,2,United States,United States,USA,United States,1985,10.0,10,0,8.0,7,10.0,,,
2_USA,2,United States,United States,USA,United States,1986,10.0,10,0,8.0,7,10.0,,,
2_USA,2,United States,United States,USA,United States,1987,10.0,10,0,8.0,7,10.0,,,
2_USA,2,United States,United States,USA,United States,1988,10.0,10,0,8.0,7,10.0,,,
2_USA,2,United States,United States,USA,United States,1989,10.0,10,0,8.0,7,10.0,,,
2_USA,2,United States,United States,USA,United States,1990,10.0,10,0,8.0,7,10.0,,,
2_USA,2,United States,United States,USA,United States,1991,10.0,10,0,8.0,7,10.0,,,
2_USA,2,United States,United States,USA,United States,1992,10.0,10,0,8.0,7,10.0,,,
2_USA,2,United States,United States,USA,United States,1993,10.0,10,0,8.0,7,10.0,,,
2_USA,2,United States,United States,USA,United States,1994,10.0,10,0,8.0,7,10.0,,,
2_USA,2,United States,United States,USA,United States,1995,10.0,10,0,8.0,7,10.0,,,
2_USA,2,United States,United States,USA,United States,1996,10.0,10,0,8.0,7,10.0,,,
2_USA,2,United States,United States,USA,United States,1997,10.0,10,0,8.0,7,10.0,,,
2_USA,2,United States,United States,USA,United States,1998,10.0,10,0,8.0,7,10.0,,,
2_USA,2,United States,United States,USA,United States,1999,10.0,10,0,8.0,7,10.0,,,
2_USA,2,United States,United States,USA,United States,2000,10.0,10,0,8.0,7,10.0,,,
2_USA,2,United States,United States,USA,United States,2001,10.0,10,0,8.0,7,10.0,,,
2_USA,2,United States,United States,USA,United States,2002,10.0,10,0,8.0,7,10.0,,,
2_USA,2,United States,United States,USA,United States,2003,10.0,10,0,8.0,7,10.0,,,
2_USA,2,United States,United States,USA,United States,2004,10.0,10,0,8.0,7,10.0,,,
2_USA,2,United States,United States,USA,United States,2005,10.0,10,0,8.0,7,10.0,,,
2_USA,2,United States,United States,USA,United States,2006,10.0,10,0,8.0,7,10.0,,,
2_USA,2,United States,United States,USA,United States,2007,10.0,10,0,8.0,7,10.0,,,
2_USA,2,United States,United States,USA,United States,2008,10.0,10,0,8.0,7,10.0,,,
2_USA,2,United States,United States,USA,United States,2009,10.0,10,0,8.0,7,10.0,,,
2_USA,2,United States,United States,USA,United States,2010,10.0,10,0,8.0,7,10.0,,,
2_USA,2,United States,United States,USA,United States,2011,10.0,10,0,8.0,7,10.0,,,
2_USA,2,United States,United States,USA,United States,2012,10.0,10,0,8.0,7,10.0,,,
2_USA,2,United States,United States,USA,United States,2013,10.0,10,0,8.0,7,10.0,,,
2_USA,2,United States,United States,USA,United States,2014,10.0,10,0,8.0,7,10.0,,,
2_USA,2,United States,United States,USA,United States,2015,10.0,10,0,8.0,7,10.0,,,
2_USA,2,United States,United States,USA,United States,2016,8.0,8,0,8.0,7,7.0,,,-1.0
2_USA,2,United States,United States,USA,United States,2017,8.0,8,0,8.0,7,7.0,,,-1.0
2_USA,2,United States,United States,USA,United States,2018,8.0,8,0,8.0,7,7.0,,,-1.0
305_AUT,305,Austria,Austria,AUT,Austria,1971,10.0,10,0,8.0,7,10.0,,,
305_AUT,305,Austria,Austria,AUT,Austria,1972,10.0,10,0,8.0,7,10.0,,,
305_AUT,305,Austria,Austria,AUT,Austria,1973,10.0,10,0,8.0,7,10.0,,,
305_AUT,305,Austria,Austria,AUT,Austria,1974,10.0,10,0,8.0,7,10.0,,,
305_AUT,305,Austria,Austria,AUT,Austria,1975,10.0,10,0,8.0,7,10.0,,,
305_AUT,305,Austria,Austria,AUT,Austria,1976,10.0,10,0,8.0,7,10.0,,,
305_AUT,305,Austria,Austria,AUT,Austria,1977,10.0,10,0,8.0,7,10.0,,,
305_AUT,305,Austria,Austria,AUT,Austria,1978,10.0,10,0,8.0,7,10.0,,,
305_AUT,305,Austria,Austria,AUT,Austria,1979,10.0,10,0,8.0,7,10.0,,,
305_AUT,305,Austria,Austria,AUT,Austria,1980,10.0,10,0,8.0,7,10.0,,,
305_AUT,305,Austria,Austria,AUT,Austria,1981,10.0,10,0,8.0,7,10.0,,,
305_AUT,305,Austria,Austria,AUT,Austria,1982,10.0,10,0,8.0,7,10.0,,,
305_AUT,305,Austria,Austria,AUT,Austria,1983,10.0,10,0,8.0,7,10.0,,,
305_AUT,305,Austria,Austria,AUT,Austria,1984,10.0,10,0,8.0,7,10.0,,,
305_AUT,305,Austria,Austria,AUT,Austria,1985,10.0,10,0,8.0,7,10.0,,,
305_AUT,305,Austria,Austria,AUT,Austria,1986,10.0,10,0,8.0,7,10.0,,,
305_AUT,305,Austria,Austria,AUT,Austria,1987,10.0,10,0,8.0,7,10.0,,,
305_AUT,305,Austria,Austria,AUT,Austria,1988,10.0,10,0,8.0,7,10.0,,,
305_AUT,305,Austria,Austria,AUT,Austria,1989,10.0,10,0,8.0,7,10.0,,,
305_AUT,305,Austria,Austria,AUT,Austria,1990,10.0,10,0,8.0,7,10.0,,,
305_AUT,305,Austria,Austria,AUT,Austria,1991,10.0,10,0,8.0,7,10.0,,,
305_AUT,305,Austria,Austria,AUT,Austria,1992,10.0,10,0,8.0,7,10.0,,,
305_AUT,305,Austria,Austria,AUT,Austria,1993,10.0,10,0,8.0,7,10.0,,,
305_AUT,305,Austria,Austria,AUT,Austria,1994,10.0,10,0,8.0,7,10.0,,,
305_AUT,305,Austria,Austria,AUT,Austria,1995,10.0,10,0,8.0,7,10.0,,,
305_AUT,305,Austria,Austria,AUT,Austria,1996,10.0,10,0,8.0,7,10.0,,,
305_AUT,305,Austria,Austria,AUT,Austria,1997,10.0,10,0,8.0,7,10.0,,,
305_AUT,305,Austria,Austria,AUT,Austria,1998,10.0,10,0,8.0,7,10.0,,,
305_AUT,305,Austria,Austria,AUT,Austria,1999,10.0,10,0,8.0,7,10.0,,,
305_AUT,305,Austria,Austria,AUT,Austria,2000,10.0,10,0,8.0,7,10.0,,,
305_AUT,305,Austria,Austria,AUT,Austria,2001,10.0,10,0,8.0,7,10.0,,,
305_AUT,305,Austria,Austria,AUT,Austria,2002,10.0,10,0,8.0,7,10.0,,,
305_AUT,305,Austria,Austria,AUT,Austria,2003,10.0,10,0,8.0,7,10.0,,,
305_AUT,305,Austria,Austria,AUT,Austria,2004,10.0,10,0,8.0,7,10.0,,,
305_AUT,305,Austria,Austria,AUT,Austria,2005,10.0,10,0,8.0,7,10.0,,,
305_AUT,305,Austria,Austria,AUT,Austria,2006,10.0,10,0,8.0,7,10.0,,,
305_AUT,305,Austria,Austria,AUT,Austria,2007,10.0,10,0,8.0,7,10.0,,,
305_AUT,305,Austria,Austria,AUT,Austria,2008,10.0,10,0,8.0,7,10.0,,,
305_AUT,305,Austria,Austria,AUT,Austria,2009,10.0,10,0,8.0,7,10.0,,,
305_AUT,305,Austria,Austria,AUT,Austria,2010,10.0,10,0,8.0,7,10.0,,,
305_AUT,305,Austria,Austria,AUT,Austria,2011,10.0,10,0,8.0,7,10.0,,,
305_AUT,305,Austria,Austria,AUT,Austria,2012,10.0,10,0,8.0,7,10.0,,,
305_AUT,305,Austria,Austria,AUT,Austria,2013,10.0,10,0,8.0,7,10.0,,,
305_AUT,305,Austria,Austria,AUT,Austria,2014,10.0,10,0,8.0,7,10.0,,,
305_AUT,305,Austria,Austria,AUT,Austria,2015,10.0,10,0,8.0,7,10.0,,,
305_AUT,305,Austria,Austria,AUT,Austria,2016,10.0,10,0,8.0,7,10.0,,,
305_AUT,305,Austria,Austria,AUT,Austria,2017,10.0,10,0,8.0,7,10.0,,,
305_AUT,305,Austria,Austria,AUT,Austria,2018,10.0,10,0,8.0,7,10.0,,,
310_HUN,310,Hungary,Hungary,HUN,Hungary,1971,-7.0,0,7,3.0,3,1.0,,,
310_HUN,310,Hungary,Hungary,HUN,Hungary,1972,-7.0,0,7,3.0,3,1.0,,,
310_HUN,310,Hungary,Hungary,HUN,Hungary,1973,-7.0,0,7,3.0,3,1.0,,,
310_HUN,310,Hungary,Hungary,HUN,Hungary,1974,-7.0,0,7,3.0,3,1.0,,,
310_HUN,310,Hungary,Hungary,HUN,Hungary,1975,-7.0,0,7,3.0,3,1.0,,,
310_HUN,310,Hungary,Hungary,HUN,Hungary,1976,-7.0,0,7,3.0,3,1.0,,,
310_HUN,310,Hungary,Hungary,HUN,Hungary,1977,-7.0,0,7,3.0,3,1.0,,,
310_HUN,310,Hungary,Hungary,HUN,Hungary,1978,-7.0,0,7,3.0,3,1.0,,,
310_HUN,310,Hungary,Hungary,HUN,Hungary,1979,-7.0,0,7,3.0,3,1.0,,,
310_HUN,310,Hungary,Hungary,HUN,Hungary,1980,-7.0,0,7,3.0,3,1.0,,,
310_HUN,310,Hungary,Hungary,HUN,Hungary,1981,-7.0,0,7,3.0,3,1.0,,,
310_HUN,310,Hungary,Hungary,HUN,Hungary,1982,-7.0,0,7,3.0,3,1.0,,,
310_HUN,310,Hungary,Hungary,HUN,Hungary,1983,-7.0,0,7,3.0,3,1.0,,,
310_HUN,310,Hungary,Hungary,HUN,Hungary,1984,-7.0,0,7,3.0,3,1.0,,,
310_HUN,310,Hungary,Hungary,HUN,Hungary,1985,-7.0,0,7,3.0,3,1.0,,,
310_HUN,310,Hungary,Hungary,HUN,Hungary,1986,-7.0,0,7,3.0,3,1.0,,,
310_HUN,310,Hungary,Hungary,HUN,Hungary,1987,-7.0,0,7,3.0,3,1.0,,,
310_HUN,310,Hungary,Hungary,HUN,Hungary,1988,-2.0,2,4,7.0,3,2.0,,,3.0
310_HUN,310,Hungary,Hungary,HUN,Hungary,1989,4.0,-88,-88,-88.0,-88,-88.0,,,3.0
310_HUN,310,Hungary,Hungary,HUN,Hungary,1990,10.0,10,0,8.0,7,10.0,1.0,,3.0
310_HUN,310,Hungary,Hungary,HUN,Hungary,1991,10.0,10,0,8.0,7,10.0,,,
310_HUN,310,Hungary,Hungary,HUN,Hungary,1992,10.0,10,0,8.0,7,10.0,,,
310_HUN,310,Hungary,Hungary,HUN,Hungary,1993,10.0,10,0,8.0,7,10.0,,,
310_HUN,310,Hungary,Hungary,HUN,Hungary,1994,10.0,10,0,8.0,7,10.0,,,
310_HUN,310,Hungary,Hungary,HUN,Hungary,1995,10.0,10,0,8.0,7,10.0,,,
310_HUN,310,Hungary,Hungary,HUN,Hungary,1996,10.0,10,0,8.0,7,10.0,,,
310_HUN,310,Hungary,Hungary,HUN,Hungary,1997,10.0,10,0,8.0,7,10.0,,,
310_HUN,310,Hungary,Hungary,HUN,Hungary,1998,10.0,10,0,8.0,7,10.0,,,
310_HUN,310,Hungary,Hungary,HUN,Hungary,1999,10.0,10,0,8.0,7,10.0,,,
310_HUN,310,Hungary,Hungary,HUN,Hungary,2000,10.0,10,0,8.0,7,10.0,,,
310_HUN,310,Hungary,Hungary,HUN,Hungary,2001,10.0,10,0,8.0,7,10.0,,,
310_HUN,310,Hungary,Hungary,HUN,Hungary,2002,10.0,10,0,8.0,7,10.0,,,
310_HUN,310,Hungary,Hungary,HUN,Hungary,2003,10.0,10,0,8.0,7,10.0,,,
310_HUN,310,Hungary,Hungary,HUN,Hungary,2004,10.0,10,0,8.0,7,10.0,,,
310_HUN,310,Hungary,Hungary,HUN,Hungary,2005,10.0,10,0,8.0,7,10.0,,,
310_HUN,310,Hungary,Hungary,HUN,Hungary,2006,10.0,10,0,8.0,7,10.0,,,
310_HUN,310,Hungary,Hungary,HUN,Hungary,2007,10.0,10,0,8.0,7,10.0,,,
310_HUN,310,Hungary,Hungary,HUN,Hungary,2008,10.0,10,0,8.0,7,10.0,,,
310_HUN,310,Hungary,Hungary,HUN,Hungary,2009,10.0,10,0,8.0,7,10.0,,,
310_HUN,310,Hungary,Hungary,HUN,Hungary,2010,10.0,10,0,8.0,7,10.0,,,
310_HUN,310,Hungary,Hungary,HUN,Hungary,2011,10.0,10,0,8.0,7,10.0,,,
310_HUN,310,Hungary,Hungary,HUN,Hungary,2012,10.0,10,0,8.0,7,10.0,,,
310_HUN,310,Hungary,Hungary,HUN,Hungary,2013,10.0,10,0,8.0,7,10.0,,,
310_HUN,310,Hungary,Hungary,HUN,Hungary,2014,10.0,10,0,8.0,7,10.0,,,
310_HUN,310,Hungary,Hungary,HUN,Hungary,2015,10.0,10,0,8.0,7,10.0,,,
310_HUN,310,Hungary,Hungary,HUN,Hungary,2016,10.0,10,0,8.0,7,10.0,,,
310_HUN,310,Hungary,Hungary,HUN,Hungary,2017,10.0,10,0,8.0,7,10.0,,,
310_HUN,310,Hungary,Hungary,HUN,Hungary,2018,10.0,10,0,8.0,7,10.0,,,
315_CZE,315,Czechoslovakia,Czechoslovakia,CZE,Czechia,1971,-7.0,0,7,3.0,3,1.0,,,
315_CZE,315,Czechoslovakia,Czechoslovakia,CZE,Czechia,1972,-7.0,0,7,3.0,3,1.0,,,
315_CZE,315,Czechoslovakia,Czechoslovakia,CZE,Czechia,1973,-7.0,0,7,3.0,3,1.0,,,
315_CZE,315,Czechoslovakia,Czechoslovakia,CZE,Czechia,1974,-7.0,0,7,3.0,3,1.0,,,
315_CZE,315,Czechoslovakia,Czechoslovakia,CZE,Czechia,1975,-7.0,0,7,3.0,3,1.0,,,
315_CZE,315,Czechoslovakia,Czechoslovakia,CZE,Czechia,1976,-7.0,0,7,3.0,3,1.0,,,
315_CZE,315,Czechoslovakia,Czechoslovakia,CZE,Czechia,1977,-7.0,0,7,3.0,3,1.0,,,
315_CZE,315,Czechoslovakia,Czechoslovakia,CZE,Czechia,1978,-7.0,0,7,3.0,3,1.0,,,
315_CZE,315,Czechoslovakia,Czechoslovakia,CZE,Czechia,1979,-7.0,0,7,3.0,3,1.0,,,
315_CZE,315,Czechoslovakia,Czechoslovakia,CZE,Czechia,1980,-7.0,0,7,3.0,3,1.0,,,
315_CZE,315,Czechoslovakia,Czechoslovakia,CZE,Czechia,1981,-7.0,0,7,3.0,3,1.0,,,
315_CZE,315,Czechoslovakia,Czechoslovakia,CZE,Czechia,1982,-7.0,0,7,3.0,3,1.0,,,
315_CZE,315,Czechoslovakia,Czechoslovakia,CZE,Czechia,1983,-7.0,0,7,3.0,3,1.0,,,
315_CZE,315,Czechoslovakia,Czechoslovakia,CZE,Czechia,1984,-7.0,0,7,3.0,3,1.0,,,
315_CZE,315,Czechoslovakia,Czechoslovakia,CZE,Czechia,1985,-7.0,0,7,3.0,3,1.0,,,
315_CZE,315,Czechoslovakia,Czechoslovakia,CZE,Czechia,1986,-7.0,0,7,3.0,3,1.0,,,
315_CZE,315,Czechoslovakia,Czechoslovakia,CZE,Czechia,1987,-7.0,0,7,3.0,3,1.0,,,
315_CZE,315,Czechoslovakia,Czechoslovakia,CZE,Czechia,1988,-7.0,0,7,3.0,3,1.0,,,
315_CZE,315,Czechoslovakia,Czechoslovakia,CZE,Czechia,1989,-2.0,2,4,7.0,3,2.0,,,3.0
315_CZE,315,Czechoslovakia,Czechoslovakia,CZE,Czechia,1990,7.0,7,0,7.0,7,7.0,1.0,,3.0
315_CZE,315,Czechoslovakia,Czechoslovakia,CZE,Czechia,1991,7.0,7,0,7.0,7,7.0,,,
315_CZE,315,Czechoslovakia,Czechoslovakia,CZE,Czechia,1992,7.0,7,0,7.0,7,7.0,1.0,,98.0
315_CZE,315,Czechoslovakia,Czech Republic,CZE,Czechia,1993,10.0,10,0,8.0,7,10.0,1.0,,97.0
315_CZE,315,Czechoslovakia,Czech Republic,CZE,Czechia,1994,10.0,10,0,8.0,7,10.0,,,
315_CZE,315,Czechoslovakia,Czech Republic,CZE,Czechia,1995,10.0,10,0,8.0,7,10.0,,,
315_CZE,315,Czechoslovakia,Czech Republic,CZE,Czechia,1996,10.0,10,0,8.0,7,10.0,,,
315_CZE,315,Czechoslovakia,Czech Republic,CZE,Czechia,1997,10.0,10,0,8.0,7,10.0,,,
315_CZE,315,Czechoslovakia,Czech Republic,CZE,Czechia,1998,10.0,10,0,8.0,7,10.0,,,
315_CZE,315,Czechoslovakia,Czech Republic,CZE,Czechia,1999,10.0,10,0,8.0,7,10.0,,,
315_CZE,315,Czechoslovakia,Czech Republic,CZE,Czechia,2000,10.0,10,0,8.0,7,10.0,,,
315_CZE,315,Czechoslovakia,Czech Republic,CZE,Czechia,2001,10.0,10,0,8.0,7,10.0,,,
315_CZE,315,Czechoslovakia,Czech Republic,CZE,Czechia,2002,10.0,10,0,8.0,7,10.0,,,
315_CZE,315,Czechoslovakia,Czech Republic,CZE,Czechia,2003,10.0,10,0,8.0,7,10.0,,,
315_CZE,315,Czechoslovakia,Czech Republic,CZE,Czechia,2004,10.0,10,0,8.0,7,10.0,,,
315_CZE,315,Czechoslovakia,Czech Republic,CZE,Czechia,2005,10.0,10,0,8.0,7,10.0,,,
315_CZE,315,Czechoslovakia,Czech Republic,CZE,Czechia,2006,9.0,9,0,8.0,7,9.0,1.0,,0.0
315_CZE,315,Czechoslovakia,Czech Republic,CZE,Czechia,2007,9.0,9,0,8.0,7,9.0,,,
315_CZE,315,Czechoslovakia,Czech Republic,CZE,Czechia,2008,9.0,9,0,8.0,7,9.0,,,
315_CZE,315,Czechoslovakia,Czech Republic,CZE,Czechia,2009,9.0,9,0,8.0,7,9.0,,,
315_CZE,315,Czechoslovakia,Czech Republic,CZE,Czechia,2010,9.0,9,0,8.0,7,9.0,,,
315_CZE,315,Czechoslovakia,Czech Republic,CZE,Czechia,2011,9.0,9,0,8.0,7,9.0,,,
315_CZE,315,Czechoslovakia,Czech Republic,CZE,Czechia,2012,9.0,9,0,8.0,7,9.0,,,
315_CZE,315,Czechoslovakia,Czech Republic,CZE,Czechia,2013,9.0,9,0,8.0,7,9.0,,,
315_CZE,315,Czechoslovakia,Czech Republic,CZE,Czechia,2014,9.0,9,0,8.0,7,9.0,,,
315_CZE,315,Czechoslovakia,Czech Republic,CZE,Czechia,2015,9.0,9,0,8.0,7,9.0,,,
315_CZE,315,Czechoslovakia,Czech Republic,CZE,Czechia,2016,9.0,9,0,8.0,7,9.0,,,
315_CZE,315,Czechoslovakia,Czech Republic,CZE,Czechia,2017,9.0,9,0,8.0,7,9.0,,,
315_CZE,315,Czechoslovakia,Czech Republic,CZE,Czechia,2018,9.0,9,0,8.0,7,9.0,,,
315_SVK,315,Czechoslovakia,Czechoslovakia,SVK,Slovakia,1971,-7.0,0,7,3.0,3,1.0,,,
315_SVK,315,Czechoslovakia,Czechoslovakia,SVK,Slovakia,1972,-7.0,0,7,3.0,3,1.0,,,
315_SVK,315,Czechoslovakia,Czechoslovakia,SVK,Slovakia,1973,-7.0,0,7,3.0,3,1.0,,,
315_SVK,315,Czechoslovakia,Czechoslovakia,SVK,Slovakia,1974,-7.0,0,7,3.0,3,1.0,,,
315_SVK,315,Czechoslovakia,Czechoslovakia,SVK,Slovakia,1975,-7.0,0,7,3.0,3,1.0,,,
315_SVK,315,Czechoslovakia,Czechoslovakia,SVK,Slovakia,1976,-7.0,0,7,3.0,3,1.0,,,
315_SVK,315,Czechoslovakia,Czechoslovakia,SVK,Slovakia,1977,-7.0,0,7,3.0,3,1.0,,,
315_SVK,315,Czechoslovakia,Czechoslovakia,SVK,Slovakia,1978,-7.0,0,7,3.0,3,1.0,,,
315_SVK,315,Czechoslovakia,Czechoslovakia,SVK,Slovakia,1979,-7.0,0,7,3.0,3,1.0,,,
315_SVK,315,Czechoslovakia,Czechoslovakia,SVK,Slovakia,1980,-7.0,0,7,3.0,3,1.0,,,
315_SVK,315,Czechoslovakia,Czechoslovakia,SVK,Slovakia,1981,-7.0,0,7,3.0,3,1.0,,,
315_SVK,315,Czechoslovakia,Czechoslovakia,SVK,Slovakia,1982,-7.0,0,7,3.0,3,1.0,,,
315_SVK,315,Czechoslovakia,Czechoslovakia,SVK,Slovakia,1983,-7.0,0,7,3.0,3,1.0,,,
315_SVK,315,Czechoslovakia,Czechoslovakia,SVK,Slovakia,1984,-7.0,0,7,3.0,3,1.0,,,
315_SVK,315,Czechoslovakia,Czechoslovakia,SVK,Slovakia,1985,-7.0,0,7,3.0,3,1.0,,,
315_SVK,315,Czechoslovakia,Czechoslovakia,SVK,Slovakia,1986,-7.0,0,7,3.0,3,1.0,,,
315_SVK,315,Czechoslovakia,Czechoslovakia,SVK,Slovakia,1987,-7.0,0,7,3.0,3,1.0,,,
315_SVK,315,Czechoslovakia,Czechoslovakia,SVK,Slovakia,1988,-7.0,0,7,3.0,3,1.0,,,
315_SVK,315,Czechoslovakia,Czechoslovakia,SVK,Slovakia,1989,-2.0,2,4,7.0,3,2.0,,,3.0
315_SVK,315,Czechoslovakia,Czechoslovakia,SVK,Slovakia,1990,7.0,7,0,7.0,7,7.0,1.0,,3.0
315_SVK,315,Czechoslovakia,Czechoslovakia,SVK,Slovakia,1991,7.0,7,0,7.0,7,7.0,,,
315_SVK,315,Czechoslovakia,Czechoslovakia,SVK,Slovakia,1992,7.0,7,0,7.0,7,7.0,1.0,,98.0
315_SVK,315,Czechoslovakia,Slovak Republic,SVK,Slovakia,1993,7.0,7,0,8.0,6,7.0,1.0,,99.0
315_SVK,315,Czechoslovakia,Slovak Republic,SVK,Slovakia,1994,7.0,7,0,8.0,6,7.0,,,
315_SVK,315,Czechoslovakia,Slovak Republic,SVK,Slovakia,1995,7.0,7,0,8.0,6,7.0,,,
315_SVK,315,Czechoslovakia,Slovak Republic,SVK,Slovakia,1996,7.0,7,0,8.0,6,7.0,,,
315_SVK,315,Czechoslovakia,Slovak Republic,SVK,Slovakia,1997,7.0,7,0,8.0,6,7.0,,,
315_SVK,315,Czechoslovakia,Slovak Republic,SVK,Slovakia,1998,9.0,9,0,8.0,7,9.0,1.0,,0.0
315_SVK,315,Czechoslovakia,Slovak Republic,SVK,Slovakia,1999,9.0,9,0,8.0,7,9.0,,,
315_SVK,315,Czechoslovakia,Slovak Republic,SVK,Slovakia,2000,9.0,9,0,8.0,7,9.0,,,
315_SVK,315,Czechoslovakia,Slovak Republic,SVK,Slovakia,2001,9.0,9,0,8.0,7,9.0,,,
315_SVK,315,Czechoslovakia,Slovak Republic,SVK,Slovakia,2002,9.0,9,0,8.0,7,9.0,,,
315_SVK,315,Czechoslovakia,Slovak Republic,SVK,Slovakia,2003,9.0,9,0,8.0,7,9.0,,,
315_SVK,315,Czechoslovakia,Slovak Republic,SVK,Slovakia,2004,9.0,9,0,8.0,7,9.0,,,
315_SVK,315,Czechoslovakia,Slovak Republic,SVK,Slovakia,2005,9.0,9,0,8.0,7,9.0,,,
315_SVK,315,Czechoslovakia,Slovak Republic,SVK,Slovakia,2006,10.0,10,0,8.0,7,10.0,1.0,,0.0
315_SVK,315,Czechoslovakia,Slovak Republic,SVK,Slovakia,2007,10.0,10,0,8.0,7,10.0,,,
315_SVK,315,Czechoslovakia,Slovak Republic,SVK,Slovakia,2008,10.0,10,0,8.0,7,10.0,,,
315_SVK,315,Czechoslovakia,Slovak Republic,SVK,Slovakia,2009,10.0,10,0,8.0,7,10.0,,,
315_SVK,315,Czechoslovakia,Slovak Republic,SVK,Slovakia,2010,10.0,10,0,8.0,7,10.0,,,
315_SVK,315,Czechoslovakia,Slovak Republic,SVK,Slovakia,2011,10.0,10,0,8.0,7,10.0,,,
315_SVK,315,Czechoslovakia,Slovak Republic,SVK,Slovakia,2012,10.0,10,0,8.0,7,10.0,,,
315_SVK,315,Czechoslovakia,Slovak Republic,SVK,Slovakia,2013,10.0,10,0,8.0,7,10.0,,,
315_SVK,315,Czechoslovakia,Slovak Republic,SVK,Slovakia,2014,10.0,10,0,8.0,7,10.0,,,
315_SVK,315,Czechoslovakia,Slovak Republic,SVK,Slovakia,2015,10.0,10,0,8.0,7,10.0,,,
315_SVK,315,Czechoslovakia,Slovak Republic,SVK,Slovakia,2016,10.0,10,0,8.0,7,10.0,,,
315_SVK,315,Czechoslovakia,Slovak Republic,SVK,Slovakia,2017,10.0,10,0,8.0,7,10.0,,,
315_SVK,315,Czechoslovakia,Slovak Republic,SVK,Slovakia,2018,10.0,10,0,8.0,7,10.0,,,
325_ITA,325,Italy,Italy,ITA,Italy,1971,10.0,10,0,8.0,7,10.0,,,
325_ITA,325,Italy,Italy,ITA,Italy,1972,10.0,10,0,8.0,7,10.0,,,
325_ITA,325,Italy,Italy,ITA,Italy,1973,10.0,10,0,8.0,7,10.0,,,
325_ITA,325,Italy,Italy,ITA,Italy,1974,10.0,10,0,8.0,7,10.0,,,
325_ITA,325,Italy,Italy,ITA,Italy,1975,10.0,10,0,8.0,7,10.0,,,
325_ITA,325,Italy,Italy,ITA,Italy,1976,10.0,10,0,8.0,7,10.0,,,
325_ITA,325,Italy,Italy,ITA,Italy,1977,10.0,10,0,8.0,7,10.0,,,
325_ITA,325,Italy,Italy,ITA,Italy,1978,10.0,10,0,8.0,7,10.0,,,
325_ITA,325,Italy,Italy,ITA,Italy,1979,10.0,10,0,8.0,7,10.0,,,
325_ITA,325,Italy,Italy,ITA,Italy,1980,10.0,10,0,8.0,7,10.0,,,
325_ITA,325,Italy,Italy,ITA,Italy,1981,10.0,10,0,8.0,7,10.0,,,
325_ITA,325,Italy,Italy,ITA,Italy,1982,10.0,10,0,8.0,7,10.0,,,
325_ITA,325,Italy,Italy,ITA,Italy,1983,10.0,10,0,8.0,7,10.0,,,
325_ITA,325,Italy,Italy,ITA,Italy,1984,10.0,10,0,8.0,7,10.0,,,
325_ITA,325,Italy,Italy,ITA,Italy,1985,10.0,10,0,8.0,7,10.0,,,
325_ITA,325,Italy,Italy,ITA,Italy,1986,10.0,10,0,8.0,7,10.0,,,
325_ITA,325,Italy,Italy,ITA,Italy,1987,10.0,10,0,8.0,7,10.0,,,
325_ITA,325,Italy,Italy,ITA,Italy,1988,10.0,10,0,8.0,7,10.0,,,
325_ITA,325,Italy,Italy,ITA,Italy,1989,10.0,10,0,8.0,7,10.0,,,
325_ITA,325,Italy,Italy,ITA,Italy,1990,10.0,10,0,8.0,7,10.0,,,
325_ITA,325,Italy,Italy,ITA,Italy,1991,10.0,10,0,8.0,7,10.0,,,
325_ITA,325,Italy,Italy,ITA,Italy,1992,10.0,10,0,8.0,7,10.0,,,
325_ITA,325,Italy,Italy,ITA,Italy,1993,10.0,10,0,8.0,7,10.0,,,
325_ITA,325,Italy,Italy,ITA,Italy,1994,10.0,10,0,8.0,7,10.0,,,
325_ITA,325,Italy,Italy,ITA,Italy,1995,10.0,10,0,8.0,7,10.0,,,
325_ITA,325,Italy,Italy,ITA,Italy,1996,10.0,10,0,8.0,7,10.0,,,
325_ITA,325,Italy,Italy,ITA,Italy,1997,10.0,10,0,8.0,7,10.0,,,
325_ITA,325,Italy,Italy,ITA,Italy,1998,10.0,10,0,8.0,7,10.0,,,
325_ITA,325,Italy,Italy,ITA,Italy,1999,10.0,10,0,8.0,7,10.0,,,
325_ITA,325,Italy,Italy,ITA,Italy,2000,10.0,10,0,8.0,7,10.0,,,
325_ITA,325,Italy,Italy,ITA,Italy,2001,10.0,10,0,8.0,7,10.0,,,
325_ITA,325,Italy,Italy,ITA,Italy,2002,10.0,10,0,8.0,7,10.0,,,
325_ITA,325,Italy,Italy,ITA,Italy,2003,10.0,10,0,8.0,7,10.0,,,
325_ITA,325,Italy,Italy,ITA,Italy,2004,10.0,10,0,8.0,7,10.0,,,
325_ITA,325,Italy,Italy,ITA,Italy,2005,10.0,10,0,8.0,7,10.0,,,
325_ITA,325,Italy,Italy,ITA,Italy,2006,10.0,10,0,8.0,7,10.0,,,
325_ITA,325,Italy,Italy,ITA,Italy,2007,10.0,10,0,8.0,7,10.0,,,
325_ITA,325,Italy,Italy,ITA,Italy,2008,10.0,10,0,8.0,7,10.0,,,
325_ITA,325,Italy,Italy,ITA,Italy,2009,10.0,10,0,8.0,7,10.0,,,
325_ITA,325,Italy,Italy,ITA,Italy,2010,10.0,10,0,8.0,7,10.0,,,
325_ITA,325,Italy,Italy,ITA,Italy,2011,10.0,10,0,8.0,7,10.0,,,
325_ITA,325,Italy,Italy,ITA,Italy,2012,10.0,10,0,8.0,7,10.0,,,
325_ITA,325,Italy,Italy,ITA,Italy,2013,10.0,10,0,8.0,7,10.0,,,
325_ITA,325,Italy,Italy,ITA,Italy,2014,10.0,10,0,8.0,7,10.0,,,
325_ITA,325,Italy,Italy,ITA,Italy,2015,10.0,10,0,8.0,7,10.0,,,
325_ITA,325,Italy,Italy,ITA,Italy,2016,10.0,10,0,8.0,7,10.0,,,
325_ITA,325,Italy,Italy,ITA,Italy,2017,10.0,10,0,8.0,7,10.0,,,
325_ITA,325,Italy,Italy,ITA,Italy,2018,10.0,10,0,8.0,7,10.0,,,
339_ALB,339,Albania,Albania,ALB,Albania,1971,-9.0,0,9,3.0,1,1.0,,,
339_ALB,339,Albania,Albania,ALB,Albania,1972,-9.0,0,9,3.0,1,1.0,,,
339_ALB,339,Albania,Albania,ALB,Albania,1973,-9.0,0,9,3.0,1,1.0,,,
339_ALB,339,Albania,Albania,ALB,Albania,1974,-9.0,0,9,3.0,1,1.0,,,
339_ALB,339,Albania,Albania,ALB,Albania,1975,-9.0,0,9,3.0,1,1.0,,,
339_ALB,339,Albania,Albania,ALB,Albania,1976,-9.0,0,9,3.0,1,1.0,,,
339_ALB,339,Albania,Albania,ALB,Albania,1977,-9.0,0,9,3.0,1,1.0,,,
339_ALB,339,Albania,Albania,ALB,Albania,1978,-9.0,0,9,3.0,1,1.0,,,
339_ALB,339,Albania,Albania,ALB,Albania,1979,-9.0,0,9,3.0,1,1.0,,,
339_ALB,339,Albania,Albania,ALB,Albania,1980,-9.0,0,9,3.0,1,1.0,,,
339_ALB,339,Albania,Albania,ALB,Albania,1981,-9.0,0,9,3.0,1,1.0,,,
339_ALB,339,Albania,Albania,ALB,Albania,1982,-9.0,0,9,3.0,1,1.0,,,
339_ALB,339,Albania,Albania,ALB,Albania,1983,-9.0,0,9,3.0,1,1.0,,,
339_ALB,339,Albania,Albania,ALB,Albania,1984,-9.0,0,9,3.0,1,1.0,,,
339_ALB,339,Albania,Albania,ALB,Albania,1985,-9.0,0,9,3.0,1,1.0,,,
339_ALB,339,Albania,Albania,ALB,Albania,1986,-9.0,0,9,3.0,1,1.0,,,
339_ALB,339,Albania,Albania,ALB,Albania,1987,-9.0,0,9,3.0,1,1.0,,,
339_ALB,339,Albania,Albania,ALB,Albania,1988,-9.0,0,9,3.0,1,1.0,,,
339_ALB,339,Albania,Albania,ALB,Albania,1989,-9.0,0,9,3.0,1,1.0,,,
339_ALB,339,Albania,Albania,ALB,Albania,1990,1.0,3,2,7.0,3,6.0,,,3.0
339_ALB,339,Albania,Albania,ALB,Albania,1991,3.0,-88,-88,-88.0,-88,-88.0,,,3.0
339_ALB,339,Albania,Albania,ALB,Albania,1992,5.0,6,1,8.0,5,6.0,1.0,,3.0
339_ALB,339,Albania,Albania,ALB,Albania,1993,5.0,6,1,8.0,5,6.0,,,
339_ALB,339,Albania,Albania,ALB,Albania,1994,5.0,6,1,8.0,5,6.0,,,
339_ALB,339,Albania,Albania,ALB,Albania,1995,5.0,6,1,8.0,5,6.0,,,
339_ALB,339,Albania,Albania,ALB,Albania,1996,0.0,3,3,3.0,5,6.0,1.0,,-1.0
339_ALB,339,Albania,Albania,ALB,Albania,1997,5.0,6,1,7.0,5,8.0,1.0,,2.0
339_ALB,339,Albania,Albania,ALB,Albania,1998,5.0,6,1,7.0,5,8.0,,,
339_ALB,339,Albania,Albania,ALB,Albania,1999,5.0,6,1,7.0,5,8.0,,,
339_ALB,339,Albania,Albania,ALB,Albania,2000,5.0,6,1,7.0,5,8.0,,,
339_ALB,339,Albania,Albania,ALB,Albania,2001,5.0,6,1,7.0,5,8.0,,,
339_ALB,339,Albania,Albania,ALB,Albania,2002,7.0,7,0,7.0,6,9.0,1.0,,0.0
339_ALB,339,Albania,Albania,ALB,Albania,2003,7.0,7,0,7.0,6,9.0,,,
339_ALB,339,Albania,Albania,ALB,Albania,2004,7.0,7,0,7.0,6,9.0,,,
339_ALB,339,Albania,Albania,ALB,Albania,2005,9.0,9,0,8.0,7,9.0,1.0,,0.0
339_ALB,339,Albania,Albania,ALB,Albania,2006,9.0,9,0,8.0,7,9.0,,,
339_ALB,339,Albania,Albania,ALB,Albania,2007,9.0,9,0,8.0,7,9.0,,,
339_ALB,339,Albania,Albania,ALB,Albania,2008,9.0,9,0,8.0,7,9.0,,,
339_ALB,339,Albania,Albania,ALB,Albania,2009,9.0,9,0,8.0,7,9.0,,,
339_ALB,339,Albania,Albania,ALB,Albania,2010,9.0,9,0,8.0,7,9.0,,,
339_ALB,339,Albania,Albania,ALB,Albania,2011,9.0,9,0,8.0,7,9.0,,,
339_ALB,339,Albania,Albania,ALB,Albania,2012,9.0,9,0,8.0,7,9.0,,,
339_ALB,339,Albania,Albania,ALB,Albania,2013,9.0,9,0,8.0,7,9.0,,,
339_ALB,339,Albania,Albania,ALB,Albania,2014,9.0,9,0,8.0,7,9.0,,,
339_ALB,339,Albania,Albania,ALB,Albania,2015,9.0,9,0,8.0,7,9.0,,,
339_ALB,339,Albania,Albania,ALB,Albania,2016,9.0,9,0,8.0,7,9.0,,,
339_ALB,339,Albania,Albania,ALB,Albania,2017,9.0,9,0,8.0,7,9.0,,,
339_ALB,339,Albania,Albania,ALB,Albania,2018,9.0,9,0,8.0,7,9.0,,,
341_XKX,341,Kosovo,Kosovo,XKX,Kosovo,2008,8.0,8,0,7.0,7,9.0,1.0,,99.0
341_XKX,341,Kosovo,Kosovo,XKX,Kosovo,2009,8.0,8,0,7.0,7,9.0,,,
341_XKX,341,Kosovo,Kosovo,XKX,Kosovo,2010,8.0,8,0,7.0,7,9.0,,,
341_XKX,341,Kosovo,Kosovo,XKX,Kosovo,2011,8.0,8,0,7.0,7,9.0,,,
341_XKX,341,Kosovo,Kosovo,XKX,Kosovo,2012,8.0,8,0,7.0,7,9.0,,,
341_XKX,341,Kosovo,Kosovo,XKX,Kosovo,2013,8.0,8,0,7.0,7,9.0,,,
341_XKX,341,Kosovo,Kosovo,XKX,Kosovo,2014,8.0,8,0,7.0,7,9.0,,,
341_XKX,341,Kosovo,Kosovo,XKX,Kosovo,2015,8.0,8,0,7.0,7,9.0,,,
341_XKX,341,Kosovo,Kosovo,XKX,Kosovo,2016,8.0,8,0,7.0,7,9.0,,,
341_XKX,341,Kosovo,Kosovo,XKX,Kosovo,2017,8.0,8,0,7.0,7,9.0,,,
341_XKX,341,Kosovo,Kosovo,XKX,Kosovo,2018,8.0,8,0,7.0,7,9.0,,,
345_BIH,345,Yugoslavia,Yugoslavia,BIH,Bosnia and Herzegovina,1971,-7.0,0,7,3.0,3,1.0,,,
345_BIH,345,Yugoslavia,Yugoslavia,BIH,Bosnia and Herzegovina,1972,-7.0,0,7,3.0,3,1.0,,,
345_BIH,345,Yugoslavia,Yugoslavia,BIH,Bosnia and Herzegovina,1973,-7.0,0,7,3.0,3,1.0,,,
345_BIH,345,Yugoslavia,Yugoslavia,BIH,Bosnia and Herzegovina,1974,-7.0,0,7,3.0,3,1.0,,,
345_BIH,345,Yugoslavia,Yugoslavia,BIH,Bosnia and Herzegovina,1975,-7.0,0,7,3.0,3,1.0,,,
345_BIH,345,Yugoslavia,Yugoslavia,BIH,Bosnia and Herzegovina,1976,-7.0,0,7,3.0,3,1.0,,,
345_BIH,345,Yugoslavia,Yugoslavia,BIH,Bosnia and Herzegovina,1977,-7.0,0,7,3.0,3,1.0,,,
345_BIH,345,Yugoslavia,Yugoslavia,BIH,Bosnia and Herzegovina,1978,-7.0,0,7,3.0,3,1.0,,,
345_BIH,345,Yugoslavia,Yugoslavia,BIH,Bosnia and Herzegovina,1979,-7.0,0,7,3.0,3,1.0,,,
345_BIH,345,Yugoslavia,Yugoslavia,BIH,Bosnia and Herzegovina,1980,-5.0,1,6,3.0,4,1.0,1.0,,0.0
345_BIH,345,Yugoslavia,Yugoslavia,BIH,Bosnia and Herzegovina,1981,-5.0,1,6,3.0,4,1.0,,,
345_BIH,345,Yugoslavia,Yugoslavia,BIH,Bosnia and Herzegovina,1982,-5.0,1,6,3.0,4,1.0,,,
345_BIH,345,Yugoslavia,Yugoslavia,BIH,Bosnia and Herzegovina,1983,-5.0,1,6,3.0,4,1.0,,,
345_BIH,345,Yugoslavia,Yugoslavia,BIH,Bosnia and Herzegovina,1984,-5.0,1,6,3.0,4,1.0,,,
345_BIH,345,Yugoslavia,Yugoslavia,BIH,Bosnia and Herzegovina,1985,-5.0,1,6,3.0,4,1.0,,,
345_BIH,345,Yugoslavia,Yugoslavia,BIH,Bosnia and Herzegovina,1986,-5.0,1,6,3.0,4,1.0,,,
345_BIH,345,Yugoslavia,Yugoslavia,BIH,Bosnia and Herzegovina,1987,-5.0,1,6,3.0,4,1.0,,,
345_BIH,345,Yugoslavia,Yugoslavia,BIH,Bosnia and Herzegovina,1988,-5.0,1,6,3.0,4,1.0,,,
345_BIH,345,Yugoslavia,Yugoslavia,BIH,Bosnia and Herzegovina,1989,-5.0,1,6,3.0,4,1.0,,,
345_BIH,345,Yugoslavia,Yugoslavia,BIH,Bosnia and Herzegovina,1990,-5.0,0,5,3.0,3,3.0,,,
345_BIH,347,Yugoslavia,Yugoslavia,BIH,Bosnia and Herzegovina,1991,-5.0,0,5,3.0,3,3.0,1.0,,99.0
345_BIH,345,Yugoslavia,Yugoslavia,BIH,Bosnia and Herzegovina,1991,-5.0,0,5,3.0,3,3.0,1.0,1.0,96.0
345_BIH,345,Yugoslavia,Bosnia,BIH,Bosnia and Herzegovina,1992,0.0,-77,-77,-77.0,-77,-77.0,1.0,1.0,99.0
345_BIH,345,Yugoslavia,Bosnia,BIH,Bosnia and Herzegovina,1993,0.0,-77,-77,-77.0,-77,-77.0,,1.0,-77.0
345_BIH,345,Yugoslavia,Bosnia,BIH,Bosnia and Herzegovina,1994,0.0,-77,-77,-77.0,-77,-77.0,,1.0,-77.0
345_BIH,345,Yugoslavia,Bosnia,BIH,Bosnia and Herzegovina,1995,,-66,-66,-66.0,-66,-66.0,,1.0,-66.0
345_BIH,345,Yugoslavia,Bosnia,BIH,Bosnia and Herzegovina,1996,,-66,-66,-66.0,-66,-66.0,,,-66.0
345_BIH,345,Yugoslavia,Bosnia,BIH,Bosnia and Herzegovina,1997,,-66,-66,-66.0,-66,-66.0,,,-66.0
345_BIH,345,Yugoslavia,Bosnia,BIH,Bosnia and Herzegovina,1998,,-66,-66,-66.0,-66,-66.0,,,-66.0
345_BIH,345,Yugoslavia,Bosnia,BIH,Bosnia and Herzegovina,1999,,-66,-66,-66.0,-66,-66.0,,,-66.0
345_BIH,345,Yugoslavia,Bosnia,BIH,Bosnia and Herzegovina,2000,,-66,-66,-66.0,-66,-66.0,,,-66.0
345_BIH,345,Yugoslavia,Bosnia,BIH,Bosnia and Herzegovina,2001,,-66,-66,-66.0,-66,-66.0,,,-66.0
345_BIH,345,Yugoslavia,Bosnia,BIH,Bosnia and Herzegovina,2002,,-66,-66,-66.0,-66,-66.0,,,-66.0
345_BIH,345,Yugoslavia,Bosnia,BIH,Bosnia and Herzegovina,2003,,-66,-66,-66.0,-66,-66.0,,,-66.0
345_BIH,345,Yugoslavia,Bosnia,BIH,Bosnia and Herzegovina,2004,,-66,-66,-66.0,-66,-66.0,,,-66.0
345_BIH,345,Yugoslavia,Bosnia,BIH,Bosnia and Herzegovina,2005,,-66,-66,-66.0,-66,-66.0,,,-66.0
345_BIH,345,Yugoslavia,Bosnia,BIH,Bosnia and Herzegovina,2006,,-66,-66,-66.0,-66,-66.0,,,-66.0
345_BIH,345,Yugoslavia,Bosnia,BIH,Bosnia and Herzegovina,2007,,-66,-66,-66.0,-66,-66.0,,,-66.0
345_BIH,345,Yugoslavia,Bosnia,BIH,Bosnia and Herzegovina,2008,,-66,-66,-66.0,-66,-66.0,,,-66.0
345_BIH,345,Yugoslavia,Bosnia,BIH,Bosnia and Herzegovina,2009,,-66,-66,-66.0,-66,-66.0,,,-66.0
345_BIH,345,Yugoslavia,Bosnia,BIH,Bosnia and Herzegovina,2010,,-66,-66,-66.0,-66,-66.0,,,-66.0
345_BIH,345,Yugoslavia,Bosnia,BIH,Bosnia and Herzegovina,2011,,-66,-66,-66.0,-66,-66.0,,,-66.0
345_BIH,345,Yugoslavia,Bosnia,BIH,Bosnia and Herzegovina,2012,,-66,-66,-66.0,-66,-66.0,,,-66.0
345_BIH,345,Yugoslavia,Bosnia,BIH,Bosnia and Herzegovina,2013,,-66,-66,-66.0,-66,-66.0,,,-66.0
345_BIH,345,Yugoslavia,Bosnia,BIH,Bosnia and Herzegovina,2014,,-66,-66,-66.0,-66,-66.0,,,-66.0
345_BIH,345,Yugoslavia,Bosnia,BIH,Bosnia and Herzegovina,2015,,-66,-66,-66.0,-66,-66.0,,,-66.0
345_BIH,345,Yugoslavia,Bosnia,BIH,Bosnia and Herzegovina,2016,,-66,-66,-66.0,-66,-66.0,,,
345_BIH,345,Yugoslavia,Bosnia,BIH,Bosnia and Herzegovina,2017,,-66,-66,-66.0,-66,-66.0,,,
345_BIH,345,Yugoslavia,Bosnia,BIH,Bosnia and Herzegovina,2018,,-66,-66,-66.0,-66,-66.0,,,
345_HRV,345,Yugoslavia,Yugoslavia,HRV,Croatia,1971,-7.0,0,7,3.0,3,1.0,,,
345_HRV,345,Yugoslavia,Yugoslavia,HRV,Croatia,1972,-7.0,0,7,3.0,3,1.0,,,
345_HRV,345,Yugoslavia,Yugoslavia,HRV,Croatia,1973,-7.0,0,7,3.0,3,1.0,,,
345_HRV,345,Yugoslavia,Yugoslavia,HRV,Croatia,1974,-7.0,0,7,3.0,3,1.0,,,
345_HRV,345,Yugoslavia,Yugoslavia,HRV,Croatia,1975,-7.0,0,7,3.0,3,1.0,,,
345_HRV,345,Yugoslavia,Yugoslavia,HRV,Croatia,1976,-7.0,0,7,3.0,3,1.0,,,
345_HRV,345,Yugoslavia,Yugoslavia,HRV,Croatia,1977,-7.0,0,7,3.0,3,1.0,,,
345_HRV,345,Yugoslavia,Yugoslavia,HRV,Croatia,1978,-7.0,0,7,3.0,3,1.0,,,
345_HRV,345,Yugoslavia,Yugoslavia,HRV,Croatia,1979,-7.0,0,7,3.0,3,1.0,,,
345_HRV,345,Yugoslavia,Yugoslavia,HRV,Croatia,1980,-5.0,1,6,3.0,4,1.0,1.0,,0.0
345_HRV,345,Yugoslavia,Yugoslavia,HRV,Croatia,1981,-5.0,1,6,3.0,4,1.0,,,
345_HRV,345,Yugoslavia,Yugoslavia,HRV,Croatia,1982,-5.0,1,6,3.0,4,1.0,,,
345_HRV,345,Yugoslavia,Yugoslavia,HRV,Croatia,1983,-5.0,1,6,3.0,4,1.0,,,
345_HRV,345,Yugoslavia,Yugoslavia,HRV,Croatia,1984,-5.0,1,6,3.0,4,1.0,,,
345_HRV,345,Yugoslavia,Yugoslavia,HRV,Croatia,1985,-5.0,1,6,3.0,4,1.0,,,
345_HRV,345,Yugoslavia,Yugoslavia,HRV,Croatia,1986,-5.0,1,6,3.0,4,1.0,,,
345_HRV,345,Yugoslavia,Yugoslavia,HRV,Croatia,1987,-5.0,1,6,3.0,4,1.0,,,
345_HRV,345,Yugoslavia,Yugoslavia,HRV,Croatia,1988,-5.0,1,6,3.0,4,1.0,,,
345_HRV,345,Yugoslavia,Yugoslavia,HRV,Croatia,1989,-5.0,1,6,3.0,4,1.0,,,
345_HRV,345,Yugoslavia,Yugoslavia,HRV,Croatia,1990,-5.0,0,5,3.0,3,3.0,,,
345_HRV,345,Yugoslavia,Croatia,HRV,Croatia,1991,-3.0,1,4,3.0,3,6.0,1.0,,99.0
345_HRV,345,Yugoslavia,Croatia,HRV,Croatia,1992,-3.0,1,4,3.0,3,6.0,,,
345_HRV,345,Yugoslavia,Croatia,HRV,Croatia,1993,-3.0,1,4,3.0,3,6.0,,,
345_HRV,345,Yugoslavia,Croatia,HRV,Croatia,1994,-3.0,1,4,3.0,3,6.0,,,
345_HRV,345,Yugoslavia,Croatia,HRV,Croatia,1995,-5.0,0,5,3.0,3,3.0,1.0,,0.0
345_HRV,345,Yugoslavia,Croatia,HRV,Croatia,1996,-5.0,0,5,3.0,3,3.0,,,
345_HRV,345,Yugoslavia,Croatia,HRV,Croatia,1997,-5.0,0,5,3.0,3,3.0,,,
345_HRV,345,Yugoslavia,Croatia,HRV,Croatia,1998,-5.0,0,5,3.0,3,3.0,,,
345_HRV,345,Yugoslavia,Croatia,HRV,Croatia,1999,1.0,-88,-88,-88.0,-88,-88.0,,,3.0
345_HRV,345,Yugoslavia,Croatia,HRV,Croatia,2000,8.0,8,0,7.0,7,9.0,1.0,,3.0
345_HRV,345,Yugoslavia,Croatia,HRV,Croatia,2001,8.0,8,0,7.0,7,9.0,,,
345_HRV,345,Yugoslavia,Croatia,HRV,Croatia,2002,8.0,8,0,7.0,7,9.0,,,
345_HRV,345,Yugoslavia,Croatia,HRV,Croatia,2003,8.0,8,0,7.0,7,9.0,,,
345_HRV,345,Yugoslavia,Croatia,HRV,Croatia,2004,8.0,8,0,7.0,7,9.0,,,
345_HRV,345,Yugoslavia,Croatia,HRV,Croatia,2005,9.0,9,0,8.0,7,9.0,1.0,,0.0
345_HRV,345,Yugoslavia,Croatia,HRV,Croatia,2006,9.0,9,0,8.0,7,9.0,,,
345_HRV,345,Yugoslavia,Croatia,HRV,Croatia,2007,9.0,9,0,8.0,7,9.0,,,
345_HRV,345,Yugoslavia,Croatia,HRV,Croatia,2008,9.0,9,0,8.0,7,9.0,,,
345_HRV,345,Yugoslavia,Croatia,HRV,Croatia,2009,9.0,9,0,8.0,7,9.0,,,
345_HRV,345,Yugoslavia,Croatia,HRV,Croatia,2010,9.0,9,0,8.0,7,9.0,,,
345_HRV,345,Yugoslavia,Croatia,HRV,Croatia,2011,9.0,9,0,8.0,7,9.0,,,
345_HRV,345,Yugoslavia,Croatia,HRV,Croatia,2012,9.0,9,0,8.0,7,9.0,,,
345_HRV,345,Yugoslavia,Croatia,HRV,Croatia,2013,9.0,9,0,8.0,7,9.0,,,
345_HRV,345,Yugoslavia,Croatia,HRV,Croatia,2014,9.0,9,0,8.0,7,9.0,,,
345_HRV,345,Yugoslavia,Croatia,HRV,Croatia,2015,9.0,9,0,8.0,7,9.0,,,
345_HRV,345,Yugoslavia,Croatia,HRV,Croatia,2016,9.0,9,0,8.0,7,9.0,,,
345_HRV,345,Yugoslavia,Croatia,HRV,Croatia,2017,9.0,9,0,8.0,7,9.0,,,
345_HRV,345,Yugoslavia,Croatia,HRV,Croatia,2018,9.0,9,0,8.0,7,9.0,,,
345_MKD,345,Yugoslavia,Yugoslavia,MKD,North Macedonia,1971,-7.0,0,7,3.0,3,1.0,,,
345_MKD,345,Yugoslavia,Yugoslavia,MKD,North Macedonia,1972,-7.0,0,7,3.0,3,1.0,,,
345_MKD,345,Yugoslavia,Yugoslavia,MKD,North Macedonia,1973,-7.0,0,7,3.0,3,1.0,,,
345_MKD,345,Yugoslavia,Yugoslavia,MKD,North Macedonia,1974,-7.0,0,7,3.0,3,1.0,,,
345_MKD,345,Yugoslavia,Yugoslavia,MKD,North Macedonia,1975,-7.0,0,7,3.0,3,1.0,,,
345_MKD,345,Yugoslavia,Yugoslavia,MKD,North Macedonia,1976,-7.0,0,7,3.0,3,1.0,,,
345_MKD,345,Yugoslavia,Yugoslavia,MKD,North Macedonia,1977,-7.0,0,7,3.0,3,1.0,,,
345_MKD,345,Yugoslavia,Yugoslavia,MKD,North Macedonia,1978,-7.0,0,7,3.0,3,1.0,,,
345_MKD,345,Yugoslavia,Yugoslavia,MKD,North Macedonia,1979,-7.0,0,7,3.0,3,1.0,,,
345_MKD,345,Yugoslavia,Yugoslavia,MKD,North Macedonia,1980,-5.0,1,6,3.0,4,1.0,1.0,,0.0
345_MKD,345,Yugoslavia,Yugoslavia,MKD,North Macedonia,1981,-5.0,1,6,3.0,4,1.0,,,
345_MKD,345,Yugoslavia,Yugoslavia,MKD,North Macedonia,1982,-5.0,1,6,3.0,4,1.0,,,
345_MKD,345,Yugoslavia,Yugoslavia,MKD,North Macedonia,1983,-5.0,1,6,3.0,4,1.0,,,
345_MKD,345,Yugoslavia,Yugoslavia,MKD,North Macedonia,1984,-5.0,1,6,3.0,4,1.0,,,
345_MKD,345,Yugoslavia,Yugoslavia,MKD,North Macedonia,1985,-5.0,1,6,3.0,4,1.0,,,
345_MKD,345,Yugoslavia,Yugoslavia,MKD,North Macedonia,1986,-5.0,1,6,3.0,4,1.0,,,
345_MKD,345,Yugoslavia,Yugoslavia,MKD,North Macedonia,1987,-5.0,1,6,3.0,4,1.0,,,
345_MKD,345,Yugoslavia,Yugoslavia,MKD,North Macedonia,1988,-5.0,1,6,3.0,4,1.0,,,
345_MKD,345,Yugoslavia,Yugoslavia,MKD,North Macedonia,1989,-5.0,1,6,3.0,4,1.0,,,
345_MKD,345,Yugoslavia,Yugoslavia,MKD,North Macedonia,1990,-5.0,0,5,3.0,3,3.0,,,
345_MKD,345,Yugoslavia,Macedonia,MKD,North Macedonia,1991,6.0,6,0,7.0,5,9.0,1.0,,99.0
345_MKD,345,Yugoslavia,Macedonia,MKD,North Macedonia,1992,6.0,6,0,7.0,5,9.0,,,
345_MKD,345,Yugoslavia,Macedonia,MKD,North Macedonia,1993,6.0,6,0,7.0,5,9.0,,,
345_MKD,345,Yugoslavia,Macedonia,MKD,North Macedonia,1994,6.0,6,0,7.0,5,9.0,,,
345_MKD,345,Yugoslavia,Macedonia,MKD,North Macedonia,1995,6.0,6,0,7.0,5,9.0,,,
345_MKD,345,Yugoslavia,Macedonia,MKD,North Macedonia,1996,6.0,6,0,7.0,5,9.0,,,
345_MKD,345,Yugoslavia,Macedonia,MKD,North Macedonia,1997,6.0,6,0,7.0,5,9.0,,,
345_MKD,345,Yugoslavia,Macedonia,MKD,North Macedonia,1998,6.0,6,0,7.0,5,9.0,,,
345_MKD,345,Yugoslavia,Macedonia,MKD,North Macedonia,1999,6.0,6,0,7.0,5,9.0,,,
345_MKD,345,Yugoslavia,Macedonia,MKD,North Macedonia,2000,6.0,6,0,7.0,5,9.0,,,
345_MKD,345,Yugoslavia,Macedonia,MKD,North Macedonia,2001,6.0,6,0,7.0,5,9.0,,,
345_MKD,345,Yugoslavia,Macedonia,MKD,North Macedonia,2002,9.0,9,0,8.0,7,9.0,1.0,,2.0
345_MKD,345,Yugoslavia,Macedonia,MKD,North Macedonia,2003,9.0,9,0,8.0,7,9.0,,,
345_MKD,345,Yugoslavia,Macedonia,MKD,North Macedonia,2004,9.0,9,0,8.0,7,9.0,,,
345_MKD,345,Yugoslavia,Macedonia,MKD,North Macedonia,2005,9.0,9,0,8.0,7,9.0,,,
345_MKD,345,Yugoslavia,Macedonia,MKD,North Macedonia,2006,9.0,9,0,8.0,7,9.0,,,
345_MKD,345,Yugoslavia,Macedonia,MKD,North Macedonia,2007,9.0,9,0,8.0,7,9.0,,,
345_MKD,345,Yugoslavia,Macedonia,MKD,North Macedonia,2008,9.0,9,0,8.0,7,9.0,,,
345_MKD,345,Yugoslavia,Macedonia,MKD,North Macedonia,2009,9.0,9,0,8.0,7,9.0,,,
345_MKD,345,Yugoslavia,Macedonia,MKD,North Macedonia,2010,9.0,9,0,8.0,7,9.0,,,
345_MKD,345,Yugoslavia,Macedonia,MKD,North Macedonia,2011,9.0,9,0,8.0,7,9.0,,,
345_MKD,345,Yugoslavia,Macedonia,MKD,North Macedonia,2012,9.0,9,0,8.0,7,9.0,,,
345_MKD,345,Yugoslavia,Macedonia,MKD,North Macedonia,2013,9.0,9,0,8.0,7,9.0,,,
345_MKD,345,Yugoslavia,Macedonia,MKD,North Macedonia,2014,9.0,9,0,8.0,7,9.0,,,
345_MKD,345,Yugoslavia,Macedonia,MKD,North Macedonia,2015,9.0,9,0,8.0,7,9.0,,,
345_MKD,345,Yugoslavia,Macedonia,MKD,North Macedonia,2016,9.0,9,0,8.0,7,9.0,,,
345_MKD,345,Yugoslavia,Macedonia,MKD,North Macedonia,2017,9.0,9,0,8.0,7,9.0,,,
345_MKD,345,Yugoslavia,Macedonia,MKD,North Macedonia,2018,9.0,9,0,8.0,7,9.0,,,
345_MNE,345,Yugoslavia,Yugoslavia,MNE,Montenegro,1971,-7.0,0,7,3.0,3,1.0,,,
345_MNE,345,Yugoslavia,Yugoslavia,MNE,Montenegro,1972,-7.0,0,7,3.0,3,1.0,,,
345_MNE,345,Yugoslavia,Yugoslavia,MNE,Montenegro,1973,-7.0,0,7,3.0,3,1.0,,,
345_MNE,345,Yugoslavia,Yugoslavia,MNE,Montenegro,1974,-7.0,0,7,3.0,3,1.0,,,
345_MNE,345,Yugoslavia,Yugoslavia,MNE,Montenegro,1975,-7.0,0,7,3.0,3,1.0,,,
345_MNE,345,Yugoslavia,Yugoslavia,MNE,Montenegro,1976,-7.0,0,7,3.0,3,1.0,,,
345_MNE,345,Yugoslavia,Yugoslavia,MNE,Montenegro,1977,-7.0,0,7,3.0,3,1.0,,,
345_MNE,345,Yugoslavia,Yugoslavia,MNE,Montenegro,1978,-7.0,0,7,3.0,3,1.0,,,
345_MNE,345,Yugoslavia,Yugoslavia,MNE,Montenegro,1979,-7.0,0,7,3.0,3,1.0,,,
345_MNE,345,Yugoslavia,Yugoslavia,MNE,Montenegro,1980,-5.0,1,6,3.0,4,1.0,1.0,,0.0
345_MNE,345,Yugoslavia,Yugoslavia,MNE,Montenegro,1981,-5.0,1,6,3.0,4,1.0,,,
345_MNE,345,Yugoslavia,Yugoslavia,MNE,Montenegro,1982,-5.0,1,6,3.0,4,1.0,,,
345_MNE,345,Yugoslavia,Yugoslavia,MNE,Montenegro,1983,-5.0,1,6,3.0,4,1.0,,,
345_MNE,345,Yugoslavia,Yugoslavia,MNE,Montenegro,1984,-5.0,1,6,3.0,4,1.0,,,
345_MNE,345,Yugoslavia,Yugoslavia,MNE,Montenegro,1985,-5.0,1,6,3.0,4,1.0,,,
345_MNE,345,Yugoslavia,Yugoslavia,MNE,Montenegro,1986,-5.0,1,6,3.0,4,1.0,,,
345_MNE,345,Yugoslavia,Yugoslavia,MNE,Montenegro,1987,-5.0,1,6,3.0,4,1.0,,,
345_MNE,345,Yugoslavia,Yugoslavia,MNE,Montenegro,1988,-5.0,1,6,3.0,4,1.0,,,
345_MNE,345,Yugoslavia,Yugoslavia,MNE,Montenegro,1989,-5.0,1,6,3.0,4,1.0,,,
345_MNE,345,Yugoslavia,Yugoslavia,MNE,Montenegro,1990,-5.0,0,5,3.0,3,3.0,,,
345_MNE,347,Yugoslavia,Yugoslavia,MNE,Montenegro,1991,-5.0,0,5,3.0,3,3.0,1.0,,99.0
345_MNE,345,Yugoslavia,Yugoslavia,MNE,Montenegro,1991,-5.0,0,5,3.0,3,3.0,1.0,1.0,96.0
345_MNE,347,Yugoslavia,Yugoslavia,MNE,Montenegro,1992,-5.0,0,5,3.0,3,3.0,,,
345_MNE,347,Yugoslavia,Yugoslavia,MNE,Montenegro,1993,-7.0,0,7,3.0,1,3.0,1.0,,0.0
345_MNE,347,Yugoslavia,Yugoslavia,MNE,Montenegro,1994,-7.0,0,7,3.0,1,3.0,,,
345_MNE,347,Yugoslavia,Yugoslavia,MNE,Montenegro,1995,-7.0,0,7,3.0,1,3.0,,,
345_MNE,347,Yugoslavia,Yugoslavia,MNE,Montenegro,1996,-7.0,0,7,3.0,1,3.0,,,
345_MNE,347,Yugoslavia,Yugoslavia,MNE,Montenegro,1997,-6.0,0,6,3.0,2,3.0,1.0,,0.0
345_MNE,347,Yugoslavia,Yugoslavia,MNE,Montenegro,1998,-6.0,0,6,3.0,2,3.0,,,
345_MNE,347,Yugoslavia,Yugoslavia,MNE,Montenegro,1999,-6.0,0,6,3.0,3,2.0,,,
345_MNE,347,Yugoslavia,Yugoslavia,MNE,Montenegro,2000,7.0,7,0,7.0,6,9.0,1.0,,3.0
345_MNE,347,Yugoslavia,Yugoslavia,MNE,Montenegro,2001,7.0,7,0,7.0,6,9.0,,,
345_MNE,347,Yugoslavia,Yugoslavia,MNE,Montenegro,2002,7.0,7,0,7.0,6,9.0,,,
345_MNE,345,Yugoslavia,Serbia and Montenegro,MNE,Montenegro,2003,6.0,6,0,7.0,6,7.0,1.0,,0.0
345_MNE,345,Yugoslavia,Serbia and Montenegro,MNE,Montenegro,2004,6.0,6,0,7.0,6,7.0,,,
345_MNE,345,Yugoslavia,Serbia and Montenegro,MNE,Montenegro,2005,6.0,6,0,7.0,6,7.0,,,
345_MNE,345,Yugoslavia,Montenegro,MNE,Montenegro,2006,9.0,9,0,8.0,7,9.0,1.0,,99.0
345_MNE,345,Yugoslavia,Montenegro,MNE,Montenegro,2007,9.0,9,0,8.0,7,9.0,,,
345_MNE,345,Yugoslavia,Montenegro,MNE,Montenegro,2008,9.0,9,0,8.0,7,9.0,,,
345_MNE,345,Yugoslavia,Montenegro,MNE,Montenegro,2009,9.0,9,0,8.0,7,9.0,,,
345_MNE,345,Yugoslavia,Montenegro,MNE,Montenegro,2010,9.0,9,0,8.0,7,9.0,,,
345_MNE,345,Yugoslavia,Montenegro,MNE,Montenegro,2011,9.0,9,0,8.0,7,9.0,,,
345_MNE,345,Yugoslavia,Montenegro,MNE,Montenegro,2012,9.0,9,0,8.0,7,9.0,,,
345_MNE,345,Yugoslavia,Montenegro,MNE,Montenegro,2013,9.0,9,0,8.0,7,9.0,,,
345_MNE,345,Yugoslavia,Montenegro,MNE,Montenegro,2014,9.0,9,0,8.0,7,9.0,,,
345_MNE,345,Yugoslavia,Montenegro,MNE,Montenegro,2015,9.0,9,0,8.0,7,9.0,,,
345_MNE,345,Yugoslavia,Montenegro,MNE,Montenegro,2016,9.0,9,0,8.0,7,9.0,,,
345_MNE,345,Yugoslavia,Montenegro,MNE,Montenegro,2017,9.0,9,0,8.0,7,9.0,,,
345_MNE,345,Yugoslavia,Montenegro,MNE,Montenegro,2018,9.0,9,0,8.0,7,9.0,,,
345_SRB,345,Yugoslavia,Yugoslavia,SRB,Serbia,1971,-7.0,0,7,3.0,3,1.0,,,
345_SRB,345,Yugoslavia,Yugoslavia,SRB,Serbia,1972,-7.0,0,7,3.0,3,1.0,,,
345_SRB,345,Yugoslavia,Yugoslavia,SRB,Serbia,1973,-7.0,0,7,3.0,3,1.0,,,
345_SRB,345,Yugoslavia,Yugoslavia,SRB,Serbia,1974,-7.0,0,7,3.0,3,1.0,,,
345_SRB,345,Yugoslavia,Yugoslavia,SRB,Serbia,1975,-7.0,0,7,3.0,3,1.0,,,
345_SRB,345,Yugoslavia,Yugoslavia,SRB,Serbia,1976,-7.0,0,7,3.0,3,1.0,,,
345_SRB,345,Yugoslavia,Yugoslavia,SRB,Serbia,1977,-7.0,0,7,3.0,3,1.0,,,
345_SRB,345,Yugoslavia,Yugoslavia,SRB,Serbia,1978,-7.0,0,7,3.0,3,1.0,,,
345_SRB,345,Yugoslavia,Yugoslavia,SRB,Serbia,1979,-7.0,0,7,3.0,3,1.0,,,
345_SRB,345,Yugoslavia,Yugoslavia,SRB,Serbia,1980,-5.0,1,6,3.0,4,1.0,1.0,,0.0
345_SRB,345,Yugoslavia,Yugoslavia,SRB,Serbia,1981,-5.0,1,6,3.0,4,1.0,,,
345_SRB,345,Yugoslavia,Yugoslavia,SRB,Serbia,1982,-5.0,1,6,3.0,4,1.0,,,
345_SRB,345,Yugoslavia,Yugoslavia,SRB,Serbia,1983,-5.0,1,6,3.0,4,1.0,,,
345_SRB,345,Yugoslavia,Yugoslavia,SRB,Serbia,1984,-5.0,1,6,3.0,4,1.0,,,
345_SRB,345,Yugoslavia,Yugoslavia,SRB,Serbia,1985,-5.0,1,6,3.0,4,1.0,,,
345_SRB,345,Yugoslavia,Yugoslavia,SRB,Serbia,1986,-5.0,1,6,3.0,4,1.0,,,
345_SRB,345,Yugoslavia,Yugoslavia,SRB,Serbia,1987,-5.0,1,6,3.0,4,1.0,,,
345_SRB,345,Yugoslavia,Yugoslavia,SRB,Serbia,1988,-5.0,1,6,3.0,4,1.0,,,
345_SRB,345,Yugoslavia,Yugoslavia,SRB,Serbia,1989,-5.0,1,6,3.0,4,1.0,,,
345_SRB,345,Yugoslavia,Yugoslavia,SRB,Serbia,1990,-5.0,0,5,3.0,3,3.0,,,
345_SRB,347,Yugoslavia,Yugoslavia,SRB,Serbia,1991,-5.0,0,5,3.0,3,3.0,1.0,,99.0
345_SRB,345,Yugoslavia,Yugoslavia,SRB,Serbia,1991,-5.0,0,5,3.0,3,3.0,1.0,1.0,96.0
345_SRB,347,Yugoslavia,Yugoslavia,SRB,Serbia,1992,-5.0,0,5,3.0,3,3.0,,,
345_SRB,347,Yugoslavia,Yugoslavia,SRB,Serbia,1993,-7.0,0,7,3.0,1,3.0,1.0,,0.0
345_SRB,347,Yugoslavia,Yugoslavia,SRB,Serbia,1994,-7.0,0,7,3.0,1,3.0,,,
345_SRB,347,Yugoslavia,Yugoslavia,SRB,Serbia,1995,-7.0,0,7,3.0,1,3.0,,,
345_SRB,347,Yugoslavia,Yugoslavia,SRB,Serbia,1996,-7.0,0,7,3.0,1,3.0,,,
345_SRB,347,Yugoslavia,Yugoslavia,SRB,Serbia,1997,-6.0,0,6,3.0,2,3.0,1.0,,0.0
345_SRB,347,Yugoslavia,Yugoslavia,SRB,Serbia,1998,-6.0,0,6,3.0,2,3.0,,,
345_SRB,347,Yugoslavia,Yugoslavia,SRB,Serbia,1999,-6.0,0,6,3.0,3,2.0,,,
345_SRB,347,Yugoslavia,Yugoslavia,SRB,Serbia,2000,7.0,7,0,7.0,6,9.0,1.0,,3.0
345_SRB,347,Yugoslavia,Yugoslavia,SRB,Serbia,2001,7.0,7,0,7.0,6,9.0,,,
345_SRB,347,Yugoslavia,Yugoslavia,SRB,Serbia,2002,7.0,7,0,7.0,6,9.0,,,
345_SRB,345,Yugoslavia,Serbia and Montenegro,SRB,Serbia,2003,6.0,6,0,7.0,6,7.0,1.0,,0.0
345_SRB,345,Yugoslavia,Serbia and Montenegro,SRB,Serbia,2004,6.0,6,0,7.0,6,7.0,,,
345_SRB,345,Yugoslavia,Serbia and Montenegro,SRB,Serbia,2005,6.0,6,0,7.0,6,7.0,,,
345_SRB,345,Yugoslavia,Serbia,SRB,Serbia,2006,8.0,9,1,8.0,7,8.0,1.0,,99.0
345_SRB,345,Yugoslavia,Serbia and Montenegro,SRB,Serbia,2006,6.0,6,0,7.0,6,7.0,1.0,,98.0
345_SRB,345,Yugoslavia,Serbia,SRB,Serbia,2007,8.0,9,1,8.0,7,8.0,,,
345_SRB,345,Yugoslavia,Serbia,SRB,Serbia,2008,8.0,9,1,8.0,7,8.0,,,
345_SRB,345,Yugoslavia,Serbia,SRB,Serbia,2009,8.0,9,1,8.0,7,8.0,,,
345_SRB,345,Yugoslavia,Serbia,SRB,Serbia,2010,8.0,9,1,8.0,7,8.0,,,
345_SRB,345,Yugoslavia,Serbia,SRB,Serbia,2011,8.0,9,1,8.0,7,8.0,,,
345_SRB,345,Yugoslavia,Serbia,SRB,Serbia,2012,8.0,9,1,8.0,7,8.0,,,
345_SRB,345,Yugoslavia,Serbia,SRB,Serbia,2013,8.0,9,1,8.0,7,8.0,,,
345_SRB,345,Yugoslavia,Serbia,SRB,Serbia,2014,8.0,9,1,8.0,7,8.0,,,
345_SRB,345,Yugoslavia,Serbia,SRB,Serbia,2015,8.0,9,1,8.0,7,8.0,,,
345_SRB,345,Yugoslavia,Serbia,SRB,Serbia,2016,8.0,9,1,8.0,7,8.0,,,
345_SRB,345,Yugoslavia,Serbia,SRB,Serbia,2017,8.0,9,1,8.0,7,8.0,,,
345_SRB,345,Yugoslavia,Serbia,SRB,Serbia,2018,8.0,9,1,8.0,7,8.0,,,
345_SVN,345,Yugoslavia,Yugoslavia,SVN,Slovenia,1971,-7.0,0,7,3.0,3,1.0,,,
345_SVN,345,Yugoslavia,Yugoslavia,SVN,Slovenia,1972,-7.0,0,7,3.0,3,1.0,,,
345_SVN,345,Yugoslavia,Yugoslavia,SVN,Slovenia,1973,-7.0,0,7,3.0,3,1.0,,,
345_SVN,345,Yugoslavia,Yugoslavia,SVN,Slovenia,1974,-7.0,0,7,3.0,3,1.0,,,
345_SVN,345,Yugoslavia,Yugoslavia,SVN,Slovenia,1975,-7.0,0,7,3.0,3,1.0,,,
345_SVN,345,Yugoslavia,Yugoslavia,SVN,Slovenia,1976,-7.0,0,7,3.0,3,1.0,,,
345_SVN,345,Yugoslavia,Yugoslavia,SVN,Slovenia,1977,-7.0,0,7,3.0,3,1.0,,,
345_SVN,345,Yugoslavia,Yugoslavia,SVN,Slovenia,1978,-7.0,0,7,3.0,3,1.0,,,
345_SVN,345,Yugoslavia,Yugoslavia,SVN,Slovenia,1979,-7.0,0,7,3.0,3,1.0,,,
345_SVN,345,Yugoslavia,Yugoslavia,SVN,Slovenia,1980,-5.0,1,6,3.0,4,1.0,1.0,,0.0
345_SVN,345,Yugoslavia,Yugoslavia,SVN,Slovenia,1981,-5.0,1,6,3.0,4,1.0,,,
345_SVN,345,Yugoslavia,Yugoslavia,SVN,Slovenia,1982,-5.0,1,6,3.0,4,1.0,,,
345_SVN,345,Yugoslavia,Yugoslavia,SVN,Slovenia,1983,-5.0,1,6,3.0,4,1.0,,,
345_SVN,345,Yugoslavia,Yugoslavia,SVN,Slovenia,1984,-5.0,1,6,3.0,4,1.0,,,
345_SVN,345,Yugoslavia,Yugoslavia,SVN,Slovenia,1985,-5.0,1,6,3.0,4,1.0,,,
345_SVN,345,Yugoslavia,Yugoslavia,SVN,Slovenia,1986,-5.0,1,6,3.0,4,1.0,,,
345_SVN,345,Yugoslavia,Yugoslavia,SVN,Slovenia,1987,-5.0,1,6,3.0,4,1.0,,,
345_SVN,345,Yugoslavia,Yugoslavia,SVN,Slovenia,1988,-5.0,1,6,3.0,4,1.0,,,
345_SVN,345,Yugoslavia,Yugoslavia,SVN,Slovenia,1989,-5.0,1,6,3.0,4,1.0,,,
345_SVN,345,Yugoslavia,Yugoslavia,SVN,Slovenia,1990,-5.0,0,5,3.0,3,3.0,,,
345_SVN,345,Yugoslavia,Slovenia,SVN,Slovenia,1991,10.0,10,0,8.0,7,10.0,1.0,,99.0
345_SVN,345,Yugoslavia,Slovenia,SVN,Slovenia,1992,10.0,10,0,8.0,7,10.0,,,
345_SVN,345,Yugoslavia,Slovenia,SVN,Slovenia,1993,10.0,10,0,8.0,7,10.0,,,
345_SVN,345,Yugoslavia,Slovenia,SVN,Slovenia,1994,10.0,10,0,8.0,7,10.0,,,
345_SVN,345,Yugoslavia,Slovenia,SVN,Slovenia,1995,10.0,10,0,8.0,7,10.0,,,
345_SVN,345,Yugoslavia,Slovenia,SVN,Slovenia,1996,10.0,10,0,8.0,7,10.0,,,
345_SVN,345,Yugoslavia,Slovenia,SVN,Slovenia,1997,10.0,10,0,8.0,7,10.0,,,
345_SVN,345,Yugoslavia,Slovenia,SVN,Slovenia,1998,10.0,10,0,8.0,7,10.0,,,
345_SVN,345,Yugoslavia,Slovenia,SVN,Slovenia,1999,10.0,10,0,8.0,7,10.0,,,
345_SVN,345,Yugoslavia,Slovenia,SVN,Slovenia,2000,10.0,10,0,8.0,7,10.0,,,
345_SVN,345,Yugoslavia,Slovenia,SVN,Slovenia,2001,10.0,10,0,8.0,7,10.0,,,
345_SVN,345,Yugoslavia,Slovenia,SVN,Slovenia,2002,10.0,10,0,8.0,7,10.0,,,
345_SVN,345,Yugoslavia,Slovenia,SVN,Slovenia,2003,10.0,10,0,8.0,7,10.0,,,
345_SVN,345,Yugoslavia,Slovenia,SVN,Slovenia,2004,10.0,10,0,8.0,7,10.0,,,
345_SVN,345,Yugoslavia,Slovenia,SVN,Slovenia,2005,10.0,10,0,8.0,7,10.0,,,
345_SVN,345,Yugoslavia,Slovenia,SVN,Slovenia,2006,10.0,10,0,8.0,7,10.0,,,
345_SVN,345,Yugoslavia,Slovenia,SVN,Slovenia,2007,10.0,10,0,8.0,7,10.0,,,
345_SVN,345,Yugoslavia,Slovenia,SVN,Slovenia,2008,10.0,10,0,8.0,7,10.0,,,
345_SVN,345,Yugoslavia,Slovenia,SVN,Slovenia,2009,10.0,10,0,8.0,7,10.0,,,
345_SVN,345,Yugoslavia,Slovenia,SVN,Slovenia,2010,10.0,10,0,8.0,7,10.0,,,
345_SVN,345,Yugoslavia,Slovenia,SVN,Slovenia,2011,10.0,10,0,8.0,7,10.0,,,
345_SVN,345,Yugoslavia,Slovenia,SVN,Slovenia,2012,10.0,10,0,8.0,7,10.0,,,
345_SVN,345,Yugoslavia,Slovenia,SVN,Slovenia,2013,10.0,10,0,8.0,7,10.0,,,
345_SVN,345,Yugoslavia,Slovenia,SVN,Slovenia,2014,10.0,10,0,8.0,7,10.0,,,
345_SVN,345,Yugoslavia,Slovenia,SVN,Slovenia,2015,10.0,10,0,8.0,7,10.0,,,
345_SVN,345,Yugoslavia,Slovenia,SVN,Slovenia,2016,10.0,10,0,8.0,7,10.0,,,
345_SVN,345,Yugoslavia,Slovenia,SVN,Slovenia,2017,10.0,10,0,8.0,7,10.0,,,
345_SVN,345,Yugoslavia,Slovenia,SVN,Slovenia,2018,10.0,10,0,8.0,7,10.0,,,
350_GRC,350,Greece,Greece,GRC,Greece,1971,-7.0,0,7,4.0,1,1.0,,,
350_GRC,350,Greece,Greece,GRC,Greece,1972,-7.0,0,7,4.0,1,1.0,,,
350_GRC,350,Greece,Greece,GRC,Greece,1973,-7.0,0,7,4.0,1,1.0,,,
350_GRC,350,Greece,Greece,GRC,Greece,1974,1.0,-88,-88,-88.0,-88,-88.0,,,3.0
350_GRC,350,Greece,Greece,GRC,Greece,1975,8.0,8,0,8.0,5,10.0,1.0,,3.0
350_GRC,350,Greece,Greece,GRC,Greece,1976,8.0,8,0,8.0,5,10.0,,,
350_GRC,350,Greece,Greece,GRC,Greece,1977,8.0,8,0,8.0,5,10.0,,,
350_GRC,350,Greece,Greece,GRC,Greece,1978,8.0,8,0,8.0,5,10.0,,,
350_GRC,350,Greece,Greece,GRC,Greece,1979,8.0,8,0,8.0,5,10.0,,,
350_GRC,350,Greece,Greece,GRC,Greece,1980,8.0,8,0,8.0,5,10.0,,,
350_GRC,350,Greece,Greece,GRC,Greece,1981,8.0,8,0,8.0,5,10.0,,,
350_GRC,350,Greece,Greece,GRC,Greece,1982,8.0,8,0,8.0,5,10.0,,,
350_GRC,350,Greece,Greece,GRC,Greece,1983,8.0,8,0,8.0,5,10.0,,,
350_GRC,350,Greece,Greece,GRC,Greece,1984,8.0,8,0,8.0,5,10.0,,,
350_GRC,350,Greece,Greece,GRC,Greece,1985,8.0,8,0,8.0,5,10.0,,,
350_GRC,350,Greece,Greece,GRC,Greece,1986,10.0,10,0,8.0,7,10.0,1.0,,0.0
350_GRC,350,Greece,Greece,GRC,Greece,1987,10.0,10,0,8.0,7,10.0,,,
350_GRC,350,Greece,Greece,GRC,Greece,1988,10.0,10,0,8.0,7,10.0,,,
350_GRC,350,Greece,Greece,GRC,Greece,1989,10.0,10,0,8.0,7,10.0,,,
350_GRC,350,Greece,Greece,GRC,Greece,1990,10.0,10,0,8.0,7,10.0,,,
350_GRC,350,Greece,Greece,GRC,Greece,1991,10.0,10,0,8.0,7,10.0,,,
350_GRC,350,Greece,Greece,GRC,Greece,1992,10.0,10,0,8.0,7,10.0,,,
350_GRC,350,Greece,Greece,GRC,Greece,1993,10.0,10,0,8.0,7,10.0,,,
350_GRC,350,Greece,Greece,GRC,Greece,1994,10.0,10,0,8.0,7,10.0,,,
350_GRC,350,Greece,Greece,GRC,Greece,1995,10.0,10,0,8.0,7,10.0,,,
350_GRC,350,Greece,Greece,GRC,Greece,1996,10.0,10,0,8.0,7,10.0,,,
350_GRC,350,Greece,Greece,GRC,Greece,1997,10.0,10,0,8.0,7,10.0,,,
350_GRC,350,Greece,Greece,GRC,Greece,1998,10.0,10,0,8.0,7,10.0,,,
350_GRC,350,Greece,Greece,GRC,Greece,1999,10.0,10,0,8.0,7,10.0,,,
350_GRC,350,Greece,Greece,GRC,Greece,2000,10.0,10,0,8.0,7,10.0,,,
350_GRC,350,Greece,Greece,GRC,Greece,2001,10.0,10,0,8.0,7,10.0,,,
350_GRC,350,Greece,Greece,GRC,Greece,2002,10.0,10,0,8.0,7,10.0,,,
350_GRC,350,Greece,Greece,GRC,Greece,2003,10.0,10,0,8.0,7,10.0,,,
350_GRC,350,Greece,Greece,GRC,Greece,2004,10.0,10,0,8.0,7,10.0,,,
350_GRC,350,Greece,Greece,GRC,Greece,2005,10.0,10,0,8.0,7,10.0,,,
350_GRC,350,Greece,Greece,GRC,Greece,2006,10.0,10,0,8.0,7,10.0,,,
350_GRC,350,Greece,Greece,GRC,Greece,2007,10.0,10,0,8.0,7,10.0,,,
350_GRC,350,Greece,Greece,GRC,Greece,2008,10.0,10,0,8.0,7,10.0,,,
350_GRC,350,Greece,Greece,GRC,Greece,2009,10.0,10,0,8.0,7,10.0,,,
350_GRC,350,Greece,Greece,GRC,Greece,2010,10.0,10,0,8.0,7,10.0,,,
350_GRC,350,Greece,Greece,GRC,Greece,2011,10.0,10,0,8.0,7,10.0,,,
350_GRC,350,Greece,Greece,GRC,Greece,2012,10.0,10,0,8.0,7,10.0,,,
350_GRC,350,Greece,Greece,GRC,Greece,2013,10.0,10,0,8.0,7,10.0,,,
350_GRC,350,Greece,Greece,GRC,Greece,2014,10.0,10,0,8.0,7,10.0,,,
350_GRC,350,Greece,Greece,GRC,Greece,2015,10.0,10,0,8.0,7,10.0,,,
350_GRC,350,Greece,Greece,GRC,Greece,2016,10.0,10,0,8.0,7,10.0,,,
350_GRC,350,Greece,Greece,GRC,Greece,2017,10.0,10,0,8.0,7,10.0,,,
350_GRC,350,Greece,Greece,GRC,Greece,2018,10.0,10,0,8.0,7,10.0,,,
352_CYP,352,Cyprus,Cyprus,CYP,Cyprus,1971,7.0,7,0,8.0,6,7.0,,,
352_CYP,352,Cyprus,Cyprus,CYP,Cyprus,1972,7.0,7,0,8.0,6,7.0,,,
352_CYP,352,Cyprus,Cyprus,CYP,Cyprus,1973,7.0,7,0,8.0,6,7.0,,,
352_CYP,352,Cyprus,Cyprus,CYP,Cyprus,1974,8.0,-88,-88,-88.0,-88,-88.0,,,1.0
352_CYP,352,Cyprus,Cyprus,CYP,Cyprus,1975,10.0,10,0,8.0,7,10.0,1.0,,1.0
352_CYP,352,Cyprus,Cyprus,CYP,Cyprus,1976,10.0,10,0,8.0,7,10.0,,,
352_CYP,352,Cyprus,Cyprus,CYP,Cyprus,1977,10.0,10,0,8.0,7,10.0,,,
352_CYP,352,Cyprus,Cyprus,CYP,Cyprus,1978,10.0,10,0,8.0,7,10.0,,,
352_CYP,352,Cyprus,Cyprus,CYP,Cyprus,1979,10.0,10,0,8.0,7,10.0,,,
352_CYP,352,Cyprus,Cyprus,CYP,Cyprus,1980,10.0,10,0,8.0,7,10.0,,,
352_CYP,352,Cyprus,Cyprus,CYP,Cyprus,1981,10.0,10,0,8.0,7,10.0,,,
352_CYP,352,Cyprus,Cyprus,CYP,Cyprus,1982,10.0,10,0,8.0,7,10.0,,,
352_CYP,352,Cyprus,Cyprus,CYP,Cyprus,1983,10.0,10,0,8.0,7,10.0,,,
352_CYP,352,Cyprus,Cyprus,CYP,Cyprus,1984,10.0,10,0,8.0,7,10.0,,,
352_CYP,352,Cyprus,Cyprus,CYP,Cyprus,1985,10.0,10,0,8.0,7,10.0,,,
352_CYP,352,Cyprus,Cyprus,CYP,Cyprus,1986,10.0,10,0,8.0,7,10.0,,,
352_CYP,352,Cyprus,Cyprus,CYP,Cyprus,1987,10.0,10,0,8.0,7,10.0,,,
352_CYP,352,Cyprus,Cyprus,CYP,Cyprus,1988,10.0,10,0,8.0,7,10.0,,,
352_CYP,352,Cyprus,Cyprus,CYP,Cyprus,1989,10.0,10,0,8.0,7,10.0,,,
352_CYP,352,Cyprus,Cyprus,CYP,Cyprus,1990,10.0,10,0,8.0,7,10.0,,,
352_CYP,352,Cyprus,Cyprus,CYP,Cyprus,1991,10.0,10,0,8.0,7,10.0,,,
352_CYP,352,Cyprus,Cyprus,CYP,Cyprus,1992,10.0,10,0,8.0,7,10.0,,,
352_CYP,352,Cyprus,Cyprus,CYP,Cyprus,1993,10.0,10,0,8.0,7,10.0,,,
352_CYP,352,Cyprus,Cyprus,CYP,Cyprus,1994,10.0,10,0,8.0,7,10.0,,,
352_CYP,352,Cyprus,Cyprus,CYP,Cyprus,1995,10.0,10,0,8.0,7,10.0,,,
352_CYP,352,Cyprus,Cyprus,CYP,Cyprus,1996,10.0,10,0,8.0,7,10.0,,,
352_CYP,352,Cyprus,Cyprus,CYP,Cyprus,1997,10.0,10,0,8.0,7,10.0,,,
352_CYP,352,Cyprus,Cyprus,CYP,Cyprus,1998,10.0,10,0,8.0,7,10.0,,,
352_CYP,352,Cyprus,Cyprus,CYP,Cyprus,1999,10.0,10,0,8.0,7,10.0,,,
352_CYP,352,Cyprus,Cyprus,CYP,Cyprus,2000,10.0,10,0,8.0,7,10.0,,,
352_CYP,352,Cyprus,Cyprus,CYP,Cyprus,2001,10.0,10,0,8.0,7,10.0,,,
352_CYP,352,Cyprus,Cyprus,CYP,Cyprus,2002,10.0,10,0,8.0,7,10.0,,,
352_CYP,352,Cyprus,Cyprus,CYP,Cyprus,2003,10.0,10,0,8.0,7,10.0,,,
352_CYP,352,Cyprus,Cyprus,CYP,Cyprus,2004,10.0,10,0,8.0,7,10.0,,,
352_CYP,352,Cyprus,Cyprus,CYP,Cyprus,2005,10.0,10,0,8.0,7,10.0,,,
352_CYP,352,Cyprus,Cyprus,CYP,Cyprus,2006,10.0,10,0,8.0,7,10.0,,,
352_CYP,352,Cyprus,Cyprus,CYP,Cyprus,2007,10.0,10,0,8.0,7,10.0,,,
352_CYP,352,Cyprus,Cyprus,CYP,Cyprus,2008,10.0,10,0,8.0,7,10.0,,,
352_CYP,352,Cyprus,Cyprus,CYP,Cyprus,2009,10.0,10,0,8.0,7,10.0,,,
352_CYP,352,Cyprus,Cyprus,CYP,Cyprus,2010,10.0,10,0,8.0,7,10.0,,,
352_CYP,352,Cyprus,Cyprus,CYP,Cyprus,2011,10.0,10,0,8.0,7,10.0,,,
352_CYP,352,Cyprus,Cyprus,CYP,Cyprus,2012,10.0,10,0,8.0,7,10.0,,,
352_CYP,352,Cyprus,Cyprus,CYP,Cyprus,2013,10.0,10,0,8.0,7,10.0,,,
352_CYP,352,Cyprus,Cyprus,CYP,Cyprus,2014,10.0,10,0,8.0,7,10.0,,,
352_CYP,352,Cyprus,Cyprus,CYP,Cyprus,2015,10.0,10,0,8.0,7,10.0,,,
352_CYP,352,Cyprus,Cyprus,CYP,Cyprus,2016,10.0,10,0,8.0,7,10.0,,,
352_CYP,352,Cyprus,Cyprus,CYP,Cyprus,2017,10.0,10,0,8.0,7,10.0,,,
352_CYP,352,Cyprus,Cyprus,CYP,Cyprus,2018,10.0,10,0,8.0,7,10.0,,,
355_BGR,355,Bulgaria,Bulgaria,BGR,Bulgaria,1971,-7.0,0,7,3.0,3,1.0,,,
355_BGR,355,Bulgaria,Bulgaria,BGR,Bulgaria,1972,-7.0,0,7,3.0,3,1.0,,,
355_BGR,355,Bulgaria,Bulgaria,BGR,Bulgaria,1973,-7.0,0,7,3.0,3,1.0,,,
355_BGR,355,Bulgaria,Bulgaria,BGR,Bulgaria,1974,-7.0,0,7,3.0,3,1.0,,,
355_BGR,355,Bulgaria,Bulgaria,BGR,Bulgaria,1975,-7.0,0,7,3.0,3,1.0,,,
355_BGR,355,Bulgaria,Bulgaria,BGR,Bulgaria,1976,-7.0,0,7,3.0,3,1.0,,,
355_BGR,355,Bulgaria,Bulgaria,BGR,Bulgaria,1977,-7.0,0,7,3.0,3,1.0,,,
355_BGR,355,Bulgaria,Bulgaria,BGR,Bulgaria,1978,-7.0,0,7,3.0,3,1.0,,,
355_BGR,355,Bulgaria,Bulgaria,BGR,Bulgaria,1979,-7.0,0,7,3.0,3,1.0,,,
355_BGR,355,Bulgaria,Bulgaria,BGR,Bulgaria,1980,-7.0,0,7,3.0,3,1.0,,,
355_BGR,355,Bulgaria,Bulgaria,BGR,Bulgaria,1981,-7.0,0,7,3.0,3,1.0,,,
355_BGR,355,Bulgaria,Bulgaria,BGR,Bulgaria,1982,-7.0,0,7,3.0,3,1.0,,,
355_BGR,355,Bulgaria,Bulgaria,BGR,Bulgaria,1983,-7.0,0,7,3.0,3,1.0,,,
355_BGR,355,Bulgaria,Bulgaria,BGR,Bulgaria,1984,-7.0,0,7,3.0,3,1.0,,,
355_BGR,355,Bulgaria,Bulgaria,BGR,Bulgaria,1985,-7.0,0,7,3.0,3,1.0,,,
355_BGR,355,Bulgaria,Bulgaria,BGR,Bulgaria,1986,-7.0,0,7,3.0,3,1.0,,,
355_BGR,355,Bulgaria,Bulgaria,BGR,Bulgaria,1987,-7.0,0,7,3.0,3,1.0,,,
355_BGR,355,Bulgaria,Bulgaria,BGR,Bulgaria,1988,-7.0,0,7,3.0,3,1.0,,,
355_BGR,355,Bulgaria,Bulgaria,BGR,Bulgaria,1989,1.0,2,1,5.0,4,6.0,,,3.0
355_BGR,355,Bulgaria,Bulgaria,BGR,Bulgaria,1990,7.0,7,0,7.0,7,7.0,,,3.0
355_BGR,355,Bulgaria,Bulgaria,BGR,Bulgaria,1991,7.0,7,0,7.0,7,7.0,,,3.0
355_BGR,355,Bulgaria,Bulgaria,BGR,Bulgaria,1992,8.0,8,0,8.0,7,7.0,1.0,,3.0
355_BGR,355,Bulgaria,Bulgaria,BGR,Bulgaria,1993,8.0,8,0,8.0,7,7.0,,,
355_BGR,355,Bulgaria,Bulgaria,BGR,Bulgaria,1994,8.0,8,0,8.0,7,7.0,,,
355_BGR,355,Bulgaria,Bulgaria,BGR,Bulgaria,1995,8.0,8,0,8.0,7,7.0,,,
355_BGR,355,Bulgaria,Bulgaria,BGR,Bulgaria,1996,8.0,8,0,8.0,7,7.0,,,
355_BGR,355,Bulgaria,Bulgaria,BGR,Bulgaria,1997,8.0,8,0,8.0,7,7.0,,,
355_BGR,355,Bulgaria,Bulgaria,BGR,Bulgaria,1998,8.0,8,0,8.0,7,7.0,,,
355_BGR,355,Bulgaria,Bulgaria,BGR,Bulgaria,1999,8.0,8,0,8.0,7,7.0,,,
355_BGR,355,Bulgaria,Bulgaria,BGR,Bulgaria,2000,8.0,8,0,8.0,7,7.0,,,
355_BGR,355,Bulgaria,Bulgaria,BGR,Bulgaria,2001,9.0,9,0,8.0,7,9.0,1.0,,0.0
355_BGR,355,Bulgaria,Bulgaria,BGR,Bulgaria,2002,9.0,9,0,8.0,7,9.0,,,
355_BGR,355,Bulgaria,Bulgaria,BGR,Bulgaria,2003,9.0,9,0,8.0,7,9.0,,,
355_BGR,355,Bulgaria,Bulgaria,BGR,Bulgaria,2004,9.0,9,0,8.0,7,9.0,,,
355_BGR,355,Bulgaria,Bulgaria,BGR,Bulgaria,2005,9.0,9,0,8.0,7,9.0,,,
355_BGR,355,Bulgaria,Bulgaria,BGR,Bulgaria,2006,9.0,9,0,8.0,7,9.0,,,
355_BGR,355,Bulgaria,Bulgaria,BGR,Bulgaria,2007,9.0,9,0,8.0,7,9.0,,,
355_BGR,355,Bulgaria,Bulgaria,BGR,Bulgaria,2008,9.0,9,0,8.0,7,9.0,,,
355_BGR,355,Bulgaria,Bulgaria,BGR,Bulgaria,2009,9.0,9,0,8.0,7,9.0,,,
355_BGR,355,Bulgaria,Bulgaria,BGR,Bulgaria,2010,9.0,9,0,8.0,7,9.0,,,
355_BGR,355,Bulgaria,Bulgaria,BGR,Bulgaria,2011,9.0,9,0,8.0,7,9.0,,,
355_BGR,355,Bulgaria,Bulgaria,BGR,Bulgaria,2012,9.0,9,0,8.0,7,9.0,,,
355_BGR,355,Bulgaria,Bulgaria,BGR,Bulgaria,2013,9.0,9,0,8.0,7,9.0,,,
355_BGR,355,Bulgaria,Bulgaria,BGR,Bulgaria,2014,9.0,9,0,8.0,7,9.0,,,
355_BGR,355,Bulgaria,Bulgaria,BGR,Bulgaria,2015,9.0,9,0,8.0,7,9.0,,,
355_BGR,355,Bulgaria,Bulgaria,BGR,Bulgaria,2016,9.0,9,0,8.0,7,9.0,,,
355_BGR,355,Bulgaria,Bulgaria,BGR,Bulgaria,2017,9.0,9,0,8.0,7,9.0,,,
355_BGR,355,Bulgaria,Bulgaria,BGR,Bulgaria,2018,9.0,9,0,8.0,7,9.0,,,
360_ROU,360,Romania,Romania,ROU,Romania,1971,-7.0,0,7,3.0,3,1.0,,,
360_ROU,360,Romania,Romania,ROU,Romania,1972,-7.0,0,7,3.0,3,1.0,,,
360_ROU,360,Romania,Romania,ROU,Romania,1973,-7.0,0,7,3.0,3,1.0,,,
360_ROU,360,Romania,Romania,ROU,Romania,1974,-7.0,0,7,3.0,3,1.0,,,
360_ROU,360,Romania,Romania,ROU,Romania,1975,-7.0,0,7,3.0,3,1.0,,,
360_ROU,360,Romania,Romania,ROU,Romania,1976,-7.0,0,7,3.0,3,1.0,,,
360_ROU,360,Romania,Romania,ROU,Romania,1977,-8.0,0,8,3.0,2,1.0,1.0,,0.0
360_ROU,360,Romania,Romania,ROU,Romania,1978,-8.0,0,8,3.0,2,1.0,,,
360_ROU,360,Romania,Romania,ROU,Romania,1979,-8.0,0,8,3.0,2,1.0,,,
360_ROU,360,Romania,Romania,ROU,Romania,1980,-8.0,0,8,3.0,2,1.0,,,
360_ROU,360,Romania,Romania,ROU,Romania,1981,-8.0,0,8,3.0,2,1.0,,,
360_ROU,360,Romania,Romania,ROU,Romania,1982,-8.0,0,8,3.0,2,1.0,,,
360_ROU,360,Romania,Romania,ROU,Romania,1983,-8.0,0,8,3.0,2,1.0,,,
360_ROU,360,Romania,Romania,ROU,Romania,1984,-8.0,0,8,3.0,2,1.0,,,
360_ROU,360,Romania,Romania,ROU,Romania,1985,-8.0,0,8,3.0,2,1.0,,,
360_ROU,360,Romania,Romania,ROU,Romania,1986,-8.0,0,8,3.0,2,1.0,,,
360_ROU,360,Romania,Romania,ROU,Romania,1987,-8.0,0,8,3.0,2,1.0,,,
360_ROU,360,Romania,Romania,ROU,Romania,1988,-8.0,0,8,3.0,2,1.0,,,
360_ROU,360,Romania,Romania,ROU,Romania,1989,-1.0,-88,-88,-88.0,-88,-88.0,,,3.0
360_ROU,360,Romania,Romania,ROU,Romania,1990,5.0,5,0,7.0,5,7.0,1.0,,3.0
360_ROU,360,Romania,Romania,ROU,Romania,1991,5.0,5,0,7.0,5,7.0,,,
360_ROU,360,Romania,Romania,ROU,Romania,1992,5.0,5,0,7.0,5,7.0,,,
360_ROU,360,Romania,Romania,ROU,Romania,1993,5.0,5,0,7.0,5,7.0,,,
360_ROU,360,Romania,Romania,ROU,Romania,1994,5.0,5,0,7.0,5,7.0,,,
360_ROU,360,Romania,Romania,ROU,Romania,1995,5.0,5,0,7.0,5,7.0,,,
360_ROU,360,Romania,Romania,ROU,Romania,1996,8.0,8,0,8.0,6,9.0,1.0,,2.0
360_ROU,360,Romania,Romania,ROU,Romania,1997,8.0,8,0,8.0,6,9.0,,,
360_ROU,360,Romania,Romania,ROU,Romania,1998,8.0,8,0,8.0,6,9.0,,,
360_ROU,360,Romania,Romania,ROU,Romania,1999,8.0,8,0,8.0,6,9.0,,,
360_ROU,360,Romania,Romania,ROU,Romania,2000,8.0,8,0,8.0,6,9.0,,,
360_ROU,360,Romania,Romania,ROU,Romania,2001,8.0,8,0,8.0,6,9.0,,,
360_ROU,360,Romania,Romania,ROU,Romania,2002,8.0,8,0,8.0,6,9.0,,,
360_ROU,360,Romania,Romania,ROU,Romania,2003,8.0,8,0,8.0,6,9.0,,,
360_ROU,360,Romania,Romania,ROU,Romania,2004,9.0,9,0,8.0,7,9.0,1.0,,0.0
360_ROU,360,Romania,Romania,ROU,Romania,2005,9.0,9,0,8.0,7,9.0,,,
360_ROU,360,Romania,Romania,ROU,Romania,2006,9.0,9,0,8.0,7,9.0,,,
360_ROU,360,Romania,Romania,ROU,Romania,2007,9.0,9,0,8.0,7,9.0,,,
360_ROU,360,Romania,Romania,ROU,Romania,2008,9.0,9,0,8.0,7,9.0,,,
360_ROU,360,Romania,Romania,ROU,Romania,2009,9.0,9,0,8.0,7,9.0,,,
360_ROU,360,Romania,Romania,ROU,Romania,2010,9.0,9,0,8.0,7,9.0,,,
360_ROU,360,Romania,Romania,ROU,Romania,2011,9.0,9,0,8.0,7,9.0,,,
360_ROU,360,Romania,Romania,ROU,Romania,2012,9.0,9,0,8.0,7,9.0,,,
360_ROU,360,Romania,Romania,ROU,Romania,2013,9.0,9,0,8.0,7,9.0,,,
360_ROU,360,Romania,Romania,ROU,Romania,2014,9.0,9,0,8.0,7,9.0,,,
360_ROU,360,Romania,Romania,ROU,Romania,2015,9.0,9,0,8.0,7,9.0,,,
360_ROU,360,Romania,Romania,ROU,Romania,2016,9.0,9,0,8.0,7,9.0,,,
360_ROU,360,Romania,Romania,ROU,Romania,2017,9.0,9,0,8.0,7,9.0,,,
360_ROU,360,Romania,Romania,ROU,Romania,2018,9.0,9,0,8.0,7,9.0,,,
364_ARM,364,USSR,USSR,ARM,Armenia,1971,-7.0,0,7,3.0,3,1.0,,,
364_ARM,364,USSR,USSR,ARM,Armenia,1972,-7.0,0,7,3.0,3,1.0,,,
364_ARM,364,USSR,USSR,ARM,Armenia,1973,-7.0,0,7,3.0,3,1.0,,,
364_ARM,364,USSR,USSR,ARM,Armenia,1974,-7.0,0,7,3.0,3,1.0,,,
364_ARM,364,USSR,USSR,ARM,Armenia,1975,-7.0,0,7,3.0,3,1.0,,,
364_ARM,364,USSR,USSR,ARM,Armenia,1976,-7.0,0,7,3.0,3,1.0,,,
364_ARM,364,USSR,USSR,ARM,Armenia,1977,-7.0,0,7,3.0,3,1.0,,,
364_ARM,364,USSR,USSR,ARM,Armenia,1978,-7.0,0,7,3.0,3,1.0,,,
364_ARM,364,USSR,USSR,ARM,Armenia,1979,-7.0,0,7,3.0,3,1.0,,,
364_ARM,364,USSR,USSR,ARM,Armenia,1980,-7.0,0,7,3.0,3,1.0,,,
364_ARM,364,USSR,USSR,ARM,Armenia,1981,-7.0,0,7,3.0,3,1.0,,,
364_ARM,364,USSR,USSR,ARM,Armenia,1982,-7.0,0,7,3.0,3,1.0,,,
364_ARM,364,USSR,USSR,ARM,Armenia,1983,-7.0,0,7,3.0,3,1.0,,,
364_ARM,364,USSR,USSR,ARM,Armenia,1984,-7.0,0,7,3.0,3,1.0,,,
364_ARM,364,USSR,USSR,ARM,Armenia,1985,-7.0,0,7,3.0,3,1.0,,,
364_ARM,364,USSR,USSR,ARM,Armenia,1986,-7.0,0,7,3.0,3,1.0,,,
364_ARM,364,USSR,USSR,ARM,Armenia,1987,-7.0,0,7,3.0,3,1.0,,,
364_ARM,364,USSR,USSR,ARM,Armenia,1988,-6.0,0,6,3.0,3,2.0,,,1.0
364_ARM,364,USSR,USSR,ARM,Armenia,1989,-4.0,1,5,3.0,4,2.0,,,1.0
364_ARM,364,USSR,USSR,ARM,Armenia,1990,0.0,3,3,7.0,4,2.0,1.0,,1.0
364_ARM,364,USSR,Armenia,ARM,Armenia,1991,6.0,6,0,7.0,5,9.0,1.0,,99.0
364_ARM,364,USSR,Armenia,ARM,Armenia,1992,6.0,6,0,7.0,5,9.0,,,
364_ARM,364,USSR,Armenia,ARM,Armenia,1993,6.0,6,0,7.0,5,9.0,,,
364_ARM,364,USSR,Armenia,ARM,Armenia,1994,6.0,6,0,7.0,5,9.0,,,
364_ARM,364,USSR,Armenia,ARM,Armenia,1995,1.0,3,2,7.0,3,6.0,,,-2.0
364_ARM,364,USSR,Armenia,ARM,Armenia,1996,-6.0,0,6,3.0,3,2.0,1.0,,-2.0
364_ARM,364,USSR,Armenia,ARM,Armenia,1997,-6.0,0,6,3.0,3,2.0,,,
364_ARM,364,USSR,Armenia,ARM,Armenia,1998,5.0,6,1,7.0,5,8.0,1.0,,3.0
364_ARM,364,USSR,Armenia,ARM,Armenia,1999,5.0,6,1,7.0,5,8.0,,,
364_ARM,364,USSR,Armenia,ARM,Armenia,2000,5.0,6,1,7.0,5,8.0,,,
364_ARM,364,USSR,Armenia,ARM,Armenia,2001,5.0,6,1,7.0,5,8.0,,,
364_ARM,364,USSR,Armenia,ARM,Armenia,2002,5.0,6,1,7.0,5,8.0,,,
364_ARM,364,USSR,Armenia,ARM,Armenia,2003,5.0,5,0,7.0,5,7.0,1.0,,0.0
364_ARM,364,USSR,Armenia,ARM,Armenia,2004,5.0,5,0,7.0,5,7.0,,,
364_ARM,364,USSR,Armenia,ARM,Armenia,2005,5.0,5,0,7.0,5,7.0,,,
364_ARM,364,USSR,Armenia,ARM,Armenia,2006,5.0,5,0,7.0,5,7.0,,,
364_ARM,364,USSR,Armenia,ARM,Armenia,2007,5.0,5,0,7.0,5,7.0,,,
364_ARM,364,USSR,Armenia,ARM,Armenia,2008,5.0,5,0,7.0,5,7.0,,,
364_ARM,364,USSR,Armenia,ARM,Armenia,2009,5.0,5,0,7.0,5,7.0,,,
364_ARM,364,USSR,Armenia,ARM,Armenia,2010,5.0,5,0,7.0,5,7.0,,,
364_ARM,364,USSR,Armenia,ARM,Armenia,2011,5.0,5,0,7.0,5,7.0,,,
364_ARM,364,USSR,Armenia,ARM,Armenia,2012,5.0,5,0,7.0,5,7.0,,,
364_ARM,364,USSR,Armenia,ARM,Armenia,2013,5.0,5,0,7.0,5,7.0,,,
364_ARM,364,USSR,Armenia,ARM,Armenia,2014,5.0,5,0,7.0,5,7.0,,,
364_ARM,364,USSR,Armenia,ARM,Armenia,2015,5.0,5,0,7.0,5,7.0,,,
364_ARM,364,USSR,Armenia,ARM,Armenia,2016,5.0,5,0,7.0,5,7.0,,,
364_ARM,364,USSR,Armenia,ARM,Armenia,2017,5.0,5,0,7.0,5,7.0,,,
364_ARM,364,USSR,Armenia,ARM,Armenia,2018,7.0,7,0,7.0,6,9.0,1.0,,0.0
364_AZE,364,USSR,USSR,AZE,Azerbaijan,1971,-7.0,0,7,3.0,3,1.0,,,
364_AZE,364,USSR,USSR,AZE,Azerbaijan,1972,-7.0,0,7,3.0,3,1.0,,,
364_AZE,364,USSR,USSR,AZE,Azerbaijan,1973,-7.0,0,7,3.0,3,1.0,,,
364_AZE,364,USSR,USSR,AZE,Azerbaijan,1974,-7.0,0,7,3.0,3,1.0,,,
364_AZE,364,USSR,USSR,AZE,Azerbaijan,1975,-7.0,0,7,3.0,3,1.0,,,
364_AZE,364,USSR,USSR,AZE,Azerbaijan,1976,-7.0,0,7,3.0,3,1.0,,,
364_AZE,364,USSR,USSR,AZE,Azerbaijan,1977,-7.0,0,7,3.0,3,1.0,,,
364_AZE,364,USSR,USSR,AZE,Azerbaijan,1978,-7.0,0,7,3.0,3,1.0,,,
364_AZE,364,USSR,USSR,AZE,Azerbaijan,1979,-7.0,0,7,3.0,3,1.0,,,
364_AZE,364,USSR,USSR,AZE,Azerbaijan,1980,-7.0,0,7,3.0,3,1.0,,,
364_AZE,364,USSR,USSR,AZE,Azerbaijan,1981,-7.0,0,7,3.0,3,1.0,,,
364_AZE,364,USSR,USSR,AZE,Azerbaijan,1982,-7.0,0,7,3.0,3,1.0,,,
364_AZE,364,USSR,USSR,AZE,Azerbaijan,1983,-7.0,0,7,3.0,3,1.0,,,
364_AZE,364,USSR,USSR,AZE,Azerbaijan,1984,-7.0,0,7,3.0,3,1.0,,,
364_AZE,364,USSR,USSR,AZE,Azerbaijan,1985,-7.0,0,7,3.0,3,1.0,,,
364_AZE,364,USSR,USSR,AZE,Azerbaijan,1986,-7.0,0,7,3.0,3,1.0,,,
364_AZE,364,USSR,USSR,AZE,Azerbaijan,1987,-7.0,0,7,3.0,3,1.0,,,
364_AZE,364,USSR,USSR,AZE,Azerbaijan,1988,-6.0,0,6,3.0,3,2.0,,,1.0
364_AZE,364,USSR,USSR,AZE,Azerbaijan,1989,-4.0,1,5,3.0,4,2.0,,,1.0
364_AZE,364,USSR,USSR,AZE,Azerbaijan,1990,0.0,3,3,7.0,4,2.0,1.0,,1.0
364_AZE,364,USSR,Azerbaijan,AZE,Azerbaijan,1991,-3.0,1,4,3.0,3,6.0,1.0,,99.0
364_AZE,364,USSR,Azerbaijan,AZE,Azerbaijan,1992,1.0,3,2,7.0,3,6.0,1.0,,2.0
364_AZE,364,USSR,Azerbaijan,AZE,Azerbaijan,1993,-3.0,1,4,3.0,3,6.0,,,-2.0
364_AZE,364,USSR,Azerbaijan,AZE,Azerbaijan,1994,-3.0,1,4,3.0,3,6.0,,,-2.0
364_AZE,364,USSR,Azerbaijan,AZE,Azerbaijan,1995,-6.0,0,6,3.0,2,3.0,1.0,,-2.0
364_AZE,364,USSR,Azerbaijan,AZE,Azerbaijan,1996,-6.0,0,6,3.0,2,3.0,,,
364_AZE,364,USSR,Azerbaijan,AZE,Azerbaijan,1997,-6.0,0,6,3.0,2,3.0,,,
364_AZE,364,USSR,Azerbaijan,AZE,Azerbaijan,1998,-7.0,0,7,3.0,2,2.0,1.0,,0.0
364_AZE,364,USSR,Azerbaijan,AZE,Azerbaijan,1999,-7.0,0,7,3.0,2,2.0,,,
364_AZE,364,USSR,Azerbaijan,AZE,Azerbaijan,2000,-7.0,0,7,3.0,2,2.0,,,
364_AZE,364,USSR,Azerbaijan,AZE,Azerbaijan,2001,-7.0,0,7,3.0,2,2.0,,,
364_AZE,364,USSR,Azerbaijan,AZE,Azerbaijan,2002,-7.0,0,7,3.0,2,2.0,,,
364_AZE,364,USSR,Azerbaijan,AZE,Azerbaijan,2003,-7.0,0,7,3.0,2,2.0,,,
364_AZE,364,USSR,Azerbaijan,AZE,Azerbaijan,2004,-7.0,0,7,3.0,2,2.0,,,
364_AZE,364,USSR,Azerbaijan,AZE,Azerbaijan,2005,-7.0,0,7,3.0,2,2.0,,,
364_AZE,364,USSR,Azerbaijan,AZE,Azerbaijan,2006,-7.0,0,7,3.0,2,2.0,,,
364_AZE,364,USSR,Azerbaijan,AZE,Azerbaijan,2007,-7.0,0,7,3.0,2,2.0,,,
364_AZE,364,USSR,Azerbaijan,AZE,Azerbaijan,2008,-7.0,0,7,3.0,2,2.0,,,
364_AZE,364,USSR,Azerbaijan,AZE,Azerbaijan,2009,-7.0,0,7,3.0,2,2.0,,,
364_AZE,364,USSR,Azerbaijan,AZE,Azerbaijan,2010,-7.0,0,7,3.0,2,2.0,,,
364_AZE,364,USSR,Azerbaijan,AZE,Azerbaijan,2011,-7.0,0,7,3.0,2,2.0,,,
364_AZE,364,USSR,Azerbaijan,AZE,Azerbaijan,2012,-7.0,0,7,3.0,2,2.0,,,
364_AZE,364,USSR,Azerbaijan,AZE,Azerbaijan,2013,-7.0,0,7,3.0,2,2.0,,,
364_AZE,364,USSR,Azerbaijan,AZE,Azerbaijan,2014,-7.0,0,7,3.0,2,2.0,,,
364_AZE,364,USSR,Azerbaijan,AZE,Azerbaijan,2015,-7.0,0,7,3.0,2,2.0,,,
364_AZE,364,USSR,Azerbaijan,AZE,Azerbaijan,2016,-7.0,0,7,3.0,2,2.0,,,
364_AZE,364,USSR,Azerbaijan,AZE,Azerbaijan,2017,-7.0,0,7,3.0,2,2.0,,,
364_AZE,364,USSR,Azerbaijan,AZE,Azerbaijan,2018,-7.0,0,7,3.0,2,2.0,,,
364_BLR,364,USSR,USSR,BLR,Belarus,1971,-7.0,0,7,3.0,3,1.0,,,
364_BLR,364,USSR,USSR,BLR,Belarus,1972,-7.0,0,7,3.0,3,1.0,,,
364_BLR,364,USSR,USSR,BLR,Belarus,1973,-7.0,0,7,3.0,3,1.0,,,
364_BLR,364,USSR,USSR,BLR,Belarus,1974,-7.0,0,7,3.0,3,1.0,,,
364_BLR,364,USSR,USSR,BLR,Belarus,1975,-7.0,0,7,3.0,3,1.0,,,
364_BLR,364,USSR,USSR,BLR,Belarus,1976,-7.0,0,7,3.0,3,1.0,,,
364_BLR,364,USSR,USSR,BLR,Belarus,1977,-7.0,0,7,3.0,3,1.0,,,
364_BLR,364,USSR,USSR,BLR,Belarus,1978,-7.0,0,7,3.0,3,1.0,,,
364_BLR,364,USSR,USSR,BLR,Belarus,1979,-7.0,0,7,3.0,3,1.0,,,
364_BLR,364,USSR,USSR,BLR,Belarus,1980,-7.0,0,7,3.0,3,1.0,,,
364_BLR,364,USSR,USSR,BLR,Belarus,1981,-7.0,0,7,3.0,3,1.0,,,
364_BLR,364,USSR,USSR,BLR,Belarus,1982,-7.0,0,7,3.0,3,1.0,,,
364_BLR,364,USSR,USSR,BLR,Belarus,1983,-7.0,0,7,3.0,3,1.0,,,
364_BLR,364,USSR,USSR,BLR,Belarus,1984,-7.0,0,7,3.0,3,1.0,,,
364_BLR,364,USSR,USSR,BLR,Belarus,1985,-7.0,0,7,3.0,3,1.0,,,
364_BLR,364,USSR,USSR,BLR,Belarus,1986,-7.0,0,7,3.0,3,1.0,,,
364_BLR,364,USSR,USSR,BLR,Belarus,1987,-7.0,0,7,3.0,3,1.0,,,
364_BLR,364,USSR,USSR,BLR,Belarus,1988,-6.0,0,6,3.0,3,2.0,,,1.0
364_BLR,364,USSR,USSR,BLR,Belarus,1989,-4.0,1,5,3.0,4,2.0,,,1.0
364_BLR,364,USSR,USSR,BLR,Belarus,1990,0.0,3,3,7.0,4,2.0,1.0,,1.0
364_BLR,364,USSR,Belarus,BLR,Belarus,1991,6.0,7,1,7.0,7,6.0,1.0,,99.0
364_BLR,364,USSR,Belarus,BLR,Belarus,1992,6.0,7,1,7.0,7,6.0,,,
364_BLR,364,USSR,Belarus,BLR,Belarus,1993,6.0,7,1,7.0,7,6.0,,,
364_BLR,364,USSR,Belarus,BLR,Belarus,1994,8.0,8,0,8.0,7,7.0,1.0,,0.0
364_BLR,364,USSR,Belarus,BLR,Belarus,1995,0.0,3,3,8.0,3,3.0,,,-2.0
364_BLR,364,USSR,Belarus,BLR,Belarus,1996,-7.0,0,7,3.0,2,2.0,1.0,,-2.0
364_BLR,364,USSR,Belarus,BLR,Belarus,1997,-7.0,0,7,3.0,2,2.0,,,
364_BLR,364,USSR,Belarus,BLR,Belarus,1998,-7.0,0,7,3.0,2,2.0,,,
364_BLR,364,USSR,Belarus,BLR,Belarus,1999,-7.0,0,7,3.0,2,2.0,,,
364_BLR,364,USSR,Belarus,BLR,Belarus,2000,-7.0,0,7,3.0,2,2.0,,,
364_BLR,364,USSR,Belarus,BLR,Belarus,2001,-7.0,0,7,3.0,2,2.0,,,
364_BLR,364,USSR,Belarus,BLR,Belarus,2002,-7.0,0,7,3.0,2,2.0,,,
364_BLR,364,USSR,Belarus,BLR,Belarus,2003,-7.0,0,7,3.0,2,2.0,,,
364_BLR,364,USSR,Belarus,BLR,Belarus,2004,-7.0,0,7,3.0,2,2.0,,,
364_BLR,364,USSR,Belarus,BLR,Belarus,2005,-7.0,0,7,3.0,2,2.0,,,
364_BLR,364,USSR,Belarus,BLR,Belarus,2006,-7.0,0,7,3.0,2,2.0,,,
364_BLR,364,USSR,Belarus,BLR,Belarus,2007,-7.0,0,7,3.0,2,2.0,,,
364_BLR,364,USSR,Belarus,BLR,Belarus,2008,-7.0,0,7,3.0,2,2.0,,,
364_BLR,364,USSR,Belarus,BLR,Belarus,2009,-7.0,0,7,3.0,2,2.0,,,
364_BLR,364,USSR,Belarus,BLR,Belarus,2010,-7.0,0,7,3.0,2,2.0,,,
364_BLR,364,USSR,Belarus,BLR,Belarus,2011,-7.0,0,7,3.0,2,2.0,,,
364_BLR,364,USSR,Belarus,BLR,Belarus,2012,-7.0,0,7,3.0,2,2.0,,,
364_BLR,364,USSR,Belarus,BLR,Belarus,2013,-7.0,0,7,3.0,2,2.0,,,
364_BLR,364,USSR,Belarus,BLR,Belarus,2014,-7.0,0,7,3.0,2,2.0,,,
364_BLR,364,USSR,Belarus,BLR,Belarus,2015,-7.0,0,7,3.0,2,2.0,,,
364_BLR,364,USSR,Belarus,BLR,Belarus,2016,-7.0,0,7,3.0,2,2.0,,,
364_BLR,364,USSR,Belarus,BLR,Belarus,2017,-7.0,0,7,3.0,2,2.0,,,
364_BLR,364,USSR,Belarus,BLR,Belarus,2018,-7.0,0,7,3.0,2,2.0,,,
364_EST,364,USSR,USSR,EST,Estonia,1971,-7.0,0,7,3.0,3,1.0,,,
364_EST,364,USSR,USSR,EST,Estonia,1972,-7.0,0,7,3.0,3,1.0,,,
364_EST,364,USSR,USSR,EST,Estonia,1973,-7.0,0,7,3.0,3,1.0,,,
364_EST,364,USSR,USSR,EST,Estonia,1974,-7.0,0,7,3.0,3,1.0,,,
364_EST,364,USSR,USSR,EST,Estonia,1975,-7.0,0,7,3.0,3,1.0,,,
364_EST,364,USSR,USSR,EST,Estonia,1976,-7.0,0,7,3.0,3,1.0,,,
364_EST,364,USSR,USSR,EST,Estonia,1977,-7.0,0,7,3.0,3,1.0,,,
364_EST,364,USSR,USSR,EST,Estonia,1978,-7.0,0,7,3.0,3,1.0,,,
364_EST,364,USSR,USSR,EST,Estonia,1979,-7.0,0,7,3.0,3,1.0,,,
364_EST,364,USSR,USSR,EST,Estonia,1980,-7.0,0,7,3.0,3,1.0,,,
364_EST,364,USSR,USSR,EST,Estonia,1981,-7.0,0,7,3.0,3,1.0,,,
364_EST,364,USSR,USSR,EST,Estonia,1982,-7.0,0,7,3.0,3,1.0,,,
364_EST,364,USSR,USSR,EST,Estonia,1983,-7.0,0,7,3.0,3,1.0,,,
364_EST,364,USSR,USSR,EST,Estonia,1984,-7.0,0,7,3.0,3,1.0,,,
364_EST,364,USSR,USSR,EST,Estonia,1985,-7.0,0,7,3.0,3,1.0,,,
364_EST,364,USSR,USSR,EST,Estonia,1986,-7.0,0,7,3.0,3,1.0,,,
364_EST,364,USSR,USSR,EST,Estonia,1987,-7.0,0,7,3.0,3,1.0,,,
364_EST,364,USSR,USSR,EST,Estonia,1988,-6.0,0,6,3.0,3,2.0,,,1.0
364_EST,364,USSR,USSR,EST,Estonia,1989,-4.0,1,5,3.0,4,2.0,,,1.0
364_EST,364,USSR,USSR,EST,Estonia,1990,0.0,3,3,7.0,4,2.0,1.0,,1.0
364_EST,364,USSR,Estonia,EST,Estonia,1991,6.0,7,1,7.0,7,6.0,1.0,,99.0
364_EST,364,USSR,Estonia,EST,Estonia,1992,6.0,7,1,7.0,7,6.0,,,
364_EST,364,USSR,Estonia,EST,Estonia,1993,6.0,7,1,7.0,7,6.0,,,
364_EST,364,USSR,Estonia,EST,Estonia,1994,6.0,7,1,7.0,7,6.0,,,
364_EST,364,USSR,Estonia,EST,Estonia,1995,6.0,7,1,7.0,7,6.0,,,
364_EST,364,USSR,Estonia,EST,Estonia,1996,6.0,7,1,7.0,7,6.0,,,
364_EST,364,USSR,Estonia,EST,Estonia,1997,6.0,7,1,7.0,7,6.0,,,
364_EST,364,USSR,Estonia,EST,Estonia,1998,6.0,7,1,7.0,7,6.0,,,
364_EST,364,USSR,Estonia,EST,Estonia,1999,7.0,8,1,8.0,7,6.0,,,2.0
364_EST,364,USSR,Estonia,EST,Estonia,2000,9.0,9,0,8.0,7,9.0,1.0,,2.0
364_EST,364,USSR,Estonia,EST,Estonia,2001,9.0,9,0,8.0,7,9.0,,,
364_EST,364,USSR,Estonia,EST,Estonia,2002,9.0,9,0,8.0,7,9.0,,,
364_EST,364,USSR,Estonia,EST,Estonia,2003,9.0,9,0,8.0,7,9.0,,,
364_EST,364,USSR,Estonia,EST,Estonia,2004,9.0,9,0,8.0,7,9.0,,,
364_EST,364,USSR,Estonia,EST,Estonia,2005,9.0,9,0,8.0,7,9.0,,,
364_EST,364,USSR,Estonia,EST,Estonia,2006,9.0,9,0,8.0,7,9.0,,,
364_EST,364,USSR,Estonia,EST,Estonia,2007,9.0,9,0,8.0,7,9.0,,,
364_EST,364,USSR,Estonia,EST,Estonia,2008,9.0,9,0,8.0,7,9.0,,,
364_EST,364,USSR,Estonia,EST,Estonia,2009,9.0,9,0,8.0,7,9.0,,,
364_EST,364,USSR,Estonia,EST,Estonia,2010,9.0,9,0,8.0,7,9.0,,,
364_EST,364,USSR,Estonia,EST,Estonia,2011,9.0,9,0,8.0,7,9.0,,,
364_EST,364,USSR,Estonia,EST,Estonia,2012,9.0,9,0,8.0,7,9.0,,,
364_EST,364,USSR,Estonia,EST,Estonia,2013,9.0,9,0,8.0,7,9.0,,,
364_EST,364,USSR,Estonia,EST,Estonia,2014,9.0,9,0,8.0,7,9.0,,,
364_EST,364,USSR,Estonia,EST,Estonia,2015,9.0,9,0,8.0,7,9.0,,,
364_EST,364,USSR,Estonia,EST,Estonia,2016,9.0,9,0,8.0,7,9.0,,,
364_EST,364,USSR,Estonia,EST,Estonia,2017,9.0,9,0,8.0,7,9.0,,,
364_EST,364,USSR,Estonia,EST,Estonia,2018,9.0,9,0,8.0,7,9.0,,,
364_GEO,364,USSR,USSR,GEO,Georgia,1971,-7.0,0,7,3.0,3,1.0,,,
364_GEO,364,USSR,USSR,GEO,Georgia,1972,-7.0,0,7,3.0,3,1.0,,,
364_GEO,364,USSR,USSR,GEO,Georgia,1973,-7.0,0,7,3.0,3,1.0,,,
364_GEO,364,USSR,USSR,GEO,Georgia,1974,-7.0,0,7,3.0,3,1.0,,,
364_GEO,364,USSR,USSR,GEO,Georgia,1975,-7.0,0,7,3.0,3,1.0,,,
364_GEO,364,USSR,USSR,GEO,Georgia,1976,-7.0,0,7,3.0,3,1.0,,,
364_GEO,364,USSR,USSR,GEO,Georgia,1977,-7.0,0,7,3.0,3,1.0,,,
364_GEO,364,USSR,USSR,GEO,Georgia,1978,-7.0,0,7,3.0,3,1.0,,,
364_GEO,364,USSR,USSR,GEO,Georgia,1979,-7.0,0,7,3.0,3,1.0,,,
364_GEO,364,USSR,USSR,GEO,Georgia,1980,-7.0,0,7,3.0,3,1.0,,,
364_GEO,364,USSR,USSR,GEO,Georgia,1981,-7.0,0,7,3.0,3,1.0,,,
364_GEO,364,USSR,USSR,GEO,Georgia,1982,-7.0,0,7,3.0,3,1.0,,,
364_GEO,364,USSR,USSR,GEO,Georgia,1983,-7.0,0,7,3.0,3,1.0,,,
364_GEO,364,USSR,USSR,GEO,Georgia,1984,-7.0,0,7,3.0,3,1.0,,,
364_GEO,364,USSR,USSR,GEO,Georgia,1985,-7.0,0,7,3.0,3,1.0,,,
364_GEO,364,USSR,USSR,GEO,Georgia,1986,-7.0,0,7,3.0,3,1.0,,,
364_GEO,364,USSR,USSR,GEO,Georgia,1987,-7.0,0,7,3.0,3,1.0,,,
364_GEO,364,USSR,USSR,GEO,Georgia,1988,-6.0,0,6,3.0,3,2.0,,,1.0
364_GEO,364,USSR,USSR,GEO,Georgia,1989,-4.0,1,5,3.0,4,2.0,,,1.0
364_GEO,364,USSR,USSR,GEO,Georgia,1990,0.0,3,3,7.0,4,2.0,1.0,,1.0
364_GEO,364,USSR,Georgia,GEO,Georgia,1991,3.0,4,1,7.0,4,6.0,1.0,,99.0
364_GEO,364,USSR,Georgia,GEO,Georgia,1992,0.0,-77,-77,-77.0,-77,-77.0,,1.0,-77.0
364_GEO,364,USSR,Georgia,GEO,Georgia,1993,0.0,-77,-77,-77.0,-77,-77.0,,1.0,-77.0
364_GEO,364,USSR,Georgia,GEO,Georgia,1994,2.0,-88,-88,-88.0,-88,-88.0,,1.0,0.0
364_GEO,364,USSR,Georgia,GEO,Georgia,1995,4.0,4,0,7.0,5,5.0,1.0,,0.0
364_GEO,364,USSR,Georgia,GEO,Georgia,1996,4.0,4,0,7.0,5,5.0,,,
364_GEO,364,USSR,Georgia,GEO,Georgia,1997,4.0,4,0,7.0,5,5.0,,,
364_GEO,364,USSR,Georgia,GEO,Georgia,1998,4.0,4,0,7.0,5,5.0,,,
364_GEO,364,USSR,Georgia,GEO,Georgia,1999,4.0,4,0,7.0,5,5.0,,,
364_GEO,364,USSR,Georgia,GEO,Georgia,2000,2.0,4,2,7.0,5,3.0,1.0,,0.0
364_GEO,364,USSR,Georgia,GEO,Georgia,2001,2.0,4,2,7.0,5,3.0,,,
364_GEO,364,USSR,Georgia,GEO,Georgia,2002,2.0,4,2,7.0,5,3.0,,,
364_GEO,364,USSR,Georgia,GEO,Georgia,2003,2.0,4,2,7.0,5,3.0,,,
364_GEO,364,USSR,Georgia,GEO,Georgia,2004,6.0,6,0,7.0,5,9.0,1.0,,1.0
364_GEO,364,USSR,Georgia,GEO,Georgia,2005,6.0,6,0,7.0,5,9.0,,,
364_GEO,364,USSR,Georgia,GEO,Georgia,2006,6.0,6,0,7.0,5,9.0,,,
364_GEO,364,USSR,Georgia,GEO,Georgia,2007,6.0,7,1,8.0,5,8.0,1.0,,0.0
364_GEO,364,USSR,Georgia,GEO,Georgia,2008,6.0,7,1,8.0,5,8.0,,,
364_GEO,364,USSR,Georgia,GEO,Georgia,2009,6.0,7,1,8.0,5,8.0,,,
364_GEO,364,USSR,Georgia,GEO,Georgia,2010,6.0,7,1,8.0,5,8.0,,,
364_GEO,364,USSR,Georgia,GEO,Georgia,2011,6.0,7,1,8.0,5,8.0,,,
364_GEO,364,USSR,Georgia,GEO,Georgia,2012,6.0,7,1,8.0,5,8.0,,,
364_GEO,364,USSR,Georgia,GEO,Georgia,2013,7.0,8,1,8.0,6,8.0,1.0,,0.0
364_GEO,364,USSR,Georgia,GEO,Georgia,2014,7.0,8,1,8.0,6,8.0,,,
364_GEO,364,USSR,Georgia,GEO,Georgia,2015,7.0,8,1,8.0,6,8.0,,,
364_GEO,364,USSR,Georgia,GEO,Georgia,2016,7.0,8,1,8.0,6,8.0,,,
364_GEO,364,USSR,Georgia,GEO,Georgia,2017,7.0,8,1,8.0,6,8.0,,,
364_GEO,364,USSR,Georgia,GEO,Georgia,2018,7.0,8,1,8.0,6,8.0,,,
364_KAZ,364,USSR,USSR,KAZ,Kazakhstan,1971,-7.0,0,7,3.0,3,1.0,,,
364_KAZ,364,USSR,USSR,KAZ,Kazakhstan,1972,-7.0,0,7,3.0,3,1.0,,,
364_KAZ,364,USSR,USSR,KAZ,Kazakhstan,1973,-7.0,0,7,3.0,3,1.0,,,
364_KAZ,364,USSR,USSR,KAZ,Kazakhstan,1974,-7.0,0,7,3.0,3,1.0,,,
364_KAZ,364,USSR,USSR,KAZ,Kazakhstan,1975,-7.0,0,7,3.0,3,1.0,,,
364_KAZ,364,USSR,USSR,KAZ,Kazakhstan,1976,-7.0,0,7,3.0,3,1.0,,,
364_KAZ,364,USSR,USSR,KAZ,Kazakhstan,1977,-7.0,0,7,3.0,3,1.0,,,
364_KAZ,364,USSR,USSR,KAZ,Kazakhstan,1978,-7.0,0,7,3.0,3,1.0,,,
364_KAZ,364,USSR,USSR,KAZ,Kazakhstan,1979,-7.0,0,7,3.0,3,1.0,,,
364_KAZ,364,USSR,USSR,KAZ,Kazakhstan,1980,-7.0,0,7,3.0,3,1.0,,,
364_KAZ,364,USSR,USSR,KAZ,Kazakhstan,1981,-7.0,0,7,3.0,3,1.0,,,
364_KAZ,364,USSR,USSR,KAZ,Kazakhstan,1982,-7.0,0,7,3.0,3,1.0,,,
364_KAZ,364,USSR,USSR,KAZ,Kazakhstan,1983,-7.0,0,7,3.0,3,1.0,,,
364_KAZ,364,USSR,USSR,KAZ,Kazakhstan,1984,-7.0,0,7,3.0,3,1.0,,,
364_KAZ,364,USSR,USSR,KAZ,Kazakhstan,1985,-7.0,0,7,3.0,3,1.0,,,
364_KAZ,364,USSR,USSR,KAZ,Kazakhstan,1986,-7.0,0,7,3.0,3,1.0,,,
364_KAZ,364,USSR,USSR,KAZ,Kazakhstan,1987,-7.0,0,7,3.0,3,1.0,,,
364_KAZ,364,USSR,USSR,KAZ,Kazakhstan,1988,-6.0,0,6,3.0,3,2.0,,,1.0
364_KAZ,364,USSR,USSR,KAZ,Kazakhstan,1989,-4.0,1,5,3.0,4,2.0,,,1.0
364_KAZ,364,USSR,USSR,KAZ,Kazakhstan,1990,0.0,3,3,7.0,4,2.0,1.0,,1.0
364_KAZ,364,USSR,Kazakhstan,KAZ,Kazakhstan,1991,-3.0,1,4,3.0,3,6.0,1.0,,99.0
364_KAZ,364,USSR,Kazakhstan,KAZ,Kazakhstan,1992,-3.0,1,4,3.0,3,6.0,,,
364_KAZ,364,USSR,Kazakhstan,KAZ,Kazakhstan,1993,-3.0,1,4,3.0,3,6.0,,,
364_KAZ,364,USSR,Kazakhstan,KAZ,Kazakhstan,1994,-3.0,1,4,3.0,3,6.0,,,
364_KAZ,364,USSR,Kazakhstan,KAZ,Kazakhstan,1995,-6.0,0,6,4.0,1,2.0,1.0,,-1.0
364_KAZ,364,USSR,Kazakhstan,KAZ,Kazakhstan,1996,-6.0,0,6,4.0,1,2.0,,,
364_KAZ,364,USSR,Kazakhstan,KAZ,Kazakhstan,1997,-6.0,0,6,4.0,1,2.0,,,
364_KAZ,364,USSR,Kazakhstan,KAZ,Kazakhstan,1998,-6.0,0,6,4.0,1,2.0,,,
364_KAZ,364,USSR,Kazakhstan,KAZ,Kazakhstan,1999,-6.0,0,6,4.0,1,2.0,,,
364_KAZ,364,USSR,Kazakhstan,KAZ,Kazakhstan,2000,-6.0,0,6,4.0,1,2.0,,,
364_KAZ,364,USSR,Kazakhstan,KAZ,Kazakhstan,2001,-6.0,0,6,4.0,1,2.0,,,
364_KAZ,364,USSR,Kazakhstan,KAZ,Kazakhstan,2002,-6.0,0,6,4.0,1,2.0,,,
364_KAZ,364,USSR,Kazakhstan,KAZ,Kazakhstan,2003,-6.0,0,6,4.0,1,2.0,,,
364_KAZ,364,USSR,Kazakhstan,KAZ,Kazakhstan,2004,-6.0,0,6,4.0,1,2.0,,,
364_KAZ,364,USSR,Kazakhstan,KAZ,Kazakhstan,2005,-6.0,0,6,3.0,2,3.0,,,
364_KAZ,364,USSR,Kazakhstan,KAZ,Kazakhstan,2006,-6.0,0,6,3.0,2,3.0,,,
364_KAZ,364,USSR,Kazakhstan,KAZ,Kazakhstan,2007,-6.0,0,6,3.0,2,3.0,,,
364_KAZ,364,USSR,Kazakhstan,KAZ,Kazakhstan,2008,-6.0,0,6,3.0,2,3.0,,,
364_KAZ,364,USSR,Kazakhstan,KAZ,Kazakhstan,2009,-6.0,0,6,3.0,2,3.0,,,
364_KAZ,364,USSR,Kazakhstan,KAZ,Kazakhstan,2010,-6.0,0,6,3.0,2,3.0,,,
364_KAZ,364,USSR,Kazakhstan,KAZ,Kazakhstan,2011,-6.0,0,6,3.0,2,3.0,,,
364_KAZ,364,USSR,Kazakhstan,KAZ,Kazakhstan,2012,-6.0,0,6,3.0,2,3.0,,,
364_KAZ,364,USSR,Kazakhstan,KAZ,Kazakhstan,2013,-6.0,0,6,3.0,2,3.0,,,
364_KAZ,364,USSR,Kazakhstan,KAZ,Kazakhstan,2014,-6.0,0,6,3.0,2,3.0,,,
364_KAZ,364,USSR,Kazakhstan,KAZ,Kazakhstan,2015,-6.0,0,6,3.0,2,3.0,,,
364_KAZ,364,USSR,Kazakhstan,KAZ,Kazakhstan,2016,-6.0,0,6,3.0,2,3.0,,,
364_KAZ,364,USSR,Kazakhstan,KAZ,Kazakhstan,2017,-6.0,0,6,3.0,2,3.0,,,
364_KAZ,364,USSR,Kazakhstan,KAZ,Kazakhstan,2018,-6.0,0,6,3.0,2,3.0,,,
364_KGZ,364,USSR,USSR,KGZ,Kyrgyzstan,1971,-7.0,0,7,3.0,3,1.0,,,
364_KGZ,364,USSR,USSR,KGZ,Kyrgyzstan,1972,-7.0,0,7,3.0,3,1.0,,,
364_KGZ,364,USSR,USSR,KGZ,Kyrgyzstan,1973,-7.0,0,7,3.0,3,1.0,,,
364_KGZ,364,USSR,USSR,KGZ,Kyrgyzstan,1974,-7.0,0,7,3.0,3,1.0,,,
364_KGZ,364,USSR,USSR,KGZ,Kyrgyzstan,1975,-7.0,0,7,3.0,3,1.0,,,
364_KGZ,364,USSR,USSR,KGZ,Kyrgyzstan,1976,-7.0,0,7,3.0,3,1.0,,,
364_KGZ,364,USSR,USSR,KGZ,Kyrgyzstan,1977,-7.0,0,7,3.0,3,1.0,,,
364_KGZ,364,USSR,USSR,KGZ,Kyrgyzstan,1978,-7.0,0,7,3.0,3,1.0,,,
364_KGZ,364,USSR,USSR,KGZ,Kyrgyzstan,1979,-7.0,0,7,3.0,3,1.0,,,
364_KGZ,364,USSR,USSR,KGZ,Kyrgyzstan,1980,-7.0,0,7,3.0,3,1.0,,,
364_KGZ,364,USSR,USSR,KGZ,Kyrgyzstan,1981,-7.0,0,7,3.0,3,1.0,,,
364_KGZ,364,USSR,USSR,KGZ,Kyrgyzstan,1982,-7.0,0,7,3.0,3,1.0,,,
364_KGZ,364,USSR,USSR,KGZ,Kyrgyzstan,1983,-7.0,0,7,3.0,3,1.0,,,
364_KGZ,364,USSR,USSR,KGZ,Kyrgyzstan,1984,-7.0,0,7,3.0,3,1.0,,,
364_KGZ,364,USSR,USSR,KGZ,Kyrgyzstan,1985,-7.0,0,7,3.0,3,1.0,,,
364_KGZ,364,USSR,USSR,KGZ,Kyrgyzstan,1986,-7.0,0,7,3.0,3,1.0,,,
364_KGZ,364,USSR,USSR,KGZ,Kyrgyzstan,1987,-7.0,0,7,3.0,3,1.0,,,
364_KGZ,364,USSR,USSR,KGZ,Kyrgyzstan,1988,-6.0,0,6,3.0,3,2.0,,,1.0
364_KGZ,364,USSR,USSR,KGZ,Kyrgyzstan,1989,-4.0,1,5,3.0,4,2.0,,,1.0
364_KGZ,364,USSR,USSR,KGZ,Kyrgyzstan,1990,0.0,3,3,7.0,4,2.0,1.0,,1.0
364_KGZ,364,USSR,Kyrgyzstan,KGZ,Kyrgyzstan,1991,-3.0,1,4,3.0,4,3.0,1.0,,99.0
364_KGZ,364,USSR,Kyrgyzstan,KGZ,Kyrgyzstan,1992,-3.0,1,4,3.0,4,3.0,,,
364_KGZ,364,USSR,Kyrgyzstan,KGZ,Kyrgyzstan,1993,-3.0,1,4,3.0,4,3.0,,,
364_KGZ,364,USSR,Kyrgyzstan,KGZ,Kyrgyzstan,1994,-3.0,1,4,3.0,4,3.0,,,
364_KGZ,364,USSR,Kyrgyzstan,KGZ,Kyrgyzstan,1995,-3.0,1,4,3.0,4,3.0,,,
364_KGZ,364,USSR,Kyrgyzstan,KGZ,Kyrgyzstan,1996,-3.0,1,4,3.0,4,3.0,,,
364_KGZ,364,USSR,Kyrgyzstan,KGZ,Kyrgyzstan,1997,-3.0,1,4,3.0,4,3.0,,,
364_KGZ,364,USSR,Kyrgyzstan,KGZ,Kyrgyzstan,1998,-3.0,1,4,3.0,4,3.0,,,
364_KGZ,364,USSR,Kyrgyzstan,KGZ,Kyrgyzstan,1999,-3.0,1,4,3.0,4,3.0,,,
364_KGZ,364,USSR,Kyrgyzstan,KGZ,Kyrgyzstan,2000,-3.0,1,4,3.0,4,3.0,,,
364_KGZ,364,USSR,Kyrgyzstan,KGZ,Kyrgyzstan,2001,-3.0,1,4,3.0,4,3.0,,,
364_KGZ,364,USSR,Kyrgyzstan,KGZ,Kyrgyzstan,2002,-3.0,1,4,3.0,4,3.0,,,
364_KGZ,364,USSR,Kyrgyzstan,KGZ,Kyrgyzstan,2003,-3.0,1,4,3.0,4,3.0,,,
364_KGZ,364,USSR,Kyrgyzstan,KGZ,Kyrgyzstan,2004,-3.0,1,4,3.0,4,3.0,,,
364_KGZ,364,USSR,Kyrgyzstan,KGZ,Kyrgyzstan,2005,3.0,3,0,7.0,4,4.0,,,3.0
364_KGZ,364,USSR,Kyrgyzstan,KGZ,Kyrgyzstan,2006,4.0,4,0,7.0,5,5.0,1.0,,3.0
364_KGZ,364,USSR,Kyrgyzstan,KGZ,Kyrgyzstan,2007,3.0,3,0,7.0,4,5.0,,,-1.0
364_KGZ,364,USSR,Kyrgyzstan,KGZ,Kyrgyzstan,2008,3.0,3,0,7.0,4,5.0,,,-1.0
364_KGZ,364,USSR,Kyrgyzstan,KGZ,Kyrgyzstan,2009,1.0,2,1,7.0,3,5.0,1.0,,-1.0
364_KGZ,364,USSR,Kyrgyzstan,KGZ,Kyrgyzstan,2010,4.0,-88,-88,-88.0,-88,-88.0,,,3.0
364_KGZ,364,USSR,Kyrgyzstan,KGZ,Kyrgyzstan,2011,7.0,7,0,7.0,7,7.0,1.0,,3.0
364_KGZ,364,USSR,Kyrgyzstan,KGZ,Kyrgyzstan,2012,7.0,7,0,7.0,7,7.0,,,
364_KGZ,364,USSR,Kyrgyzstan,KGZ,Kyrgyzstan,2013,7.0,7,0,7.0,7,7.0,,,
364_KGZ,364,USSR,Kyrgyzstan,KGZ,Kyrgyzstan,2014,7.0,7,0,7.0,7,7.0,,,
364_KGZ,364,USSR,Kyrgyzstan,KGZ,Kyrgyzstan,2015,7.0,7,0,7.0,7,7.0,,,
364_KGZ,364,USSR,Kyrgyzstan,KGZ,Kyrgyzstan,2016,7.0,7,0,7.0,7,7.0,,,
364_KGZ,364,USSR,Kyrgyzstan,KGZ,Kyrgyzstan,2017,8.0,8,0,8.0,7,7.0,1.0,,0.0
364_KGZ,364,USSR,Kyrgyzstan,KGZ,Kyrgyzstan,2018,8.0,8,0,8.0,7,7.0,,,
364_LTU,364,USSR,USSR,LTU,Lithuania,1971,-7.0,0,7,3.0,3,1.0,,,
364_LTU,364,USSR,USSR,LTU,Lithuania,1972,-7.0,0,7,3.0,3,1.0,,,
364_LTU,364,USSR,USSR,LTU,Lithuania,1973,-7.0,0,7,3.0,3,1.0,,,
364_LTU,364,USSR,USSR,LTU,Lithuania,1974,-7.0,0,7,3.0,3,1.0,,,
364_LTU,364,USSR,USSR,LTU,Lithuania,1975,-7.0,0,7,3.0,3,1.0,,,
364_LTU,364,USSR,USSR,LTU,Lithuania,1976,-7.0,0,7,3.0,3,1.0,,,
364_LTU,364,USSR,USSR,LTU,Lithuania,1977,-7.0,0,7,3.0,3,1.0,,,
364_LTU,364,USSR,USSR,LTU,Lithuania,1978,-7.0,0,7,3.0,3,1.0,,,
364_LTU,364,USSR,USSR,LTU,Lithuania,1979,-7.0,0,7,3.0,3,1.0,,,
364_LTU,364,USSR,USSR,LTU,Lithuania,1980,-7.0,0,7,3.0,3,1.0,,,
364_LTU,364,USSR,USSR,LTU,Lithuania,1981,-7.0,0,7,3.0,3,1.0,,,
364_LTU,364,USSR,USSR,LTU,Lithuania,1982,-7.0,0,7,3.0,3,1.0,,,
364_LTU,364,USSR,USSR,LTU,Lithuania,1983,-7.0,0,7,3.0,3,1.0,,,
364_LTU,364,USSR,USSR,LTU,Lithuania,1984,-7.0,0,7,3.0,3,1.0,,,
364_LTU,364,USSR,USSR,LTU,Lithuania,1985,-7.0,0,7,3.0,3,1.0,,,
364_LTU,364,USSR,USSR,LTU,Lithuania,1986,-7.0,0,7,3.0,3,1.0,,,
364_LTU,364,USSR,USSR,LTU,Lithuania,1987,-7.0,0,7,3.0,3,1.0,,,
364_LTU,364,USSR,USSR,LTU,Lithuania,1988,-6.0,0,6,3.0,3,2.0,,,1.0
364_LTU,364,USSR,USSR,LTU,Lithuania,1989,-4.0,1,5,3.0,4,2.0,,,1.0
364_LTU,364,USSR,USSR,LTU,Lithuania,1990,0.0,3,3,7.0,4,2.0,1.0,,1.0
364_LTU,364,USSR,Lithuania,LTU,Lithuania,1991,10.0,10,0,8.0,7,10.0,1.0,,99.0
364_LTU,364,USSR,Lithuania,LTU,Lithuania,1992,10.0,10,0,8.0,7,10.0,,,
364_LTU,364,USSR,Lithuania,LTU,Lithuania,1993,10.0,10,0,8.0,7,10.0,,,
364_LTU,364,USSR,Lithuania,LTU,Lithuania,1994,10.0,10,0,8.0,7,10.0,,,
364_LTU,364,USSR,Lithuania,LTU,Lithuania,1995,10.0,10,0,8.0,7,10.0,,,
364_LTU,364,USSR,Lithuania,LTU,Lithuania,1996,10.0,10,0,8.0,7,10.0,,,
364_LTU,364,USSR,Lithuania,LTU,Lithuania,1997,10.0,10,0,8.0,7,10.0,,,
364_LTU,364,USSR,Lithuania,LTU,Lithuania,1998,10.0,10,0,8.0,7,10.0,,,
364_LTU,364,USSR,Lithuania,LTU,Lithuania,1999,10.0,10,0,8.0,7,10.0,,,
364_LTU,364,USSR,Lithuania,LTU,Lithuania,2000,10.0,10,0,8.0,7,10.0,,,
364_LTU,364,USSR,Lithuania,LTU,Lithuania,2001,10.0,10,0,8.0,7,10.0,,,
364_LTU,364,USSR,Lithuania,LTU,Lithuania,2002,10.0,10,0,8.0,7,10.0,,,
364_LTU,364,USSR,Lithuania,LTU,Lithuania,2003,10.0,10,0,8.0,7,10.0,,,
364_LTU,364,USSR,Lithuania,LTU,Lithuania,2004,10.0,10,0,8.0,7,10.0,,,
364_LTU,364,USSR,Lithuania,LTU,Lithuania,2005,10.0,10,0,8.0,7,10.0,,,
364_LTU,364,USSR,Lithuania,LTU,Lithuania,2006,10.0,10,0,8.0,7,10.0,,,
364_LTU,364,USSR,Lithuania,LTU,Lithuania,2007,10.0,10,0,8.0,7,10.0,,,
364_LTU,364,USSR,Lithuania,LTU,Lithuania,2008,10.0,10,0,8.0,7,10.0,,,
364_LTU,364,USSR,Lithuania,LTU,Lithuania,2009,10.0,10,0,8.0,7,10.0,,,
364_LTU,364,USSR,Lithuania,LTU,Lithuania,2010,10.0,10,0,8.0,7,10.0,,,
364_LTU,364,USSR,Lithuania,LTU,Lithuania,2011,10.0,10,0,8.0,7,10.0,,,
364_LTU,364,USSR,Lithuania,LTU,Lithuania,2012,10.0,10,0,8.0,7,10.0,,,
364_LTU,364,USSR,Lithuania,LTU,Lithuania,2013,10.0,10,0,8.0,7,10.0,,,
364_LTU,364,USSR,Lithuania,LTU,Lithuania,2014,10.0,10,0,8.0,7,10.0,,,
364_LTU,364,USSR,Lithuania,LTU,Lithuania,2015,10.0,10,0,8.0,7,10.0,,,
364_LTU,364,USSR,Lithuania,LTU,Lithuania,2016,10.0,10,0,8.0,7,10.0,,,
364_LTU,364,USSR,Lithuania,LTU,Lithuania,2017,10.0,10,0,8.0,7,10.0,,,
364_LTU,364,USSR,Lithuania,LTU,Lithuania,2018,10.0,10,0,8.0,7,10.0,,,
364_LVA,364,USSR,USSR,LVA,Latvia,1971,-7.0,0,7,3.0,3,1.0,,,
364_LVA,364,USSR,USSR,LVA,Latvia,1972,-7.0,0,7,3.0,3,1.0,,,
364_LVA,364,USSR,USSR,LVA,Latvia,1973,-7.0,0,7,3.0,3,1.0,,,
364_LVA,364,USSR,USSR,LVA,Latvia,1974,-7.0,0,7,3.0,3,1.0,,,
364_LVA,364,USSR,USSR,LVA,Latvia,1975,-7.0,0,7,3.0,3,1.0,,,
364_LVA,364,USSR,USSR,LVA,Latvia,1976,-7.0,0,7,3.0,3,1.0,,,
364_LVA,364,USSR,USSR,LVA,Latvia,1977,-7.0,0,7,3.0,3,1.0,,,
364_LVA,364,USSR,USSR,LVA,Latvia,1978,-7.0,0,7,3.0,3,1.0,,,
364_LVA,364,USSR,USSR,LVA,Latvia,1979,-7.0,0,7,3.0,3,1.0,,,
364_LVA,364,USSR,USSR,LVA,Latvia,1980,-7.0,0,7,3.0,3,1.0,,,
364_LVA,364,USSR,USSR,LVA,Latvia,1981,-7.0,0,7,3.0,3,1.0,,,
364_LVA,364,USSR,USSR,LVA,Latvia,1982,-7.0,0,7,3.0,3,1.0,,,
364_LVA,364,USSR,USSR,LVA,Latvia,1983,-7.0,0,7,3.0,3,1.0,,,
364_LVA,364,USSR,USSR,LVA,Latvia,1984,-7.0,0,7,3.0,3,1.0,,,
364_LVA,364,USSR,USSR,LVA,Latvia,1985,-7.0,0,7,3.0,3,1.0,,,
364_LVA,364,USSR,USSR,LVA,Latvia,1986,-7.0,0,7,3.0,3,1.0,,,
364_LVA,364,USSR,USSR,LVA,Latvia,1987,-7.0,0,7,3.0,3,1.0,,,
364_LVA,364,USSR,USSR,LVA,Latvia,1988,-6.0,0,6,3.0,3,2.0,,,1.0
364_LVA,364,USSR,USSR,LVA,Latvia,1989,-4.0,1,5,3.0,4,2.0,,,1.0
364_LVA,364,USSR,USSR,LVA,Latvia,1990,0.0,3,3,7.0,4,2.0,1.0,,1.0
364_LVA,364,USSR,Latvia,LVA,Latvia,1991,8.0,8,0,7.0,7,9.0,1.0,,99.0
364_LVA,364,USSR,Latvia,LVA,Latvia,1992,8.0,8,0,7.0,7,9.0,,,
364_LVA,364,USSR,Latvia,LVA,Latvia,1993,8.0,8,0,7.0,7,9.0,,,
364_LVA,364,USSR,Latvia,LVA,Latvia,1994,8.0,8,0,7.0,7,9.0,,,
364_LVA,364,USSR,Latvia,LVA,Latvia,1995,8.0,8,0,7.0,7,9.0,,,
364_LVA,364,USSR,Latvia,LVA,Latvia,1996,8.0,8,0,7.0,7,9.0,,,
364_LVA,364,USSR,Latvia,LVA,Latvia,1997,8.0,8,0,7.0,7,9.0,,,
364_LVA,364,USSR,Latvia,LVA,Latvia,1998,8.0,8,0,7.0,7,9.0,,,
364_LVA,364,USSR,Latvia,LVA,Latvia,1999,8.0,8,0,7.0,7,9.0,,,
364_LVA,364,USSR,Latvia,LVA,Latvia,2000,8.0,8,0,7.0,7,9.0,,,
364_LVA,364,USSR,Latvia,LVA,Latvia,2001,8.0,8,0,7.0,7,9.0,,,
364_LVA,364,USSR,Latvia,LVA,Latvia,2002,8.0,8,0,7.0,7,9.0,,,
364_LVA,364,USSR,Latvia,LVA,Latvia,2003,8.0,8,0,7.0,7,9.0,,,
364_LVA,364,USSR,Latvia,LVA,Latvia,2004,8.0,8,0,7.0,7,9.0,,,
364_LVA,364,USSR,Latvia,LVA,Latvia,2005,8.0,8,0,7.0,7,9.0,,,
364_LVA,364,USSR,Latvia,LVA,Latvia,2006,8.0,8,0,7.0,7,9.0,,,
364_LVA,364,USSR,Latvia,LVA,Latvia,2007,8.0,8,0,7.0,7,9.0,,,
364_LVA,364,USSR,Latvia,LVA,Latvia,2008,8.0,8,0,7.0,7,9.0,,,
364_LVA,364,USSR,Latvia,LVA,Latvia,2009,8.0,8,0,7.0,7,9.0,,,
364_LVA,364,USSR,Latvia,LVA,Latvia,2010,8.0,8,0,7.0,7,9.0,,,
364_LVA,364,USSR,Latvia,LVA,Latvia,2011,8.0,8,0,7.0,7,9.0,,,
364_LVA,364,USSR,Latvia,LVA,Latvia,2012,8.0,8,0,7.0,7,9.0,,,
364_LVA,364,USSR,Latvia,LVA,Latvia,2013,8.0,8,0,7.0,7,9.0,,,
364_LVA,364,USSR,Latvia,LVA,Latvia,2014,8.0,8,0,7.0,7,9.0,,,
364_LVA,364,USSR,Latvia,LVA,Latvia,2015,8.0,8,0,7.0,7,9.0,,,
364_LVA,364,USSR,Latvia,LVA,Latvia,2016,8.0,8,0,7.0,7,9.0,,,
364_LVA,364,USSR,Latvia,LVA,Latvia,2017,8.0,8,0,7.0,7,9.0,,,
364_LVA,364,USSR,Latvia,LVA,Latvia,2018,8.0,8,0,7.0,7,9.0,,,
364_MDA,364,USSR,USSR,MDA,Moldova,1971,-7.0,0,7,3.0,3,1.0,,,
364_MDA,364,USSR,USSR,MDA,Moldova,1972,-7.0,0,7,3.0,3,1.0,,,
364_MDA,364,USSR,USSR,MDA,Moldova,1973,-7.0,0,7,3.0,3,1.0,,,
364_MDA,364,USSR,USSR,MDA,Moldova,1974,-7.0,0,7,3.0,3,1.0,,,
364_MDA,364,USSR,USSR,MDA,Moldova,1975,-7.0,0,7,3.0,3,1.0,,,
364_MDA,364,USSR,USSR,MDA,Moldova,1976,-7.0,0,7,3.0,3,1.0,,,
364_MDA,364,USSR,USSR,MDA,Moldova,1977,-7.0,0,7,3.0,3,1.0,,,
364_MDA,364,USSR,USSR,MDA,Moldova,1978,-7.0,0,7,3.0,3,1.0,,,
364_MDA,364,USSR,USSR,MDA,Moldova,1979,-7.0,0,7,3.0,3,1.0,,,
364_MDA,364,USSR,USSR,MDA,Moldova,1980,-7.0,0,7,3.0,3,1.0,,,
364_MDA,364,USSR,USSR,MDA,Moldova,1981,-7.0,0,7,3.0,3,1.0,,,
364_MDA,364,USSR,USSR,MDA,Moldova,1982,-7.0,0,7,3.0,3,1.0,,,
364_MDA,364,USSR,USSR,MDA,Moldova,1983,-7.0,0,7,3.0,3,1.0,,,
364_MDA,364,USSR,USSR,MDA,Moldova,1984,-7.0,0,7,3.0,3,1.0,,,
364_MDA,364,USSR,USSR,MDA,Moldova,1985,-7.0,0,7,3.0,3,1.0,,,
364_MDA,364,USSR,USSR,MDA,Moldova,1986,-7.0,0,7,3.0,3,1.0,,,
364_MDA,364,USSR,USSR,MDA,Moldova,1987,-7.0,0,7,3.0,3,1.0,,,
364_MDA,364,USSR,USSR,MDA,Moldova,1988,-6.0,0,6,3.0,3,2.0,,,1.0
364_MDA,364,USSR,USSR,MDA,Moldova,1989,-4.0,1,5,3.0,4,2.0,,,1.0
364_MDA,364,USSR,USSR,MDA,Moldova,1990,0.0,3,3,7.0,4,2.0,1.0,,1.0
364_MDA,364,USSR,Moldova,MDA,Moldova,1991,5.0,5,0,7.0,5,7.0,1.0,,99.0
364_MDA,364,USSR,Moldova,MDA,Moldova,1992,5.0,5,0,7.0,5,7.0,,,
364_MDA,364,USSR,Moldova,MDA,Moldova,1993,5.0,5,0,7.0,5,7.0,,,
364_MDA,364,USSR,Moldova,MDA,Moldova,1994,7.0,7,0,7.0,7,7.0,1.0,,0.0
364_MDA,364,USSR,Moldova,MDA,Moldova,1995,7.0,7,0,7.0,7,7.0,,,
364_MDA,364,USSR,Moldova,MDA,Moldova,1996,7.0,7,0,7.0,7,7.0,,,
364_MDA,364,USSR,Moldova,MDA,Moldova,1997,7.0,7,0,7.0,7,7.0,,,
364_MDA,364,USSR,Moldova,MDA,Moldova,1998,7.0,7,0,7.0,7,7.0,,,
364_MDA,364,USSR,Moldova,MDA,Moldova,1999,7.0,7,0,7.0,7,7.0,,,
364_MDA,364,USSR,Moldova,MDA,Moldova,2000,7.0,7,0,7.0,7,7.0,,,
364_MDA,364,USSR,Moldova,MDA,Moldova,2001,8.0,8,0,8.0,7,7.0,1.0,,0.0
364_MDA,364,USSR,Moldova,MDA,Moldova,2002,8.0,8,0,8.0,7,7.0,,,
364_MDA,364,USSR,Moldova,MDA,Moldova,2003,8.0,8,0,8.0,7,7.0,,,
364_MDA,364,USSR,Moldova,MDA,Moldova,2004,8.0,8,0,8.0,7,7.0,,,
364_MDA,364,USSR,Moldova,MDA,Moldova,2005,9.0,9,0,8.0,7,9.0,1.0,,0.0
364_MDA,364,USSR,Moldova,MDA,Moldova,2006,9.0,9,0,8.0,7,9.0,,,
364_MDA,364,USSR,Moldova,MDA,Moldova,2007,9.0,9,0,8.0,7,9.0,,,
364_MDA,364,USSR,Moldova,MDA,Moldova,2008,9.0,9,0,8.0,7,9.0,,,
364_MDA,364,USSR,Moldova,MDA,Moldova,2009,9.0,9,0,8.0,7,9.0,,,
364_MDA,364,USSR,Moldova,MDA,Moldova,2010,9.0,9,0,8.0,7,9.0,,,
364_MDA,364,USSR,Moldova,MDA,Moldova,2011,9.0,9,0,8.0,7,9.0,,,
364_MDA,364,USSR,Moldova,MDA,Moldova,2012,9.0,9,0,8.0,7,9.0,,,
364_MDA,364,USSR,Moldova,MDA,Moldova,2013,9.0,9,0,8.0,7,9.0,,,
364_MDA,364,USSR,Moldova,MDA,Moldova,2014,9.0,9,0,8.0,7,9.0,,,
364_MDA,364,USSR,Moldova,MDA,Moldova,2015,9.0,9,0,8.0,7,9.0,,,
364_MDA,364,USSR,Moldova,MDA,Moldova,2016,9.0,9,0,8.0,7,9.0,,,
364_MDA,364,USSR,Moldova,MDA,Moldova,2017,9.0,9,0,8.0,7,9.0,,,
364_MDA,364,USSR,Moldova,MDA,Moldova,2018,9.0,9,0,8.0,7,9.0,,,
364_RUS,364,USSR,USSR,RUS,Russia,1971,-7.0,0,7,3.0,3,1.0,,,
364_RUS,364,USSR,USSR,RUS,Russia,1972,-7.0,0,7,3.0,3,1.0,,,
364_RUS,364,USSR,USSR,RUS,Russia,1973,-7.0,0,7,3.0,3,1.0,,,
364_RUS,364,USSR,USSR,RUS,Russia,1974,-7.0,0,7,3.0,3,1.0,,,
364_RUS,364,USSR,USSR,RUS,Russia,1975,-7.0,0,7,3.0,3,1.0,,,
364_RUS,364,USSR,USSR,RUS,Russia,1976,-7.0,0,7,3.0,3,1.0,,,
364_RUS,364,USSR,USSR,RUS,Russia,1977,-7.0,0,7,3.0,3,1.0,,,
364_RUS,364,USSR,USSR,RUS,Russia,1978,-7.0,0,7,3.0,3,1.0,,,
364_RUS,364,USSR,USSR,RUS,Russia,1979,-7.0,0,7,3.0,3,1.0,,,
364_RUS,364,USSR,USSR,RUS,Russia,1980,-7.0,0,7,3.0,3,1.0,,,
364_RUS,364,USSR,USSR,RUS,Russia,1981,-7.0,0,7,3.0,3,1.0,,,
364_RUS,364,USSR,USSR,RUS,Russia,1982,-7.0,0,7,3.0,3,1.0,,,
364_RUS,364,USSR,USSR,RUS,Russia,1983,-7.0,0,7,3.0,3,1.0,,,
364_RUS,364,USSR,USSR,RUS,Russia,1984,-7.0,0,7,3.0,3,1.0,,,
364_RUS,364,USSR,USSR,RUS,Russia,1985,-7.0,0,7,3.0,3,1.0,,,
364_RUS,364,USSR,USSR,RUS,Russia,1986,-7.0,0,7,3.0,3,1.0,,,
364_RUS,364,USSR,USSR,RUS,Russia,1987,-7.0,0,7,3.0,3,1.0,,,
364_RUS,364,USSR,USSR,RUS,Russia,1988,-6.0,0,6,3.0,3,2.0,,,1.0
364_RUS,364,USSR,USSR,RUS,Russia,1989,-4.0,1,5,3.0,4,2.0,,,1.0
364_RUS,364,USSR,USSR,RUS,Russia,1990,0.0,3,3,7.0,4,2.0,1.0,,1.0
364_RUS,364,USSR,USSR,RUS,Russia,1991,0.0,3,3,7.0,4,2.0,1.0,1.0,98.0
364_RUS,364,USSR,Russia,RUS,Russia,1992,5.0,5,0,7.0,5,7.0,1.0,,97.0
364_RUS,364,USSR,Russia,RUS,Russia,1993,3.0,4,1,7.0,3,9.0,1.0,,0.0
364_RUS,364,USSR,Russia,RUS,Russia,1994,3.0,4,1,7.0,3,9.0,,,
364_RUS,364,USSR,Russia,RUS,Russia,1995,3.0,4,1,7.0,3,9.0,,,
364_RUS,364,USSR,Russia,RUS,Russia,1996,3.0,4,1,7.0,3,9.0,,,
364_RUS,364,USSR,Russia,RUS,Russia,1997,3.0,4,1,7.0,3,9.0,,,
364_RUS,364,USSR,Russia,RUS,Russia,1998,3.0,4,1,7.0,3,9.0,,,
364_RUS,364,USSR,Russia,RUS,Russia,1999,3.0,4,1,7.0,3,9.0,,,
364_RUS,364,USSR,Russia,RUS,Russia,2000,6.0,6,0,7.0,5,9.0,1.0,,1.0
364_RUS,364,USSR,Russia,RUS,Russia,2001,6.0,6,0,7.0,5,9.0,,,
364_RUS,364,USSR,Russia,RUS,Russia,2002,6.0,6,0,7.0,5,9.0,,,
364_RUS,364,USSR,Russia,RUS,Russia,2003,6.0,6,0,7.0,5,9.0,,,
364_RUS,364,USSR,Russia,RUS,Russia,2004,6.0,6,0,7.0,5,9.0,,,
364_RUS,364,USSR,Russia,RUS,Russia,2005,6.0,6,0,7.0,5,9.0,,,
364_RUS,364,USSR,Russia,RUS,Russia,2006,6.0,6,0,7.0,5,9.0,,,
364_RUS,364,USSR,Russia,RUS,Russia,2007,4.0,5,1,7.0,4,8.0,1.0,,0.0
364_RUS,364,USSR,Russia,RUS,Russia,2008,4.0,5,1,7.0,4,8.0,,,
364_RUS,364,USSR,Russia,RUS,Russia,2009,4.0,5,1,7.0,4,8.0,,,
364_RUS,364,USSR,Russia,RUS,Russia,2010,4.0,5,1,7.0,4,8.0,,,
364_RUS,364,USSR,Russia,RUS,Russia,2011,4.0,5,1,7.0,4,8.0,,,
364_RUS,364,USSR,Russia,RUS,Russia,2012,4.0,5,1,7.0,4,8.0,,,
364_RUS,364,USSR,Russia,RUS,Russia,2013,4.0,5,1,7.0,4,8.0,,,
364_RUS,364,USSR,Russia,RUS,Russia,2014,4.0,5,1,7.0,4,8.0,,,
364_RUS,364,USSR,Russia,RUS,Russia,2015,4.0,5,1,7.0,4,8.0,,,
364_RUS,364,USSR,Russia,RUS,Russia,2016,4.0,5,1,7.0,4,8.0,,,
364_RUS,364,USSR,Russia,RUS,Russia,2017,4.0,5,1,7.0,4,8.0,,,
364_RUS,364,USSR,Russia,RUS,Russia,2018,4.0,5,1,7.0,4,8.0,,,
364_TJK,364,USSR,USSR,TJK,Tajikistan,1971,-7.0,0,7,3.0,3,1.0,,,
364_TJK,364,USSR,USSR,TJK,Tajikistan,1972,-7.0,0,7,3.0,3,1.0,,,
364_TJK,364,USSR,USSR,TJK,Tajikistan,1973,-7.0,0,7,3.0,3,1.0,,,
364_TJK,364,USSR,USSR,TJK,Tajikistan,1974,-7.0,0,7,3.0,3,1.0,,,
364_TJK,364,USSR,USSR,TJK,Tajikistan,1975,-7.0,0,7,3.0,3,1.0,,,
364_TJK,364,USSR,USSR,TJK,Tajikistan,1976,-7.0,0,7,3.0,3,1.0,,,
364_TJK,364,USSR,USSR,TJK,Tajikistan,1977,-7.0,0,7,3.0,3,1.0,,,
364_TJK,364,USSR,USSR,TJK,Tajikistan,1978,-7.0,0,7,3.0,3,1.0,,,
364_TJK,364,USSR,USSR,TJK,Tajikistan,1979,-7.0,0,7,3.0,3,1.0,,,
364_TJK,364,USSR,USSR,TJK,Tajikistan,1980,-7.0,0,7,3.0,3,1.0,,,
364_TJK,364,USSR,USSR,TJK,Tajikistan,1981,-7.0,0,7,3.0,3,1.0,,,
364_TJK,364,USSR,USSR,TJK,Tajikistan,1982,-7.0,0,7,3.0,3,1.0,,,
364_TJK,364,USSR,USSR,TJK,Tajikistan,1983,-7.0,0,7,3.0,3,1.0,,,
364_TJK,364,USSR,USSR,TJK,Tajikistan,1984,-7.0,0,7,3.0,3,1.0,,,
364_TJK,364,USSR,USSR,TJK,Tajikistan,1985,-7.0,0,7,3.0,3,1.0,,,
364_TJK,364,USSR,USSR,TJK,Tajikistan,1986,-7.0,0,7,3.0,3,1.0,,,
364_TJK,364,USSR,USSR,TJK,Tajikistan,1987,-7.0,0,7,3.0,3,1.0,,,
364_TJK,364,USSR,USSR,TJK,Tajikistan,1988,-6.0,0,6,3.0,3,2.0,,,1.0
364_TJK,364,USSR,USSR,TJK,Tajikistan,1989,-4.0,1,5,3.0,4,2.0,,,1.0
364_TJK,364,USSR,USSR,TJK,Tajikistan,1990,0.0,3,3,7.0,4,2.0,1.0,,1.0
364_TJK,364,USSR,Tajikistan,TJK,Tajikistan,1991,-2.0,1,3,3.0,3,7.0,1.0,,99.0
364_TJK,364,USSR,Tajikistan,TJK,Tajikistan,1992,-6.0,0,6,3.0,3,2.0,1.0,,-1.0
364_TJK,364,USSR,Tajikistan,TJK,Tajikistan,1993,-6.0,0,6,3.0,3,2.0,,,
364_TJK,364,USSR,Tajikistan,TJK,Tajikistan,1994,-6.0,0,6,3.0,3,2.0,,,
364_TJK,364,USSR,Tajikistan,TJK,Tajikistan,1995,-6.0,0,6,3.0,3,2.0,,,
364_TJK,364,USSR,Tajikistan,TJK,Tajikistan,1996,-6.0,0,6,3.0,3,2.0,,,
364_TJK,364,USSR,Tajikistan,TJK,Tajikistan,1997,-5.0,0,5,3.0,3,3.0,,,1.0
364_TJK,364,USSR,Tajikistan,TJK,Tajikistan,1998,-1.0,2,3,3.0,4,6.0,1.0,,1.0
364_TJK,364,USSR,Tajikistan,TJK,Tajikistan,1999,-1.0,2,3,3.0,4,6.0,,,
364_TJK,364,USSR,Tajikistan,TJK,Tajikistan,2000,-1.0,2,3,3.0,4,6.0,,,
364_TJK,364,USSR,Tajikistan,TJK,Tajikistan,2001,-1.0,2,3,3.0,4,6.0,,,
364_TJK,364,USSR,Tajikistan,TJK,Tajikistan,2002,-1.0,2,3,3.0,4,6.0,,,
364_TJK,364,USSR,Tajikistan,TJK,Tajikistan,2003,-3.0,1,4,3.0,3,6.0,1.0,,0.0
364_TJK,364,USSR,Tajikistan,TJK,Tajikistan,2004,-3.0,1,4,3.0,3,6.0,,,
364_TJK,364,USSR,Tajikistan,TJK,Tajikistan,2005,-3.0,1,4,3.0,3,6.0,,,
364_TJK,364,USSR,Tajikistan,TJK,Tajikistan,2006,-3.0,1,4,3.0,3,6.0,,,
364_TJK,364,USSR,Tajikistan,TJK,Tajikistan,2007,-3.0,1,4,3.0,3,6.0,,,
364_TJK,364,USSR,Tajikistan,TJK,Tajikistan,2008,-3.0,1,4,3.0,3,6.0,,,
364_TJK,364,USSR,Tajikistan,TJK,Tajikistan,2009,-3.0,1,4,3.0,3,6.0,,,
364_TJK,364,USSR,Tajikistan,TJK,Tajikistan,2010,-3.0,1,4,3.0,3,6.0,,,
364_TJK,364,USSR,Tajikistan,TJK,Tajikistan,2011,-3.0,1,4,3.0,3,6.0,,,
364_TJK,364,USSR,Tajikistan,TJK,Tajikistan,2012,-3.0,1,4,3.0,3,6.0,,,
364_TJK,364,USSR,Tajikistan,TJK,Tajikistan,2013,-3.0,1,4,3.0,3,6.0,,,
364_TJK,364,USSR,Tajikistan,TJK,Tajikistan,2014,-3.0,1,4,3.0,3,6.0,,,
364_TJK,364,USSR,Tajikistan,TJK,Tajikistan,2015,-3.0,1,4,3.0,3,6.0,,,
364_TJK,364,USSR,Tajikistan,TJK,Tajikistan,2016,-3.0,1,4,3.0,3,6.0,,,
364_TJK,364,USSR,Tajikistan,TJK,Tajikistan,2017,-3.0,1,4,3.0,3,6.0,,,
364_TJK,364,USSR,Tajikistan,TJK,Tajikistan,2018,-3.0,1,4,3.0,3,6.0,,,
364_TKM,364,USSR,USSR,TKM,Turkmenistan,1971,-7.0,0,7,3.0,3,1.0,,,
364_TKM,364,USSR,USSR,TKM,Turkmenistan,1972,-7.0,0,7,3.0,3,1.0,,,
364_TKM,364,USSR,USSR,TKM,Turkmenistan,1973,-7.0,0,7,3.0,3,1.0,,,
364_TKM,364,USSR,USSR,TKM,Turkmenistan,1974,-7.0,0,7,3.0,3,1.0,,,
364_TKM,364,USSR,USSR,TKM,Turkmenistan,1975,-7.0,0,7,3.0,3,1.0,,,
364_TKM,364,USSR,USSR,TKM,Turkmenistan,1976,-7.0,0,7,3.0,3,1.0,,,
364_TKM,364,USSR,USSR,TKM,Turkmenistan,1977,-7.0,0,7,3.0,3,1.0,,,
364_TKM,364,USSR,USSR,TKM,Turkmenistan,1978,-7.0,0,7,3.0,3,1.0,,,
364_TKM,364,USSR,USSR,TKM,Turkmenistan,1979,-7.0,0,7,3.0,3,1.0,,,
364_TKM,364,USSR,USSR,TKM,Turkmenistan,1980,-7.0,0,7,3.0,3,1.0,,,
364_TKM,364,USSR,USSR,TKM,Turkmenistan,1981,-7.0,0,7,3.0,3,1.0,,,
364_TKM,364,USSR,USSR,TKM,Turkmenistan,1982,-7.0,0,7,3.0,3,1.0,,,
364_TKM,364,USSR,USSR,TKM,Turkmenistan,1983,-7.0,0,7,3.0,3,1.0,,,
364_TKM,364,USSR,USSR,TKM,Turkmenistan,1984,-7.0,0,7,3.0,3,1.0,,,
364_TKM,364,USSR,USSR,TKM,Turkmenistan,1985,-7.0,0,7,3.0,3,1.0,,,
364_TKM,364,USSR,USSR,TKM,Turkmenistan,1986,-7.0,0,7,3.0,3,1.0,,,
364_TKM,364,USSR,USSR,TKM,Turkmenistan,1987,-7.0,0,7,3.0,3,1.0,,,
364_TKM,364,USSR,USSR,TKM,Turkmenistan,1988,-6.0,0,6,3.0,3,2.0,,,1.0
364_TKM,364,USSR,USSR,TKM,Turkmenistan,1989,-4.0,1,5,3.0,4,2.0,,,1.0
364_TKM,364,USSR,USSR,TKM,Turkmenistan,1990,0.0,3,3,7.0,4,2.0,1.0,,1.0
364_TKM,364,USSR,Turkmenistan,TKM,Turkmenistan,1991,-8.0,0,8,3.0,2,1.0,1.0,,99.0
364_TKM,364,USSR,Turkmenistan,TKM,Turkmenistan,1992,-9.0,0,9,3.0,1,1.0,1.0,,0.0
364_TKM,364,USSR,Turkmenistan,TKM,Turkmenistan,1993,-9.0,0,9,3.0,1,1.0,,,
364_TKM,364,USSR,Turkmenistan,TKM,Turkmenistan,1994,-9.0,0,9,3.0,1,1.0,,,
364_TKM,364,USSR,Turkmenistan,TKM,Turkmenistan,1995,-9.0,0,9,3.0,1,1.0,,,
364_TKM,364,USSR,Turkmenistan,TKM,Turkmenistan,1996,-9.0,0,9,3.0,1,1.0,,,
364_TKM,364,USSR,Turkmenistan,TKM,Turkmenistan,1997,-9.0,0,9,3.0,1,1.0,,,
364_TKM,364,USSR,Turkmenistan,TKM,Turkmenistan,1998,-9.0,0,9,3.0,1,1.0,,,
364_TKM,364,USSR,Turkmenistan,TKM,Turkmenistan,1999,-9.0,0,9,3.0,1,1.0,,,
364_TKM,364,USSR,Turkmenistan,TKM,Turkmenistan,2000,-9.0,0,9,3.0,1,1.0,,,
364_TKM,364,USSR,Turkmenistan,TKM,Turkmenistan,2001,-9.0,0,9,3.0,1,1.0,,,
364_TKM,364,USSR,Turkmenistan,TKM,Turkmenistan,2002,-9.0,0,9,3.0,1,1.0,,,
364_TKM,364,USSR,Turkmenistan,TKM,Turkmenistan,2003,-9.0,0,9,3.0,1,1.0,,,
364_TKM,364,USSR,Turkmenistan,TKM,Turkmenistan,2004,-9.0,0,9,3.0,1,1.0,,,
364_TKM,364,USSR,Turkmenistan,TKM,Turkmenistan,2005,-9.0,0,9,3.0,1,1.0,,,
364_TKM,364,USSR,Turkmenistan,TKM,Turkmenistan,2006,-9.0,0,9,3.0,1,1.0,,,
364_TKM,364,USSR,Turkmenistan,TKM,Turkmenistan,2007,-9.0,0,9,3.0,1,1.0,,,
364_TKM,364,USSR,Turkmenistan,TKM,Turkmenistan,2008,-9.0,0,9,3.0,1,1.0,,,
364_TKM,364,USSR,Turkmenistan,TKM,Turkmenistan,2009,-9.0,0,9,3.0,1,1.0,,,
364_TKM,364,USSR,Turkmenistan,TKM,Turkmenistan,2010,-9.0,0,9,3.0,1,1.0,,,
364_TKM,364,USSR,Turkmenistan,TKM,Turkmenistan,2011,-9.0,0,9,3.0,1,1.0,,,
364_TKM,364,USSR,Turkmenistan,TKM,Turkmenistan,2012,-9.0,0,9,3.0,1,1.0,,,
364_TKM,364,USSR,Turkmenistan,TKM,Turkmenistan,2013,-8.0,0,8,3.0,1,2.0,1.0,,0.0
364_TKM,364,USSR,Turkmenistan,TKM,Turkmenistan,2014,-8.0,0,8,3.0,1,2.0,,,
364_TKM,364,USSR,Turkmenistan,TKM,Turkmenistan,2015,-8.0,0,8,3.0,1,2.0,,,
364_TKM,364,USSR,Turkmenistan,TKM,Turkmenistan,2016,-8.0,0,8,3.0,1,2.0,,,
364_TKM,364,USSR,Turkmenistan,TKM,Turkmenistan,2017,-8.0,0,8,3.0,1,2.0,,,
364_TKM,364,USSR,Turkmenistan,TKM,Turkmenistan,2018,-8.0,0,8,3.0,1,2.0,,,
364_UKR,364,USSR,USSR,UKR,Ukraine,1971,-7.0,0,7,3.0,3,1.0,,,
364_UKR,364,USSR,USSR,UKR,Ukraine,1972,-7.0,0,7,3.0,3,1.0,,,
364_UKR,364,USSR,USSR,UKR,Ukraine,1973,-7.0,0,7,3.0,3,1.0,,,
364_UKR,364,USSR,USSR,UKR,Ukraine,1974,-7.0,0,7,3.0,3,1.0,,,
364_UKR,364,USSR,USSR,UKR,Ukraine,1975,-7.0,0,7,3.0,3,1.0,,,
364_UKR,364,USSR,USSR,UKR,Ukraine,1976,-7.0,0,7,3.0,3,1.0,,,
364_UKR,364,USSR,USSR,UKR,Ukraine,1977,-7.0,0,7,3.0,3,1.0,,,
364_UKR,364,USSR,USSR,UKR,Ukraine,1978,-7.0,0,7,3.0,3,1.0,,,
364_UKR,364,USSR,USSR,UKR,Ukraine,1979,-7.0,0,7,3.0,3,1.0,,,
364_UKR,364,USSR,USSR,UKR,Ukraine,1980,-7.0,0,7,3.0,3,1.0,,,
364_UKR,364,USSR,USSR,UKR,Ukraine,1981,-7.0,0,7,3.0,3,1.0,,,
364_UKR,364,USSR,USSR,UKR,Ukraine,1982,-7.0,0,7,3.0,3,1.0,,,
364_UKR,364,USSR,USSR,UKR,Ukraine,1983,-7.0,0,7,3.0,3,1.0,,,
364_UKR,364,USSR,USSR,UKR,Ukraine,1984,-7.0,0,7,3.0,3,1.0,,,
364_UKR,364,USSR,USSR,UKR,Ukraine,1985,-7.0,0,7,3.0,3,1.0,,,
364_UKR,364,USSR,USSR,UKR,Ukraine,1986,-7.0,0,7,3.0,3,1.0,,,
364_UKR,364,USSR,USSR,UKR,Ukraine,1987,-7.0,0,7,3.0,3,1.0,,,
364_UKR,364,USSR,USSR,UKR,Ukraine,1988,-6.0,0,6,3.0,3,2.0,,,1.0
364_UKR,364,USSR,USSR,UKR,Ukraine,1989,-4.0,1,5,3.0,4,2.0,,,1.0
364_UKR,364,USSR,USSR,UKR,Ukraine,1990,0.0,3,3,7.0,4,2.0,1.0,,1.0
364_UKR,364,USSR,Ukraine,UKR,Ukraine,1991,6.0,6,0,7.0,6,7.0,1.0,,99.0
364_UKR,364,USSR,Ukraine,UKR,Ukraine,1992,6.0,6,0,7.0,6,7.0,,,
364_UKR,364,USSR,Ukraine,UKR,Ukraine,1993,5.0,5,0,7.0,5,7.0,1.0,,0.0
364_UKR,364,USSR,Ukraine,UKR,Ukraine,1994,7.0,7,0,8.0,5,9.0,1.0,,0.0
364_UKR,364,USSR,Ukraine,UKR,Ukraine,1995,7.0,7,0,8.0,5,9.0,,,
364_UKR,364,USSR,Ukraine,UKR,Ukraine,1996,7.0,7,0,8.0,5,9.0,,,
364_UKR,364,USSR,Ukraine,UKR,Ukraine,1997,7.0,7,0,8.0,5,9.0,,,
364_UKR,364,USSR,Ukraine,UKR,Ukraine,1998,7.0,7,0,8.0,5,9.0,,,
364_UKR,364,USSR,Ukraine,UKR,Ukraine,1999,7.0,7,0,8.0,5,9.0,,,
364_UKR,364,USSR,Ukraine,UKR,Ukraine,2000,6.0,6,0,8.0,5,7.0,1.0,,0.0
364_UKR,364,USSR,Ukraine,UKR,Ukraine,2001,6.0,6,0,8.0,5,7.0,,,
364_UKR,364,USSR,Ukraine,UKR,Ukraine,2002,6.0,6,0,8.0,5,7.0,,,
364_UKR,364,USSR,Ukraine,UKR,Ukraine,2003,6.0,6,0,8.0,5,7.0,,,
364_UKR,364,USSR,Ukraine,UKR,Ukraine,2004,6.0,6,0,8.0,5,7.0,,,
364_UKR,364,USSR,Ukraine,UKR,Ukraine,2005,6.0,6,0,8.0,5,7.0,,,
364_UKR,364,USSR,Ukraine,UKR,Ukraine,2006,7.0,7,0,8.0,6,7.0,1.0,,0.0
364_UKR,364,USSR,Ukraine,UKR,Ukraine,2007,7.0,7,0,8.0,6,7.0,,,
364_UKR,364,USSR,Ukraine,UKR,Ukraine,2008,7.0,7,0,8.0,6,7.0,,,
364_UKR,364,USSR,Ukraine,UKR,Ukraine,2009,7.0,7,0,8.0,6,7.0,,,
364_UKR,364,USSR,Ukraine,UKR,Ukraine,2010,6.0,6,0,8.0,5,7.0,1.0,,0.0
364_UKR,364,USSR,Ukraine,UKR,Ukraine,2011,6.0,6,0,8.0,5,7.0,,,
364_UKR,364,USSR,Ukraine,UKR,Ukraine,2012,6.0,6,0,8.0,5,7.0,,,
364_UKR,364,USSR,Ukraine,UKR,Ukraine,2013,6.0,6,0,8.0,5,7.0,,,
364_UKR,364,USSR,Ukraine,UKR,Ukraine,2014,4.0,5,1,7.0,5,6.0,1.0,1.0,0.0
364_UKR,364,USSR,Ukraine,UKR,Ukraine,2015,4.0,5,1,7.0,5,6.0,,,
364_UKR,364,USSR,Ukraine,UKR,Ukraine,2016,4.0,5,1,7.0,5,6.0,,,
364_UKR,364,USSR,Ukraine,UKR,Ukraine,2017,4.0,5,1,7.0,5,6.0,,,
364_UKR,364,USSR,Ukraine,UKR,Ukraine,2018,4.0,5,1,7.0,5,6.0,,,
364_UZB,364,USSR,USSR,UZB,Uzbekistan,1971,-7.0,0,7,3.0,3,1.0,,,
364_UZB,364,USSR,USSR,UZB,Uzbekistan,1972,-7.0,0,7,3.0,3,1.0,,,
364_UZB,364,USSR,USSR,UZB,Uzbekistan,1973,-7.0,0,7,3.0,3,1.0,,,
364_UZB,364,USSR,USSR,UZB,Uzbekistan,1974,-7.0,0,7,3.0,3,1.0,,,
364_UZB,364,USSR,USSR,UZB,Uzbekistan,1975,-7.0,0,7,3.0,3,1.0,,,
364_UZB,364,USSR,USSR,UZB,Uzbekistan,1976,-7.0,0,7,3.0,3,1.0,,,
364_UZB,364,USSR,USSR,UZB,Uzbekistan,1977,-7.0,0,7,3.0,3,1.0,,,
364_UZB,364,USSR,USSR,UZB,Uzbekistan,1978,-7.0,0,7,3.0,3,1.0,,,
364_UZB,364,USSR,USSR,UZB,Uzbekistan,1979,-7.0,0,7,3.0,3,1.0,,,
364_UZB,364,USSR,USSR,UZB,Uzbekistan,1980,-7.0,0,7,3.0,3,1.0,,,
364_UZB,364,USSR,USSR,UZB,Uzbekistan,1981,-7.0,0,7,3.0,3,1.0,,,
364_UZB,364,USSR,USSR,UZB,Uzbekistan,1982,-7.0,0,7,3.0,3,1.0,,,
364_UZB,364,USSR,USSR,UZB,Uzbekistan,1983,-7.0,0,7,3.0,3,1.0,,,
364_UZB,364,USSR,USSR,UZB,Uzbekistan,1984,-7.0,0,7,3.0,3,1.0,,,
364_UZB,364,USSR,USSR,UZB,Uzbekistan,1985,-7.0,0,7,3.0,3,1.0,,,
364_UZB,364,USSR,USSR,UZB,Uzbekistan,1986,-7.0,0,7,3.0,3,1.0,,,
364_UZB,364,USSR,USSR,UZB,Uzbekistan,1987,-7.0,0,7,3.0,3,1.0,,,
364_UZB,364,USSR,USSR,UZB,Uzbekistan,1988,-6.0,0,6,3.0,3,2.0,,,1.0
364_UZB,364,USSR,USSR,UZB,Uzbekistan,1989,-4.0,1,5,3.0,4,2.0,,,1.0
364_UZB,364,USSR,USSR,UZB,Uzbekistan,1990,0.0,3,3,7.0,4,2.0,1.0,,1.0
364_UZB,364,USSR,Uzbekistan,UZB,Uzbekistan,1991,-9.0,0,9,3.0,1,1.0,1.0,,99.0
364_UZB,364,USSR,Uzbekistan,UZB,Uzbekistan,1992,-9.0,0,9,3.0,1,1.0,,,
364_UZB,364,USSR,Uzbekistan,UZB,Uzbekistan,1993,-9.0,0,9,3.0,1,1.0,,,
364_UZB,364,USSR,Uzbekistan,UZB,Uzbekistan,1994,-9.0,0,9,3.0,1,1.0,,,
364_UZB,364,USSR,Uzbekistan,UZB,Uzbekistan,1995,-9.0,0,9,3.0,1,1.0,,,
364_UZB,364,USSR,Uzbekistan,UZB,Uzbekistan,1996,-9.0,0,9,3.0,1,1.0,,,
364_UZB,364,USSR,Uzbekistan,UZB,Uzbekistan,1997,-9.0,0,9,3.0,1,1.0,,,
364_UZB,364,USSR,Uzbekistan,UZB,Uzbekistan,1998,-9.0,0,9,3.0,1,1.0,,,
364_UZB,364,USSR,Uzbekistan,UZB,Uzbekistan,1999,-9.0,0,9,3.0,1,1.0,,,
364_UZB,364,USSR,Uzbekistan,UZB,Uzbekistan,2000,-9.0,0,9,3.0,1,1.0,,,
364_UZB,364,USSR,Uzbekistan,UZB,Uzbekistan,2001,-9.0,0,9,3.0,1,1.0,,,
364_UZB,364,USSR,Uzbekistan,UZB,Uzbekistan,2002,-9.0,0,9,3.0,1,1.0,,,
364_UZB,364,USSR,Uzbekistan,UZB,Uzbekistan,2003,-9.0,0,9,3.0,1,1.0,,,
364_UZB,364,USSR,Uzbekistan,UZB,Uzbekistan,2004,-9.0,0,9,3.0,1,1.0,,,
364_UZB,364,USSR,Uzbekistan,UZB,Uzbekistan,2005,-9.0,0,9,3.0,1,1.0,,,
364_UZB,364,USSR,Uzbekistan,UZB,Uzbekistan,2006,-9.0,0,9,3.0,1,1.0,,,
364_UZB,364,USSR,Uzbekistan,UZB,Uzbekistan,2007,-9.0,0,9,3.0,1,1.0,,,
364_UZB,364,USSR,Uzbekistan,UZB,Uzbekistan,2008,-9.0,0,9,3.0,1,1.0,,,
364_UZB,364,USSR,Uzbekistan,UZB,Uzbekistan,2009,-9.0,0,9,3.0,1,1.0,,,
364_UZB,364,USSR,Uzbekistan,UZB,Uzbekistan,2010,-9.0,0,9,3.0,1,1.0,,,
364_UZB,364,USSR,Uzbekistan,UZB,Uzbekistan,2011,-9.0,0,9,3.0,1,1.0,,,
364_UZB,364,USSR,Uzbekistan,UZB,Uzbekistan,2012,-9.0,0,9,3.0,1,1.0,,,
364_UZB,364,USSR,Uzbekistan,UZB,Uzbekistan,2013,-9.0,0,9,3.0,1,1.0,,,
364_UZB,364,USSR,Uzbekistan,UZB,Uzbekistan,2014,-9.0,0,9,3.0,1,1.0,,,
364_UZB,364,USSR,Uzbekistan,UZB,Uzbekistan,2015,-9.0,0,9,3.0,1,1.0,,,
364_UZB,364,USSR,Uzbekistan,UZB,Uzbekistan,2016,-9.0,0,9,3.0,1,1.0,,,
364_UZB,364,USSR,Uzbekistan,UZB,Uzbekistan,2017,-9.0,0,9,3.0,1,1.0,,,
364_UZB,364,USSR,Uzbekistan,UZB,Uzbekistan,2018,-9.0,0,9,3.0,1,1.0,,,
375_FIN,375,Finland,Finland,FIN,Finland,1971,10.0,10,0,8.0,7,10.0,,,
375_FIN,375,Finland,Finland,FIN,Finland,1972,10.0,10,0,8.0,7,10.0,,,
375_FIN,375,Finland,Finland,FIN,Finland,1973,10.0,10,0,8.0,7,10.0,,,
375_FIN,375,Finland,Finland,FIN,Finland,1974,10.0,10,0,8.0,7,10.0,,,
375_FIN,375,Finland,Finland,FIN,Finland,1975,10.0,10,0,8.0,7,10.0,,,
375_FIN,375,Finland,Finland,FIN,Finland,1976,10.0,10,0,8.0,7,10.0,,,
375_FIN,375,Finland,Finland,FIN,Finland,1977,10.0,10,0,8.0,7,10.0,,,
375_FIN,375,Finland,Finland,FIN,Finland,1978,10.0,10,0,8.0,7,10.0,,,
375_FIN,375,Finland,Finland,FIN,Finland,1979,10.0,10,0,8.0,7,10.0,,,
375_FIN,375,Finland,Finland,FIN,Finland,1980,10.0,10,0,8.0,7,10.0,,,
375_FIN,375,Finland,Finland,FIN,Finland,1981,10.0,10,0,8.0,7,10.0,,,
375_FIN,375,Finland,Finland,FIN,Finland,1982,10.0,10,0,8.0,7,10.0,,,
375_FIN,375,Finland,Finland,FIN,Finland,1983,10.0,10,0,8.0,7,10.0,,,
375_FIN,375,Finland,Finland,FIN,Finland,1984,10.0,10,0,8.0,7,10.0,,,
375_FIN,375,Finland,Finland,FIN,Finland,1985,10.0,10,0,8.0,7,10.0,,,
375_FIN,375,Finland,Finland,FIN,Finland,1986,10.0,10,0,8.0,7,10.0,,,
375_FIN,375,Finland,Finland,FIN,Finland,1987,10.0,10,0,8.0,7,10.0,,,
375_FIN,375,Finland,Finland,FIN,Finland,1988,10.0,10,0,8.0,7,10.0,,,
375_FIN,375,Finland,Finland,FIN,Finland,1989,10.0,10,0,8.0,7,10.0,,,
375_FIN,375,Finland,Finland,FIN,Finland,1990,10.0,10,0,8.0,7,10.0,,,
375_FIN,375,Finland,Finland,FIN,Finland,1991,10.0,10,0,8.0,7,10.0,,,
375_FIN,375,Finland,Finland,FIN,Finland,1992,10.0,10,0,8.0,7,10.0,,,
375_FIN,375,Finland,Finland,FIN,Finland,1993,10.0,10,0,8.0,7,10.0,,,
375_FIN,375,Finland,Finland,FIN,Finland,1994,10.0,10,0,8.0,7,10.0,,,
375_FIN,375,Finland,Finland,FIN,Finland,1995,10.0,10,0,8.0,7,10.0,,,
375_FIN,375,Finland,Finland,FIN,Finland,1996,10.0,10,0,8.0,7,10.0,,,
375_FIN,375,Finland,Finland,FIN,Finland,1997,10.0,10,0,8.0,7,10.0,,,
375_FIN,375,Finland,Finland,FIN,Finland,1998,10.0,10,0,8.0,7,10.0,,,
375_FIN,375,Finland,Finland,FIN,Finland,1999,10.0,10,0,8.0,7,10.0,,,
375_FIN,375,Finland,Finland,FIN,Finland,2000,10.0,10,0,8.0,7,10.0,,,
375_FIN,375,Finland,Finland,FIN,Finland,2001,10.0,10,0,8.0,7,10.0,,,
375_FIN,375,Finland,Finland,FIN,Finland,2002,10.0,10,0,8.0,7,10.0,,,
375_FIN,375,Finland,Finland,FIN,Finland,2003,10.0,10,0,8.0,7,10.0,,,
375_FIN,375,Finland,Finland,FIN,Finland,2004,10.0,10,0,8.0,7,10.0,,,
375_FIN,375,Finland,Finland,FIN,Finland,2005,10.0,10,0,8.0,7,10.0,,,
375_FIN,375,Finland,Finland,FIN,Finland,2006,10.0,10,0,8.0,7,10.0,,,
375_FIN,375,Finland,Finland,FIN,Finland,2007,10.0,10,0,8.0,7,10.0,,,
375_FIN,375,Finland,Finland,FIN,Finland,2008,10.0,10,0,8.0,7,10.0,,,
375_FIN,375,Finland,Finland,FIN,Finland,2009,10.0,10,0,8.0,7,10.0,,,
375_FIN,375,Finland,Finland,FIN,Finland,2010,10.0,10,0,8.0,7,10.0,,,
375_FIN,375,Finland,Finland,FIN,Finland,2011,10.0,10,0,8.0,7,10.0,,,
375_FIN,375,Finland,Finland,FIN,Finland,2012,10.0,10,0,8.0,7,10.0,,,
375_FIN,375,Finland,Finland,FIN,Finland,2013,10.0,10,0,8.0,7,10.0,,,
375_FIN,375,Finland,Finland,FIN,Finland,2014,10.0,10,0,8.0,7,10.0,,,
375_FIN,375,Finland,Finland,FIN,Finland,2015,10.0,10,0,8.0,7,10.0,,,
375_FIN,375,Finland,Finland,FIN,Finland,2016,10.0,10,0,8.0,7,10.0,,,
375_FIN,375,Finland,Finland,FIN,Finland,2017,10.0,10,0,8.0,7,10.0,,,
375_FIN,375,Finland,Finland,FIN,Finland,2018,10.0,10,0,8.0,7,10.0,,,
380_SWE,380,Sweden,Sweden,SWE,Sweden,1971,10.0,10,0,8.0,7,10.0,,,
380_SWE,380,Sweden,Sweden,SWE,Sweden,1972,10.0,10,0,8.0,7,10.0,,,
380_SWE,380,Sweden,Sweden,SWE,Sweden,1973,10.0,10,0,8.0,7,10.0,,,
380_SWE,380,Sweden,Sweden,SWE,Sweden,1974,10.0,10,0,8.0,7,10.0,,,
380_SWE,380,Sweden,Sweden,SWE,Sweden,1975,10.0,10,0,8.0,7,10.0,,,
380_SWE,380,Sweden,Sweden,SWE,Sweden,1976,10.0,10,0,8.0,7,10.0,,,
380_SWE,380,Sweden,Sweden,SWE,Sweden,1977,10.0,10,0,8.0,7,10.0,,,
380_SWE,380,Sweden,Sweden,SWE,Sweden,1978,10.0,10,0,8.0,7,10.0,,,
380_SWE,380,Sweden,Sweden,SWE,Sweden,1979,10.0,10,0,8.0,7,10.0,,,
380_SWE,380,Sweden,Sweden,SWE,Sweden,1980,10.0,10,0,8.0,7,10.0,,,
380_SWE,380,Sweden,Sweden,SWE,Sweden,1981,10.0,10,0,8.0,7,10.0,,,
380_SWE,380,Sweden,Sweden,SWE,Sweden,1982,10.0,10,0,8.0,7,10.0,,,
380_SWE,380,Sweden,Sweden,SWE,Sweden,1983,10.0,10,0,8.0,7,10.0,,,
380_SWE,380,Sweden,Sweden,SWE,Sweden,1984,10.0,10,0,8.0,7,10.0,,,
380_SWE,380,Sweden,Sweden,SWE,Sweden,1985,10.0,10,0,8.0,7,10.0,,,
380_SWE,380,Sweden,Sweden,SWE,Sweden,1986,10.0,10,0,8.0,7,10.0,,,
380_SWE,380,Sweden,Sweden,SWE,Sweden,1987,10.0,10,0,8.0,7,10.0,,,
380_SWE,380,Sweden,Sweden,SWE,Sweden,1988,10.0,10,0,8.0,7,10.0,,,
380_SWE,380,Sweden,Sweden,SWE,Sweden,1989,10.0,10,0,8.0,7,10.0,,,
380_SWE,380,Sweden,Sweden,SWE,Sweden,1990,10.0,10,0,8.0,7,10.0,,,
380_SWE,380,Sweden,Sweden,SWE,Sweden,1991,10.0,10,0,8.0,7,10.0,,,
380_SWE,380,Sweden,Sweden,SWE,Sweden,1992,10.0,10,0,8.0,7,10.0,,,
380_SWE,380,Sweden,Sweden,SWE,Sweden,1993,10.0,10,0,8.0,7,10.0,,,
380_SWE,380,Sweden,Sweden,SWE,Sweden,1994,10.0,10,0,8.0,7,10.0,,,
380_SWE,380,Sweden,Sweden,SWE,Sweden,1995,10.0,10,0,8.0,7,10.0,,,
380_SWE,380,Sweden,Sweden,SWE,Sweden,1996,10.0,10,0,8.0,7,10.0,,,
380_SWE,380,Sweden,Sweden,SWE,Sweden,1997,10.0,10,0,8.0,7,10.0,,,
380_SWE,380,Sweden,Sweden,SWE,Sweden,1998,10.0,10,0,8.0,7,10.0,,,
380_SWE,380,Sweden,Sweden,SWE,Sweden,1999,10.0,10,0,8.0,7,10.0,,,
380_SWE,380,Sweden,Sweden,SWE,Sweden,2000,10.0,10,0,8.0,7,10.0,,,
380_SWE,380,Sweden,Sweden,SWE,Sweden,2001,10.0,10,0,8.0,7,10.0,,,
380_SWE,380,Sweden,Sweden,SWE,Sweden,2002,10.0,10,0,8.0,7,10.0,,,
380_SWE,380,Sweden,Sweden,SWE,Sweden,2003,10.0,10,0,8.0,7,10.0,,,
380_SWE,380,Sweden,Sweden,SWE,Sweden,2004,10.0,10,0,8.0,7,10.0,,,
380_SWE,380,Sweden,Sweden,SWE,Sweden,2005,10.0,10,0,8.0,7,10.0,,,
380_SWE,380,Sweden,Sweden,SWE,Sweden,2006,10.0,10,0,8.0,7,10.0,,,
380_SWE,380,Sweden,Sweden,SWE,Sweden,2007,10.0,10,0,8.0,7,10.0,,,
380_SWE,380,Sweden,Sweden,SWE,Sweden,2008,10.0,10,0,8.0,7,10.0,,,
380_SWE,380,Sweden,Sweden,SWE,Sweden,2009,10.0,10,0,8.0,7,10.0,,,
380_SWE,380,Sweden,Sweden,SWE,Sweden,2010,10.0,10,0,8.0,7,10.0,,,
380_SWE,380,Sweden,Sweden,SWE,Sweden,2011,10.0,10,0,8.0,7,10.0,,,
380_SWE,380,Sweden,Sweden,SWE,Sweden,2012,10.0,10,0,8.0,7,10.0,,,
380_SWE,380,Sweden,Sweden,SWE,Sweden,2013,10.0,10,0,8.0,7,10.0,,,
380_SWE,380,Sweden,Sweden,SWE,Sweden,2014,10.0,10,0,8.0,7,10.0,,,
380_SWE,380,Sweden,Sweden,SWE,Sweden,2015,10.0,10,0,8.0,7,10.0,,,
380_SWE,380,Sweden,Sweden,SWE,Sweden,2016,10.0,10,0,8.0,7,10.0,,,
380_SWE,380,Sweden,Sweden,SWE,Sweden,2017,10.0,10,0,8.0,7,10.0,,,
380_SWE,380,Sweden,Sweden,SWE,Sweden,2018,10.0,10,0,8.0,7,10.0,,,
385_NOR,385,Norway,Norway,NOR,Norway,1971,10.0,10,0,8.0,7,10.0,,,
385_NOR,385,Norway,Norway,NOR,Norway,1972,10.0,10,0,8.0,7,10.0,,,
385_NOR,385,Norway,Norway,NOR,Norway,1973,10.0,10,0,8.0,7,10.0,,,
385_NOR,385,Norway,Norway,NOR,Norway,1974,10.0,10,0,8.0,7,10.0,,,
385_NOR,385,Norway,Norway,NOR,Norway,1975,10.0,10,0,8.0,7,10.0,,,
385_NOR,385,Norway,Norway,NOR,Norway,1976,10.0,10,0,8.0,7,10.0,,,
385_NOR,385,Norway,Norway,NOR,Norway,1977,10.0,10,0,8.0,7,10.0,,,
385_NOR,385,Norway,Norway,NOR,Norway,1978,10.0,10,0,8.0,7,10.0,,,
385_NOR,385,Norway,Norway,NOR,Norway,1979,10.0,10,0,8.0,7,10.0,,,
385_NOR,385,Norway,Norway,NOR,Norway,1980,10.0,10,0,8.0,7,10.0,,,
385_NOR,385,Norway,Norway,NOR,Norway,1981,10.0,10,0,8.0,7,10.0,,,
385_NOR,385,Norway,Norway,NOR,Norway,1982,10.0,10,0,8.0,7,10.0,,,
385_NOR,385,Norway,Norway,NOR,Norway,1983,10.0,10,0,8.0,7,10.0,,,
385_NOR,385,Norway,Norway,NOR,Norway,1984,10.0,10,0,8.0,7,10.0,,,
385_NOR,385,Norway,Norway,NOR,Norway,1985,10.0,10,0,8.0,7,10.0,,,
385_NOR,385,Norway,Norway,NOR,Norway,1986,10.0,10,0,8.0,7,10.0,,,
385_NOR,385,Norway,Norway,NOR,Norway,1987,10.0,10,0,8.0,7,10.0,,,
385_NOR,385,Norway,Norway,NOR,Norway,1988,10.0,10,0,8.0,7,10.0,,,
385_NOR,385,Norway,Norway,NOR,Norway,1989,10.0,10,0,8.0,7,10.0,,,
385_NOR,385,Norway,Norway,NOR,Norway,1990,10.0,10,0,8.0,7,10.0,,,
385_NOR,385,Norway,Norway,NOR,Norway,1991,10.0,10,0,8.0,7,10.0,,,
385_NOR,385,Norway,Norway,NOR,Norway,1992,10.0,10,0,8.0,7,10.0,,,
385_NOR,385,Norway,Norway,NOR,Norway,1993,10.0,10,0,8.0,7,10.0,,,
385_NOR,385,Norway,Norway,NOR,Norway,1994,10.0,10,0,8.0,7,10.0,,,
385_NOR,385,Norway,Norway,NOR,Norway,1995,10.0,10,0,8.0,7,10.0,,,
385_NOR,385,Norway,Norway,NOR,Norway,1996,10.0,10,0,8.0,7,10.0,,,
385_NOR,385,Norway,Norway,NOR,Norway,1997,10.0,10,0,8.0,7,10.0,,,
385_NOR,385,Norway,Norway,NOR,Norway,1998,10.0,10,0,8.0,7,10.0,,,
385_NOR,385,Norway,Norway,NOR,Norway,1999,10.0,10,0,8.0,7,10.0,,,
385_NOR,385,Norway,Norway,NOR,Norway,2000,10.0,10,0,8.0,7,10.0,,,
385_NOR,385,Norway,Norway,NOR,Norway,2001,10.0,10,0,8.0,7,10.0,,,
385_NOR,385,Norway,Norway,NOR,Norway,2002,10.0,10,0,8.0,7,10.0,,,
385_NOR,385,Norway,Norway,NOR,Norway,2003,10.0,10,0,8.0,7,10.0,,,
385_NOR,385,Norway,Norway,NOR,Norway,2004,10.0,10,0,8.0,7,10.0,,,
385_NOR,385,Norway,Norway,NOR,Norway,2005,10.0,10,0,8.0,7,10.0,,,
385_NOR,385,Norway,Norway,NOR,Norway,2006,10.0,10,0,8.0,7,10.0,,,
385_NOR,385,Norway,Norway,NOR,Norway,2007,10.0,10,0,8.0,7,10.0,,,
385_NOR,385,Norway,Norway,NOR,Norway,2008,10.0,10,0,8.0,7,10.0,,,
385_NOR,385,Norway,Norway,NOR,Norway,2009,10.0,10,0,8.0,7,10.0,,,
385_NOR,385,Norway,Norway,NOR,Norway,2010,10.0,10,0,8.0,7,10.0,,,
385_NOR,385,Norway,Norway,NOR,Norway,2011,10.0,10,0,8.0,7,10.0,,,
385_NOR,385,Norway,Norway,NOR,Norway,2012,10.0,10,0,8.0,7,10.0,,,
385_NOR,385,Norway,Norway,NOR,Norway,2013,10.0,10,0,8.0,7,10.0,,,
385_NOR,385,Norway,Norway,NOR,Norway,2014,10.0,10,0,8.0,7,10.0,,,
385_NOR,385,Norway,Norway,NOR,Norway,2015,10.0,10,0,8.0,7,10.0,,,
385_NOR,385,Norway,Norway,NOR,Norway,2016,10.0,10,0,8.0,7,10.0,,,
385_NOR,385,Norway,Norway,NOR,Norway,2017,10.0,10,0,8.0,7,10.0,,,
385_NOR,385,Norway,Norway,NOR,Norway,2018,10.0,10,0,8.0,7,10.0,,,
390_DNK,390,Denmark,Denmark,DNK,Denmark,1971,10.0,10,0,8.0,7,10.0,,,
390_DNK,390,Denmark,Denmark,DNK,Denmark,1972,10.0,10,0,8.0,7,10.0,,,
390_DNK,390,Denmark,Denmark,DNK,Denmark,1973,10.0,10,0,8.0,7,10.0,,,
390_DNK,390,Denmark,Denmark,DNK,Denmark,1974,10.0,10,0,8.0,7,10.0,,,
390_DNK,390,Denmark,Denmark,DNK,Denmark,1975,10.0,10,0,8.0,7,10.0,,,
390_DNK,390,Denmark,Denmark,DNK,Denmark,1976,10.0,10,0,8.0,7,10.0,,,
390_DNK,390,Denmark,Denmark,DNK,Denmark,1977,10.0,10,0,8.0,7,10.0,,,
390_DNK,390,Denmark,Denmark,DNK,Denmark,1978,10.0,10,0,8.0,7,10.0,,,
390_DNK,390,Denmark,Denmark,DNK,Denmark,1979,10.0,10,0,8.0,7,10.0,,,
390_DNK,390,Denmark,Denmark,DNK,Denmark,1980,10.0,10,0,8.0,7,10.0,,,
390_DNK,390,Denmark,Denmark,DNK,Denmark,1981,10.0,10,0,8.0,7,10.0,,,
390_DNK,390,Denmark,Denmark,DNK,Denmark,1982,10.0,10,0,8.0,7,10.0,,,
390_DNK,390,Denmark,Denmark,DNK,Denmark,1983,10.0,10,0,8.0,7,10.0,,,
390_DNK,390,Denmark,Denmark,DNK,Denmark,1984,10.0,10,0,8.0,7,10.0,,,
390_DNK,390,Denmark,Denmark,DNK,Denmark,1985,10.0,10,0,8.0,7,10.0,,,
390_DNK,390,Denmark,Denmark,DNK,Denmark,1986,10.0,10,0,8.0,7,10.0,,,
390_DNK,390,Denmark,Denmark,DNK,Denmark,1987,10.0,10,0,8.0,7,10.0,,,
390_DNK,390,Denmark,Denmark,DNK,Denmark,1988,10.0,10,0,8.0,7,10.0,,,
390_DNK,390,Denmark,Denmark,DNK,Denmark,1989,10.0,10,0,8.0,7,10.0,,,
390_DNK,390,Denmark,Denmark,DNK,Denmark,1990,10.0,10,0,8.0,7,10.0,,,
390_DNK,390,Denmark,Denmark,DNK,Denmark,1991,10.0,10,0,8.0,7,10.0,,,
390_DNK,390,Denmark,Denmark,DNK,Denmark,1992,10.0,10,0,8.0,7,10.0,,,
390_DNK,390,Denmark,Denmark,DNK,Denmark,1993,10.0,10,0,8.0,7,10.0,,,
390_DNK,390,Denmark,Denmark,DNK,Denmark,1994,10.0,10,0,8.0,7,10.0,,,
390_DNK,390,Denmark,Denmark,DNK,Denmark,1995,10.0,10,0,8.0,7,10.0,,,
390_DNK,390,Denmark,Denmark,DNK,Denmark,1996,10.0,10,0,8.0,7,10.0,,,
390_DNK,390,Denmark,Denmark,DNK,Denmark,1997,10.0,10,0,8.0,7,10.0,,,
390_DNK,390,Denmark,Denmark,DNK,Denmark,1998,10.0,10,0,8.0,7,10.0,,,
390_DNK,390,Denmark,Denmark,DNK,Denmark,1999,10.0,10,0,8.0,7,10.0,,,
390_DNK,390,Denmark,Denmark,DNK,Denmark,2000,10.0,10,0,8.0,7,10.0,,,
390_DNK,390,Denmark,Denmark,DNK,Denmark,2001,10.0,10,0,8.0,7,10.0,,,
390_DNK,390,Denmark,Denmark,DNK,Denmark,2002,10.0,10,0,8.0,7,10.0,,,
390_DNK,390,Denmark,Denmark,DNK,Denmark,2003,10.0,10,0,8.0,7,10.0,,,
390_DNK,390,Denmark,Denmark,DNK,Denmark,2004,10.0,10,0,8.0,7,10.0,,,
390_DNK,390,Denmark,Denmark,DNK,Denmark,2005,10.0,10,0,8.0,7,10.0,,,
390_DNK,390,Denmark,Denmark,DNK,Denmark,2006,10.0,10,0,8.0,7,10.0,,,
390_DNK,390,Denmark,Denmark,DNK,Denmark,2007,10.0,10,0,8.0,7,10.0,,,
390_DNK,390,Denmark,Denmark,DNK,Denmark,2008,10.0,10,0,8.0,7,10.0,,,
390_DNK,390,Denmark,Denmark,DNK,Denmark,2009,10.0,10,0,8.0,7,10.0,,,
390_DNK,390,Denmark,Denmark,DNK,Denmark,2010,10.0,10,0,8.0,7,10.0,,,
390_DNK,390,Denmark,Denmark,DNK,Denmark,2011,10.0,10,0,8.0,7,10.0,,,
390_DNK,390,Denmark,Denmark,DNK,Denmark,2012,10.0,10,0,8.0,7,10.0,,,
390_DNK,390,Denmark,Denmark,DNK,Denmark,2013,10.0,10,0,8.0,7,10.0,,,
390_DNK,390,Denmark,Denmark,DNK,Denmark,2014,10.0,10,0,8.0,7,10.0,,,
390_DNK,390,Denmark,Denmark,DNK,Denmark,2015,10.0,10,0,8.0,7,10.0,,,
390_DNK,390,Denmark,Denmark,DNK,Denmark,2016,10.0,10,0,8.0,7,10.0,,,
390_DNK,390,Denmark,Denmark,DNK,Denmark,2017,10.0,10,0,8.0,7,10.0,,,
390_DNK,390,Denmark,Denmark,DNK,Denmark,2018,10.0,10,0,8.0,7,10.0,,,
402_CPV,402,Cape Verde,Cape Verde,CPV,Cabo Verde,1975,-4.0,2,6,3.0,5,1.0,1.0,,99.0
402_CPV,402,Cape Verde,Cape Verde,CPV,Cabo Verde,1976,-4.0,2,6,3.0,5,1.0,,,
402_CPV,402,Cape Verde,Cape Verde,CPV,Cabo Verde,1977,-4.0,2,6,3.0,5,1.0,,,
402_CPV,402,Cape Verde,Cape Verde,CPV,Cabo Verde,1978,-4.0,2,6,3.0,5,1.0,,,
402_CPV,402,Cape Verde,Cape Verde,CPV,Cabo Verde,1979,-4.0,2,6,3.0,5,1.0,,,
402_CPV,402,Cape Verde,Cape Verde,CPV,Cabo Verde,1980,-4.0,2,6,3.0,5,1.0,,,
402_CPV,402,Cape Verde,Cape Verde,CPV,Cabo Verde,1981,-4.0,2,6,3.0,5,1.0,,,
402_CPV,402,Cape Verde,Cape Verde,CPV,Cabo Verde,1982,-4.0,2,6,3.0,5,1.0,,,
402_CPV,402,Cape Verde,Cape Verde,CPV,Cabo Verde,1983,-4.0,2,6,3.0,5,1.0,,,
402_CPV,402,Cape Verde,Cape Verde,CPV,Cabo Verde,1984,-4.0,2,6,3.0,5,1.0,,,
402_CPV,402,Cape Verde,Cape Verde,CPV,Cabo Verde,1985,-3.0,2,5,3.0,5,2.0,1.0,,0.0
402_CPV,402,Cape Verde,Cape Verde,CPV,Cabo Verde,1986,-3.0,2,5,3.0,5,2.0,,,
402_CPV,402,Cape Verde,Cape Verde,CPV,Cabo Verde,1987,-3.0,2,5,3.0,5,2.0,,,
402_CPV,402,Cape Verde,Cape Verde,CPV,Cabo Verde,1988,-3.0,2,5,3.0,5,2.0,,,
402_CPV,402,Cape Verde,Cape Verde,CPV,Cabo Verde,1989,-3.0,2,5,3.0,5,2.0,,,
402_CPV,402,Cape Verde,Cape Verde,CPV,Cabo Verde,1990,-2.0,2,4,3.0,5,3.0,,,3.0
402_CPV,402,Cape Verde,Cape Verde,CPV,Cabo Verde,1991,8.0,8,0,8.0,6,9.0,1.0,,3.0
402_CPV,402,Cape Verde,Cape Verde,CPV,Cabo Verde,1992,8.0,8,0,8.0,6,9.0,,,
402_CPV,402,Cape Verde,Cape Verde,CPV,Cabo Verde,1993,8.0,8,0,8.0,6,9.0,,,
402_CPV,402,Cape Verde,Cape Verde,CPV,Cabo Verde,1994,8.0,8,0,8.0,6,9.0,,,
402_CPV,402,Cape Verde,Cape Verde,CPV,Cabo Verde,1995,8.0,8,0,8.0,6,9.0,,,
402_CPV,402,Cape Verde,Cape Verde,CPV,Cabo Verde,1996,8.0,8,0,8.0,6,9.0,,,
402_CPV,402,Cape Verde,Cape Verde,CPV,Cabo Verde,1997,8.0,8,0,8.0,6,9.0,,,
402_CPV,402,Cape Verde,Cape Verde,CPV,Cabo Verde,1998,8.0,8,0,8.0,6,9.0,,,
402_CPV,402,Cape Verde,Cape Verde,CPV,Cabo Verde,1999,8.0,8,0,8.0,6,9.0,,,
402_CPV,402,Cape Verde,Cape Verde,CPV,Cabo Verde,2000,8.0,8,0,8.0,6,9.0,,,
402_CPV,402,Cape Verde,Cape Verde,CPV,Cabo Verde,2001,10.0,10,0,8.0,7,10.0,1.0,,0.0
402_CPV,402,Cape Verde,Cape Verde,CPV,Cabo Verde,2002,10.0,10,0,8.0,7,10.0,,,
402_CPV,402,Cape Verde,Cape Verde,CPV,Cabo Verde,2003,10.0,10,0,8.0,7,10.0,,,
402_CPV,402,Cape Verde,Cape Verde,CPV,Cabo Verde,2004,10.0,10,0,8.0,7,10.0,,,
402_CPV,402,Cape Verde,Cape Verde,CPV,Cabo Verde,2005,10.0,10,0,8.0,7,10.0,,,
402_CPV,402,Cape Verde,Cape Verde,CPV,Cabo Verde,2006,10.0,10,0,8.0,7,10.0,,,
402_CPV,402,Cape Verde,Cape Verde,CPV,Cabo Verde,2007,10.0,10,0,8.0,7,10.0,,,
402_CPV,402,Cape Verde,Cape Verde,CPV,Cabo Verde,2008,10.0,10,0,8.0,7,10.0,,,
402_CPV,402,Cape Verde,Cape Verde,CPV,Cabo Verde,2009,10.0,10,0,8.0,7,10.0,,,
402_CPV,402,Cape Verde,Cape Verde,CPV,Cabo Verde,2010,10.0,10,0,8.0,7,10.0,,,
402_CPV,402,Cape Verde,Cape Verde,CPV,Cabo Verde,2011,10.0,10,0,8.0,7,10.0,,,
402_CPV,402,Cape Verde,Cape Verde,CPV,Cabo Verde,2012,10.0,10,0,8.0,7,10.0,,,
402_CPV,402,Cape Verde,Cape Verde,CPV,Cabo Verde,2013,10.0,10,0,8.0,7,10.0,,,
402_CPV,402,Cape Verde,Cape Verde,CPV,Cabo Verde,2014,10.0,10,0,8.0,7,10.0,,,
402_CPV,402,Cape Verde,Cape Verde,CPV,Cabo Verde,2015,10.0,10,0,8.0,7,10.0,,,
402_CPV,402,Cape Verde,Cape Verde,CPV,Cabo Verde,2016,10.0,10,0,8.0,7,10.0,,,
402_CPV,402,Cape Verde,Cape Verde,CPV,Cabo Verde,2017,10.0,10,0,8.0,7,10.0,,,
402_CPV,402,Cape Verde,Cape Verde,CPV,Cabo Verde,2018,10.0,10,0,8.0,7,10.0,,,
404_GNB,404,Guinea-Bissau,Guinea-Bissau,GNB,Guinea-Bissau,1974,-7.0,0,7,3.0,3,1.0,1.0,,99.0
404_GNB,404,Guinea-Bissau,Guinea-Bissau,GNB,Guinea-Bissau,1975,-7.0,0,7,3.0,3,1.0,,,
404_GNB,404,Guinea-Bissau,Guinea-Bissau,GNB,Guinea-Bissau,1976,-7.0,0,7,3.0,3,1.0,,,
404_GNB,404,Guinea-Bissau,Guinea-Bissau,GNB,Guinea-Bissau,1977,-7.0,0,7,3.0,3,1.0,,,
404_GNB,404,Guinea-Bissau,Guinea-Bissau,GNB,Guinea-Bissau,1978,-7.0,0,7,3.0,3,1.0,,,
404_GNB,404,Guinea-Bissau,Guinea-Bissau,GNB,Guinea-Bissau,1979,-7.0,0,7,3.0,3,1.0,,,
404_GNB,404,Guinea-Bissau,Guinea-Bissau,GNB,Guinea-Bissau,1980,-9.0,0,9,3.0,1,1.0,1.0,,0.0
404_GNB,404,Guinea-Bissau,Guinea-Bissau,GNB,Guinea-Bissau,1981,-9.0,0,9,3.0,1,1.0,,,
404_GNB,404,Guinea-Bissau,Guinea-Bissau,GNB,Guinea-Bissau,1982,-9.0,0,9,3.0,1,1.0,,,
404_GNB,404,Guinea-Bissau,Guinea-Bissau,GNB,Guinea-Bissau,1983,-9.0,0,9,3.0,1,1.0,,,
404_GNB,404,Guinea-Bissau,Guinea-Bissau,GNB,Guinea-Bissau,1984,-8.0,0,8,3.0,2,1.0,1.0,,0.0
404_GNB,404,Guinea-Bissau,Guinea-Bissau,GNB,Guinea-Bissau,1985,-8.0,0,8,3.0,2,1.0,,,
404_GNB,404,Guinea-Bissau,Guinea-Bissau,GNB,Guinea-Bissau,1986,-8.0,0,8,3.0,2,1.0,,,
404_GNB,404,Guinea-Bissau,Guinea-Bissau,GNB,Guinea-Bissau,1987,-8.0,0,8,3.0,2,1.0,,,
404_GNB,404,Guinea-Bissau,Guinea-Bissau,GNB,Guinea-Bissau,1988,-8.0,0,8,3.0,2,1.0,,,
404_GNB,404,Guinea-Bissau,Guinea-Bissau,GNB,Guinea-Bissau,1989,-8.0,0,8,3.0,2,1.0,,,
404_GNB,404,Guinea-Bissau,Guinea-Bissau,GNB,Guinea-Bissau,1990,-8.0,0,8,3.0,2,1.0,,,
404_GNB,404,Guinea-Bissau,Guinea-Bissau,GNB,Guinea-Bissau,1991,-5.0,0,5,3.0,3,3.0,,,3.0
404_GNB,404,Guinea-Bissau,Guinea-Bissau,GNB,Guinea-Bissau,1992,-5.0,0,5,3.0,3,3.0,,,3.0
404_GNB,404,Guinea-Bissau,Guinea-Bissau,GNB,Guinea-Bissau,1993,-5.0,0,5,3.0,3,3.0,,,3.0
404_GNB,404,Guinea-Bissau,Guinea-Bissau,GNB,Guinea-Bissau,1994,2.0,2,0,5.0,4,7.0,1.0,,3.0
404_GNB,404,Guinea-Bissau,Guinea-Bissau,GNB,Guinea-Bissau,1995,2.0,2,0,5.0,4,7.0,,,
404_GNB,404,Guinea-Bissau,Guinea-Bissau,GNB,Guinea-Bissau,1996,2.0,2,0,5.0,4,7.0,,,
404_GNB,404,Guinea-Bissau,Guinea-Bissau,GNB,Guinea-Bissau,1997,2.0,2,0,5.0,4,7.0,,,
404_GNB,404,Guinea-Bissau,Guinea-Bissau,GNB,Guinea-Bissau,1998,0.0,-77,-77,-77.0,-77,-77.0,,1.0,-77.0
404_GNB,404,Guinea-Bissau,Guinea-Bissau,GNB,Guinea-Bissau,1999,3.0,-88,-88,-88.0,-88,-88.0,,1.0,1.0
404_GNB,404,Guinea-Bissau,Guinea-Bissau,GNB,Guinea-Bissau,2000,5.0,5,0,7.0,5,7.0,1.0,,1.0
404_GNB,404,Guinea-Bissau,Guinea-Bissau,GNB,Guinea-Bissau,2001,5.0,5,0,7.0,5,7.0,,,
404_GNB,404,Guinea-Bissau,Guinea-Bissau,GNB,Guinea-Bissau,2002,5.0,5,0,7.0,5,7.0,,,
404_GNB,404,Guinea-Bissau,Guinea-Bissau,GNB,Guinea-Bissau,2003,-1.0,1,2,4.0,2,7.0,1.0,,-2.0
404_GNB,404,Guinea-Bissau,Guinea-Bissau,GNB,Guinea-Bissau,2004,-1.0,1,2,4.0,2,7.0,,,
404_GNB,404,Guinea-Bissau,Guinea-Bissau,GNB,Guinea-Bissau,2005,6.0,6,0,7.0,6,7.0,1.0,,3.0
404_GNB,404,Guinea-Bissau,Guinea-Bissau,GNB,Guinea-Bissau,2006,6.0,6,0,7.0,6,7.0,,,
404_GNB,404,Guinea-Bissau,Guinea-Bissau,GNB,Guinea-Bissau,2007,6.0,6,0,7.0,6,7.0,,,
404_GNB,404,Guinea-Bissau,Guinea-Bissau,GNB,Guinea-Bissau,2008,6.0,6,0,7.0,6,7.0,,,
404_GNB,404,Guinea-Bissau,Guinea-Bissau,GNB,Guinea-Bissau,2009,6.0,7,1,7.0,6,8.0,1.0,,0.0
404_GNB,404,Guinea-Bissau,Guinea-Bissau,GNB,Guinea-Bissau,2010,6.0,7,1,7.0,6,8.0,,,
404_GNB,404,Guinea-Bissau,Guinea-Bissau,GNB,Guinea-Bissau,2011,6.0,7,1,7.0,6,8.0,,,
404_GNB,404,Guinea-Bissau,Guinea-Bissau,GNB,Guinea-Bissau,2012,1.0,2,1,5.0,4,6.0,1.0,,-1.0
404_GNB,404,Guinea-Bissau,Guinea-Bissau,GNB,Guinea-Bissau,2013,1.0,2,1,5.0,4,6.0,,,
404_GNB,404,Guinea-Bissau,Guinea-Bissau,GNB,Guinea-Bissau,2014,6.0,7,1,7.0,6,8.0,1.0,,1.0
404_GNB,404,Guinea-Bissau,Guinea-Bissau,GNB,Guinea-Bissau,2015,6.0,7,1,7.0,6,8.0,,,
404_GNB,404,Guinea-Bissau,Guinea-Bissau,GNB,Guinea-Bissau,2016,6.0,7,1,7.0,6,8.0,,,
404_GNB,404,Guinea-Bissau,Guinea-Bissau,GNB,Guinea-Bissau,2017,6.0,7,1,7.0,6,8.0,,,
404_GNB,404,Guinea-Bissau,Guinea-Bissau,GNB,Guinea-Bissau,2018,6.0,7,1,7.0,6,8.0,,,
40_CUB,40,Cuba,Cuba,CUB,Cuba,1971,-7.0,0,7,4.0,1,1.0,,,
40_CUB,40,Cuba,Cuba,CUB,Cuba,1972,-7.0,0,7,4.0,1,1.0,,,
40_CUB,40,Cuba,Cuba,CUB,Cuba,1973,-7.0,0,7,4.0,1,1.0,,,
40_CUB,40,Cuba,Cuba,CUB,Cuba,1974,-7.0,0,7,4.0,1,1.0,,,
40_CUB,40,Cuba,Cuba,CUB,Cuba,1975,-7.0,0,7,4.0,1,1.0,,,
40_CUB,40,Cuba,Cuba,CUB,Cuba,1976,-7.0,0,7,4.0,1,1.0,,,
40_CUB,40,Cuba,Cuba,CUB,Cuba,1977,-7.0,0,7,5.0,1,1.0,,,
40_CUB,40,Cuba,Cuba,CUB,Cuba,1978,-7.0,0,7,5.0,1,1.0,,,
40_CUB,40,Cuba,Cuba,CUB,Cuba,1979,-7.0,0,7,5.0,1,1.0,,,
40_CUB,40,Cuba,Cuba,CUB,Cuba,1980,-7.0,0,7,5.0,1,1.0,,,
40_CUB,40,Cuba,Cuba,CUB,Cuba,1981,-7.0,0,7,5.0,1,1.0,,,
40_CUB,40,Cuba,Cuba,CUB,Cuba,1982,-7.0,0,7,5.0,1,1.0,,,
40_CUB,40,Cuba,Cuba,CUB,Cuba,1983,-7.0,0,7,5.0,1,1.0,,,
40_CUB,40,Cuba,Cuba,CUB,Cuba,1984,-7.0,0,7,5.0,1,1.0,,,
40_CUB,40,Cuba,Cuba,CUB,Cuba,1985,-7.0,0,7,5.0,1,1.0,,,
40_CUB,40,Cuba,Cuba,CUB,Cuba,1986,-7.0,0,7,5.0,1,1.0,,,
40_CUB,40,Cuba,Cuba,CUB,Cuba,1987,-7.0,0,7,5.0,1,1.0,,,
40_CUB,40,Cuba,Cuba,CUB,Cuba,1988,-7.0,0,7,5.0,1,1.0,,,
40_CUB,40,Cuba,Cuba,CUB,Cuba,1989,-7.0,0,7,5.0,1,1.0,,,
40_CUB,40,Cuba,Cuba,CUB,Cuba,1990,-7.0,0,7,5.0,1,1.0,,,
40_CUB,40,Cuba,Cuba,CUB,Cuba,1991,-7.0,0,7,5.0,1,1.0,,,
40_CUB,40,Cuba,Cuba,CUB,Cuba,1992,-7.0,0,7,5.0,1,1.0,,,
40_CUB,40,Cuba,Cuba,CUB,Cuba,1993,-7.0,0,7,5.0,1,1.0,,,
40_CUB,40,Cuba,Cuba,CUB,Cuba,1994,-7.0,0,7,5.0,1,1.0,,,
40_CUB,40,Cuba,Cuba,CUB,Cuba,1995,-7.0,0,7,5.0,1,1.0,,,
40_CUB,40,Cuba,Cuba,CUB,Cuba,1996,-7.0,0,7,5.0,1,1.0,,,
40_CUB,40,Cuba,Cuba,CUB,Cuba,1997,-7.0,0,7,5.0,1,1.0,,,
40_CUB,40,Cuba,Cuba,CUB,Cuba,1998,-7.0,0,7,5.0,1,1.0,,,
40_CUB,40,Cuba,Cuba,CUB,Cuba,1999,-7.0,0,7,5.0,1,1.0,,,
40_CUB,40,Cuba,Cuba,CUB,Cuba,2000,-7.0,0,7,5.0,1,1.0,,,
40_CUB,40,Cuba,Cuba,CUB,Cuba,2001,-7.0,0,7,5.0,1,1.0,,,
40_CUB,40,Cuba,Cuba,CUB,Cuba,2002,-7.0,0,7,5.0,1,1.0,,,
40_CUB,40,Cuba,Cuba,CUB,Cuba,2003,-7.0,0,7,5.0,1,1.0,,,
40_CUB,40,Cuba,Cuba,CUB,Cuba,2004,-7.0,0,7,5.0,1,1.0,,,
40_CUB,40,Cuba,Cuba,CUB,Cuba,2005,-7.0,0,7,5.0,1,1.0,,,
40_CUB,40,Cuba,Cuba,CUB,Cuba,2006,-7.0,0,7,3.0,3,1.0,1.0,,0.0
40_CUB,40,Cuba,Cuba,CUB,Cuba,2007,-7.0,0,7,3.0,3,1.0,,,
40_CUB,40,Cuba,Cuba,CUB,Cuba,2008,-7.0,0,7,3.0,3,1.0,,,
40_CUB,40,Cuba,Cuba,CUB,Cuba,2009,-7.0,0,7,3.0,3,1.0,,,
40_CUB,40,Cuba,Cuba,CUB,Cuba,2010,-7.0,0,7,3.0,3,1.0,,,
40_CUB,40,Cuba,Cuba,CUB,Cuba,2011,-7.0,0,7,3.0,3,1.0,,,
40_CUB,40,Cuba,Cuba,CUB,Cuba,2012,-7.0,0,7,3.0,3,1.0,,,
40_CUB,40,Cuba,Cuba,CUB,Cuba,2013,-7.0,0,7,3.0,3,1.0,,,
40_CUB,40,Cuba,Cuba,CUB,Cuba,2014,-7.0,0,7,3.0,3,1.0,,,
40_CUB,40,Cuba,Cuba,CUB,Cuba,2015,-7.0,0,7,3.0,3,1.0,,,
40_CUB,40,Cuba,Cuba,CUB,Cuba,2016,-7.0,0,7,3.0,3,1.0,,,
40_CUB,40,Cuba,Cuba,CUB,Cuba,2017,-7.0,0,7,3.0,3,1.0,,,
40_CUB,40,Cuba,Cuba,CUB,Cuba,2018,-5.0,1,6,3.0,4,1.0,1.0,,0.0
411_GNQ,411,Equatorial Guinea,Equatorial Guinea,GNQ,Equatorial Guinea,1971,-7.0,0,7,4.0,1,1.0,,,
411_GNQ,411,Equatorial Guinea,Equatorial Guinea,GNQ,Equatorial Guinea,1972,-7.0,0,7,4.0,1,1.0,,,
411_GNQ,411,Equatorial Guinea,Equatorial Guinea,GNQ,Equatorial Guinea,1973,-7.0,0,7,4.0,1,1.0,,,
411_GNQ,411,Equatorial Guinea,Equatorial Guinea,GNQ,Equatorial Guinea,1974,-7.0,0,7,4.0,1,1.0,,,
411_GNQ,411,Equatorial Guinea,Equatorial Guinea,GNQ,Equatorial Guinea,1975,-7.0,0,7,4.0,1,1.0,,,
411_GNQ,411,Equatorial Guinea,Equatorial Guinea,GNQ,Equatorial Guinea,1976,-7.0,0,7,4.0,1,1.0,,,
411_GNQ,411,Equatorial Guinea,Equatorial Guinea,GNQ,Equatorial Guinea,1977,-7.0,0,7,4.0,1,1.0,,,
411_GNQ,411,Equatorial Guinea,Equatorial Guinea,GNQ,Equatorial Guinea,1978,-7.0,0,7,4.0,1,1.0,,,
411_GNQ,411,Equatorial Guinea,Equatorial Guinea,GNQ,Equatorial Guinea,1979,-7.0,0,7,4.0,1,1.0,,,
411_GNQ,411,Equatorial Guinea,Equatorial Guinea,GNQ,Equatorial Guinea,1980,-7.0,0,7,4.0,1,1.0,,,
411_GNQ,411,Equatorial Guinea,Equatorial Guinea,GNQ,Equatorial Guinea,1981,-7.0,0,7,4.0,1,1.0,,,
411_GNQ,411,Equatorial Guinea,Equatorial Guinea,GNQ,Equatorial Guinea,1982,-7.0,0,7,4.0,1,1.0,,,
411_GNQ,411,Equatorial Guinea,Equatorial Guinea,GNQ,Equatorial Guinea,1983,-7.0,0,7,4.0,1,1.0,,,
411_GNQ,411,Equatorial Guinea,Equatorial Guinea,GNQ,Equatorial Guinea,1984,-7.0,0,7,4.0,1,1.0,,,
411_GNQ,411,Equatorial Guinea,Equatorial Guinea,GNQ,Equatorial Guinea,1985,-7.0,0,7,4.0,1,1.0,,,
411_GNQ,411,Equatorial Guinea,Equatorial Guinea,GNQ,Equatorial Guinea,1986,-7.0,0,7,4.0,1,1.0,,,
411_GNQ,411,Equatorial Guinea,Equatorial Guinea,GNQ,Equatorial Guinea,1987,-7.0,0,7,4.0,1,1.0,,,
411_GNQ,411,Equatorial Guinea,Equatorial Guinea,GNQ,Equatorial Guinea,1988,-7.0,0,7,4.0,1,1.0,,,
411_GNQ,411,Equatorial Guinea,Equatorial Guinea,GNQ,Equatorial Guinea,1989,-7.0,0,7,4.0,1,1.0,,,
411_GNQ,411,Equatorial Guinea,Equatorial Guinea,GNQ,Equatorial Guinea,1990,-7.0,0,7,4.0,1,1.0,,,
411_GNQ,411,Equatorial Guinea,Equatorial Guinea,GNQ,Equatorial Guinea,1991,-7.0,0,7,4.0,1,1.0,,,
411_GNQ,411,Equatorial Guinea,Equatorial Guinea,GNQ,Equatorial Guinea,1992,-7.0,0,7,4.0,1,1.0,,,
411_GNQ,411,Equatorial Guinea,Equatorial Guinea,GNQ,Equatorial Guinea,1993,-5.0,0,5,4.0,2,2.0,1.0,,0.0
411_GNQ,411,Equatorial Guinea,Equatorial Guinea,GNQ,Equatorial Guinea,1994,-5.0,0,5,4.0,2,2.0,,,
411_GNQ,411,Equatorial Guinea,Equatorial Guinea,GNQ,Equatorial Guinea,1995,-5.0,0,5,4.0,2,2.0,,,
411_GNQ,411,Equatorial Guinea,Equatorial Guinea,GNQ,Equatorial Guinea,1996,-6.0,0,6,4.0,1,2.0,1.0,,0.0
411_GNQ,411,Equatorial Guinea,Equatorial Guinea,GNQ,Equatorial Guinea,1997,-6.0,0,6,4.0,1,2.0,,,
411_GNQ,411,Equatorial Guinea,Equatorial Guinea,GNQ,Equatorial Guinea,1998,-6.0,0,6,4.0,1,2.0,,,
411_GNQ,411,Equatorial Guinea,Equatorial Guinea,GNQ,Equatorial Guinea,1999,-6.0,0,6,4.0,1,2.0,,,
411_GNQ,411,Equatorial Guinea,Equatorial Guinea,GNQ,Equatorial Guinea,2000,-6.0,0,6,4.0,1,2.0,,,
411_GNQ,411,Equatorial Guinea,Equatorial Guinea,GNQ,Equatorial Guinea,2001,-6.0,0,6,4.0,1,2.0,,,
411_GNQ,411,Equatorial Guinea,Equatorial Guinea,GNQ,Equatorial Guinea,2002,-6.0,0,6,4.0,1,2.0,,,
411_GNQ,411,Equatorial Guinea,Equatorial Guinea,GNQ,Equatorial Guinea,2003,-6.0,0,6,4.0,1,2.0,,,
411_GNQ,411,Equatorial Guinea,Equatorial Guinea,GNQ,Equatorial Guinea,2004,-6.0,0,6,4.0,1,2.0,,,
411_GNQ,411,Equatorial Guinea,Equatorial Guinea,GNQ,Equatorial Guinea,2005,-6.0,0,6,4.0,1,2.0,,,
411_GNQ,411,Equatorial Guinea,Equatorial Guinea,GNQ,Equatorial Guinea,2006,-6.0,0,6,4.0,1,2.0,,,
411_GNQ,411,Equatorial Guinea,Equatorial Guinea,GNQ,Equatorial Guinea,2007,-6.0,0,6,4.0,1,2.0,,,
411_GNQ,411,Equatorial Guinea,Equatorial Guinea,GNQ,Equatorial Guinea,2008,-6.0,0,6,4.0,1,2.0,,,
411_GNQ,411,Equatorial Guinea,Equatorial Guinea,GNQ,Equatorial Guinea,2009,-6.0,0,6,4.0,1,2.0,,,
411_GNQ,411,Equatorial Guinea,Equatorial Guinea,GNQ,Equatorial Guinea,2010,-6.0,0,6,4.0,1,2.0,,,
411_GNQ,411,Equatorial Guinea,Equatorial Guinea,GNQ,Equatorial Guinea,2011,-6.0,0,6,4.0,1,2.0,,,
411_GNQ,411,Equatorial Guinea,Equatorial Guinea,GNQ,Equatorial Guinea,2012,-6.0,0,6,4.0,1,2.0,,,
411_GNQ,411,Equatorial Guinea,Equatorial Guinea,GNQ,Equatorial Guinea,2013,-6.0,0,6,4.0,1,2.0,,,
411_GNQ,411,Equatorial Guinea,Equatorial Guinea,GNQ,Equatorial Guinea,2014,-6.0,0,6,4.0,1,2.0,,,
411_GNQ,411,Equatorial Guinea,Equatorial Guinea,GNQ,Equatorial Guinea,2015,-6.0,0,6,4.0,1,2.0,,,
411_GNQ,411,Equatorial Guinea,Equatorial Guinea,GNQ,Equatorial Guinea,2016,-6.0,0,6,4.0,1,2.0,,,
411_GNQ,411,Equatorial Guinea,Equatorial Guinea,GNQ,Equatorial Guinea,2017,-6.0,0,6,4.0,1,2.0,,,
411_GNQ,411,Equatorial Guinea,Equatorial Guinea,GNQ,Equatorial Guinea,2018,-6.0,0,6,4.0,1,2.0,,,
41_HTI,41,Haiti,Haiti,HTI,Haiti,1971,-9.0,0,9,3.0,1,1.0,1.0,,0.0
41_HTI,41,Haiti,Haiti,HTI,Haiti,1972,-9.0,0,9,3.0,1,1.0,,,
41_HTI,41,Haiti,Haiti,HTI,Haiti,1973,-9.0,0,9,3.0,1,1.0,,,
41_HTI,41,Haiti,Haiti,HTI,Haiti,1974,-9.0,0,9,3.0,1,1.0,,,
41_HTI,41,Haiti,Haiti,HTI,Haiti,1975,-9.0,0,9,3.0,1,1.0,,,
41_HTI,41,Haiti,Haiti,HTI,Haiti,1976,-9.0,0,9,3.0,1,1.0,,,
41_HTI,41,Haiti,Haiti,HTI,Haiti,1977,-9.0,0,9,3.0,1,1.0,,,
41_HTI,41,Haiti,Haiti,HTI,Haiti,1978,-9.0,0,9,3.0,1,1.0,,,
41_HTI,41,Haiti,Haiti,HTI,Haiti,1979,-8.0,0,8,3.0,1,2.0,1.0,,0.0
41_HTI,41,Haiti,Haiti,HTI,Haiti,1980,-8.0,0,8,3.0,1,2.0,,,
41_HTI,41,Haiti,Haiti,HTI,Haiti,1981,-8.0,0,8,3.0,1,2.0,,,
41_HTI,41,Haiti,Haiti,HTI,Haiti,1982,-8.0,0,8,3.0,1,2.0,,,
41_HTI,41,Haiti,Haiti,HTI,Haiti,1983,-8.0,0,8,3.0,1,2.0,,,
41_HTI,41,Haiti,Haiti,HTI,Haiti,1984,-8.0,0,8,3.0,1,2.0,,,
41_HTI,41,Haiti,Haiti,HTI,Haiti,1985,-8.0,0,8,3.0,1,2.0,,,
41_HTI,41,Haiti,Haiti,HTI,Haiti,1986,0.0,-77,-77,-77.0,-77,-77.0,,1.0,-77.0
41_HTI,41,Haiti,Haiti,HTI,Haiti,1987,0.0,-77,-77,-77.0,-77,-77.0,,1.0,-77.0
41_HTI,41,Haiti,Haiti,HTI,Haiti,1988,0.0,-77,-77,-77.0,-77,-77.0,,1.0,-77.0
41_HTI,41,Haiti,Haiti,HTI,Haiti,1989,0.0,-77,-77,-77.0,-77,-77.0,,1.0,-77.0
41_HTI,41,Haiti,Haiti,HTI,Haiti,1990,0.0,-77,-77,-77.0,-77,-77.0,,1.0,-77.0
41_HTI,41,Haiti,Haiti,HTI,Haiti,1991,-7.0,0,7,4.0,1,1.0,1.0,1.0,0.0
41_HTI,41,Haiti,Haiti,HTI,Haiti,1992,-7.0,0,7,4.0,1,1.0,,,
41_HTI,41,Haiti,Haiti,HTI,Haiti,1993,-7.0,0,7,4.0,1,1.0,,,
41_HTI,41,Haiti,Haiti,HTI,Haiti,1994,6.0,6,0,7.0,6,7.0,,,3.0
41_HTI,41,Haiti,Haiti,HTI,Haiti,1995,6.0,6,0,7.0,6,7.0,,,3.0
41_HTI,41,Haiti,Haiti,HTI,Haiti,1996,7.0,7,0,7.0,7,7.0,1.0,,3.0
41_HTI,41,Haiti,Haiti,HTI,Haiti,1997,7.0,7,0,7.0,7,7.0,,,
41_HTI,41,Haiti,Haiti,HTI,Haiti,1998,7.0,7,0,7.0,7,7.0,,,
41_HTI,41,Haiti,Haiti,HTI,Haiti,1999,3.0,-88,-88,-88.0,-88,-88.0,,,-2.0
41_HTI,41,Haiti,Haiti,HTI,Haiti,2000,-2.0,1,3,3.0,3,7.0,1.0,,-2.0
41_HTI,41,Haiti,Haiti,HTI,Haiti,2001,-2.0,1,3,3.0,3,7.0,,,
41_HTI,41,Haiti,Haiti,HTI,Haiti,2002,-2.0,1,3,3.0,3,7.0,,,
41_HTI,41,Haiti,Haiti,HTI,Haiti,2003,-2.0,1,3,3.0,3,7.0,,,
41_HTI,41,Haiti,Haiti,HTI,Haiti,2004,0.0,-88,-88,-88.0,-88,-88.0,,,3.0
41_HTI,41,Haiti,Haiti,HTI,Haiti,2005,3.0,-88,-88,-88.0,-88,-88.0,,,3.0
41_HTI,41,Haiti,Haiti,HTI,Haiti,2006,5.0,6,1,7.0,6,6.0,1.0,,3.0
41_HTI,41,Haiti,Haiti,HTI,Haiti,2007,5.0,6,1,7.0,6,6.0,,,
41_HTI,41,Haiti,Haiti,HTI,Haiti,2008,5.0,6,1,7.0,6,6.0,,,
41_HTI,41,Haiti,Haiti,HTI,Haiti,2009,5.0,6,1,7.0,6,6.0,,,
41_HTI,41,Haiti,Haiti,HTI,Haiti,2010,0.0,-77,-77,-77.0,-77,-77.0,,1.0,-77.0
41_HTI,41,Haiti,Haiti,HTI,Haiti,2011,0.0,-77,-77,-77.0,-77,-77.0,,1.0,-77.0
41_HTI,41,Haiti,Haiti,HTI,Haiti,2012,0.0,-77,-77,-77.0,-77,-77.0,,1.0,-77.0
41_HTI,41,Haiti,Haiti,HTI,Haiti,2013,0.0,-77,-77,-77.0,-77,-77.0,,1.0,-77.0
41_HTI,41,Haiti,Haiti,HTI,Haiti,2014,0.0,-77,-77,-77.0,-77,-77.0,,1.0,-77.0
41_HTI,41,Haiti,Haiti,HTI,Haiti,2015,0.0,-77,-77,-77.0,-77,-77.0,,1.0,-77.0
41_HTI,41,Haiti,Haiti,HTI,Haiti,2016,5.0,-88,-88,-88.0,-88,-88.0,,1.0,-77.0
41_HTI,41,Haiti,Haiti,HTI,Haiti,2017,5.0,6,1,7.0,5,8.0,1.0,,0.0
41_HTI,41,Haiti,Haiti,HTI,Haiti,2018,5.0,6,1,7.0,5,8.0,,,
420_GMB,420,Gambia,Gambia,GMB,Gambia,1971,8.0,8,0,8.0,5,10.0,,,
420_GMB,420,Gambia,Gambia,GMB,Gambia,1972,8.0,8,0,8.0,5,10.0,,,
420_GMB,420,Gambia,Gambia,GMB,Gambia,1973,8.0,8,0,8.0,5,10.0,,,
420_GMB,420,Gambia,Gambia,GMB,Gambia,1974,8.0,8,0,8.0,5,10.0,,,
420_GMB,420,Gambia,Gambia,GMB,Gambia,1975,8.0,8,0,8.0,5,10.0,,,
420_GMB,420,Gambia,Gambia,GMB,Gambia,1976,8.0,8,0,8.0,5,10.0,,,
420_GMB,420,Gambia,Gambia,GMB,Gambia,1977,8.0,8,0,8.0,5,10.0,,,
420_GMB,420,Gambia,Gambia,GMB,Gambia,1978,8.0,8,0,8.0,5,10.0,,,
420_GMB,420,Gambia,Gambia,GMB,Gambia,1979,8.0,8,0,8.0,5,10.0,,,
420_GMB,420,Gambia,Gambia,GMB,Gambia,1980,8.0,8,0,8.0,5,10.0,,,
420_GMB,420,Gambia,Gambia,GMB,Gambia,1981,7.0,7,0,8.0,5,9.0,1.0,,0.0
420_GMB,420,Gambia,Gambia,GMB,Gambia,1982,7.0,7,0,8.0,5,9.0,,,
420_GMB,420,Gambia,Gambia,GMB,Gambia,1983,7.0,7,0,8.0,5,9.0,,,
420_GMB,420,Gambia,Gambia,GMB,Gambia,1984,7.0,7,0,8.0,5,9.0,,,
420_GMB,420,Gambia,Gambia,GMB,Gambia,1985,7.0,7,0,8.0,5,9.0,,,
420_GMB,420,Gambia,Gambia,GMB,Gambia,1986,7.0,7,0,8.0,5,9.0,,,
420_GMB,420,Gambia,Gambia,GMB,Gambia,1987,7.0,7,0,8.0,5,9.0,,,
420_GMB,420,Gambia,Gambia,GMB,Gambia,1988,7.0,7,0,8.0,5,9.0,,,
420_GMB,420,Gambia,Gambia,GMB,Gambia,1989,7.0,7,0,8.0,5,9.0,,,
420_GMB,420,Gambia,Gambia,GMB,Gambia,1990,8.0,8,0,8.0,5,10.0,1.0,,0.0
420_GMB,420,Gambia,Gambia,GMB,Gambia,1991,8.0,8,0,8.0,5,10.0,,,
420_GMB,420,Gambia,Gambia,GMB,Gambia,1992,8.0,8,0,8.0,5,10.0,,,
420_GMB,420,Gambia,Gambia,GMB,Gambia,1993,8.0,8,0,8.0,5,10.0,,,
420_GMB,420,Gambia,Gambia,GMB,Gambia,1994,-7.0,0,7,4.0,1,1.0,1.0,,-2.0
420_GMB,420,Gambia,Gambia,GMB,Gambia,1995,-7.0,0,7,4.0,1,1.0,,,
420_GMB,420,Gambia,Gambia,GMB,Gambia,1996,-6.0,0,6,5.0,1,2.0,,,0.0
420_GMB,420,Gambia,Gambia,GMB,Gambia,1997,-5.0,0,5,5.0,2,2.0,1.0,,0.0
420_GMB,420,Gambia,Gambia,GMB,Gambia,1998,-5.0,0,5,5.0,2,2.0,,,
420_GMB,420,Gambia,Gambia,GMB,Gambia,1999,-5.0,0,5,5.0,2,2.0,,,
420_GMB,420,Gambia,Gambia,GMB,Gambia,2000,-5.0,0,5,5.0,2,2.0,,,
420_GMB,420,Gambia,Gambia,GMB,Gambia,2001,-5.0,0,5,5.0,2,2.0,,,
420_GMB,420,Gambia,Gambia,GMB,Gambia,2002,-5.0,0,5,5.0,2,2.0,,,
420_GMB,420,Gambia,Gambia,GMB,Gambia,2003,-5.0,0,5,5.0,2,2.0,,,
420_GMB,420,Gambia,Gambia,GMB,Gambia,2004,-5.0,0,5,5.0,2,2.0,,,
420_GMB,420,Gambia,Gambia,GMB,Gambia,2005,-5.0,0,5,5.0,2,2.0,,,
420_GMB,420,Gambia,Gambia,GMB,Gambia,2006,-5.0,0,5,5.0,2,2.0,,,
420_GMB,420,Gambia,Gambia,GMB,Gambia,2007,-5.0,0,5,5.0,2,2.0,,,
420_GMB,420,Gambia,Gambia,GMB,Gambia,2008,-5.0,0,5,5.0,2,2.0,,,
420_GMB,420,Gambia,Gambia,GMB,Gambia,2009,-5.0,0,5,5.0,2,2.0,,,
420_GMB,420,Gambia,Gambia,GMB,Gambia,2010,-5.0,0,5,5.0,2,2.0,,,
420_GMB,420,Gambia,Gambia,GMB,Gambia,2011,-5.0,0,5,5.0,2,2.0,,,
420_GMB,420,Gambia,Gambia,GMB,Gambia,2012,-5.0,0,5,5.0,2,2.0,,,
420_GMB,420,Gambia,Gambia,GMB,Gambia,2013,-5.0,0,5,5.0,2,2.0,,,
420_GMB,420,Gambia,Gambia,GMB,Gambia,2014,-5.0,0,5,5.0,2,2.0,,,
420_GMB,420,Gambia,Gambia,GMB,Gambia,2015,-5.0,0,5,5.0,2,2.0,,,
420_GMB,420,Gambia,Gambia,GMB,Gambia,2016,-5.0,0,5,5.0,2,2.0,,,
420_GMB,420,Gambia,Gambia,GMB,Gambia,2017,4.0,4,0,7.0,5,5.0,1.0,,3.0
420_GMB,420,Gambia,Gambia,GMB,Gambia,2018,4.0,4,0,7.0,5,5.0,,,
42_DOM,42,Dominican Republic,Dominican Republic,DOM,Dominican Republic,1971,-3.0,1,4,3.0,3,6.0,,,
42_DOM,42,Dominican Republic,Dominican Republic,DOM,Dominican Republic,1972,-3.0,1,4,3.0,3,6.0,,,
42_DOM,42,Dominican Republic,Dominican Republic,DOM,Dominican Republic,1973,-3.0,1,4,3.0,3,6.0,,,
42_DOM,42,Dominican Republic,Dominican Republic,DOM,Dominican Republic,1974,-3.0,1,4,3.0,3,6.0,,,
42_DOM,42,Dominican Republic,Dominican Republic,DOM,Dominican Republic,1975,-3.0,1,4,3.0,3,6.0,,,
42_DOM,42,Dominican Republic,Dominican Republic,DOM,Dominican Republic,1976,-3.0,1,4,3.0,3,6.0,,,
42_DOM,42,Dominican Republic,Dominican Republic,DOM,Dominican Republic,1977,-3.0,1,4,3.0,3,6.0,,,
42_DOM,42,Dominican Republic,Dominican Republic,DOM,Dominican Republic,1978,5.0,5,0,7.0,5,7.0,1.0,,3.0
42_DOM,42,Dominican Republic,Dominican Republic,DOM,Dominican Republic,1979,5.0,5,0,7.0,5,7.0,,,
42_DOM,42,Dominican Republic,Dominican Republic,DOM,Dominican Republic,1980,5.0,5,0,7.0,5,7.0,,,
42_DOM,42,Dominican Republic,Dominican Republic,DOM,Dominican Republic,1981,5.0,5,0,7.0,5,7.0,,,
42_DOM,42,Dominican Republic,Dominican Republic,DOM,Dominican Republic,1982,5.0,5,0,7.0,5,7.0,,,
42_DOM,42,Dominican Republic,Dominican Republic,DOM,Dominican Republic,1983,5.0,5,0,7.0,5,7.0,,,
42_DOM,42,Dominican Republic,Dominican Republic,DOM,Dominican Republic,1984,5.0,5,0,7.0,5,7.0,,,
42_DOM,42,Dominican Republic,Dominican Republic,DOM,Dominican Republic,1985,5.0,5,0,7.0,5,7.0,,,
42_DOM,42,Dominican Republic,Dominican Republic,DOM,Dominican Republic,1986,5.0,5,0,7.0,5,7.0,,,
42_DOM,42,Dominican Republic,Dominican Republic,DOM,Dominican Republic,1987,5.0,5,0,7.0,5,7.0,,,
42_DOM,42,Dominican Republic,Dominican Republic,DOM,Dominican Republic,1988,5.0,5,0,7.0,5,7.0,,,
42_DOM,42,Dominican Republic,Dominican Republic,DOM,Dominican Republic,1989,5.0,5,0,7.0,5,7.0,,,
42_DOM,42,Dominican Republic,Dominican Republic,DOM,Dominican Republic,1990,5.0,5,0,7.0,5,7.0,,,
42_DOM,42,Dominican Republic,Dominican Republic,DOM,Dominican Republic,1991,5.0,5,0,7.0,5,7.0,,,
42_DOM,42,Dominican Republic,Dominican Republic,DOM,Dominican Republic,1992,5.0,5,0,7.0,5,7.0,,,
42_DOM,42,Dominican Republic,Dominican Republic,DOM,Dominican Republic,1993,5.0,5,0,7.0,5,7.0,,,
42_DOM,42,Dominican Republic,Dominican Republic,DOM,Dominican Republic,1994,5.0,5,0,7.0,5,7.0,,,
42_DOM,42,Dominican Republic,Dominican Republic,DOM,Dominican Republic,1995,5.0,5,0,7.0,5,7.0,,,
42_DOM,42,Dominican Republic,Dominican Republic,DOM,Dominican Republic,1996,8.0,8,0,8.0,6,9.0,1.0,,2.0
42_DOM,42,Dominican Republic,Dominican Republic,DOM,Dominican Republic,1997,8.0,8,0,8.0,6,9.0,,,
42_DOM,42,Dominican Republic,Dominican Republic,DOM,Dominican Republic,1998,8.0,8,0,8.0,6,9.0,,,
42_DOM,42,Dominican Republic,Dominican Republic,DOM,Dominican Republic,1999,8.0,8,0,8.0,6,9.0,,,
42_DOM,42,Dominican Republic,Dominican Republic,DOM,Dominican Republic,2000,8.0,8,0,8.0,6,9.0,,,
42_DOM,42,Dominican Republic,Dominican Republic,DOM,Dominican Republic,2001,8.0,8,0,8.0,6,9.0,,,
42_DOM,42,Dominican Republic,Dominican Republic,DOM,Dominican Republic,2002,8.0,8,0,8.0,6,9.0,,,
42_DOM,42,Dominican Republic,Dominican Republic,DOM,Dominican Republic,2003,8.0,8,0,8.0,6,9.0,,,
42_DOM,42,Dominican Republic,Dominican Republic,DOM,Dominican Republic,2004,8.0,8,0,8.0,6,9.0,,,
42_DOM,42,Dominican Republic,Dominican Republic,DOM,Dominican Republic,2005,8.0,8,0,8.0,6,9.0,,,
42_DOM,42,Dominican Republic,Dominican Republic,DOM,Dominican Republic,2006,8.0,8,0,8.0,6,9.0,,,
42_DOM,42,Dominican Republic,Dominican Republic,DOM,Dominican Republic,2007,8.0,8,0,8.0,6,9.0,,,
42_DOM,42,Dominican Republic,Dominican Republic,DOM,Dominican Republic,2008,8.0,8,0,8.0,6,9.0,,,
42_DOM,42,Dominican Republic,Dominican Republic,DOM,Dominican Republic,2009,8.0,8,0,8.0,6,9.0,,,
42_DOM,42,Dominican Republic,Dominican Republic,DOM,Dominican Republic,2010,8.0,8,0,8.0,6,9.0,,,
42_DOM,42,Dominican Republic,Dominican Republic,DOM,Dominican Republic,2011,8.0,8,0,8.0,6,9.0,,,
42_DOM,42,Dominican Republic,Dominican Republic,DOM,Dominican Republic,2012,8.0,8,0,8.0,6,9.0,,,
42_DOM,42,Dominican Republic,Dominican Republic,DOM,Dominican Republic,2013,8.0,8,0,8.0,6,9.0,,,
42_DOM,42,Dominican Republic,Dominican Republic,DOM,Dominican Republic,2014,8.0,8,0,8.0,6,9.0,,,
42_DOM,42,Dominican Republic,Dominican Republic,DOM,Dominican Republic,2015,8.0,8,0,8.0,6,9.0,,,
42_DOM,42,Dominican Republic,Dominican Republic,DOM,Dominican Republic,2016,7.0,8,1,8.0,6,8.0,1.0,,0.0
42_DOM,42,Dominican Republic,Dominican Republic,DOM,Dominican Republic,2017,7.0,8,1,8.0,6,8.0,,,
42_DOM,42,Dominican Republic,Dominican Republic,DOM,Dominican Republic,2018,7.0,8,1,8.0,6,8.0,,,
432_MLI,432,Mali,Mali,MLI,Mali,1971,-7.0,0,7,4.0,1,1.0,,,
432_MLI,432,Mali,Mali,MLI,Mali,1972,-7.0,0,7,4.0,1,1.0,,,
432_MLI,432,Mali,Mali,MLI,Mali,1973,-7.0,0,7,4.0,1,1.0,,,
432_MLI,432,Mali,Mali,MLI,Mali,1974,-7.0,0,7,4.0,1,1.0,,,
432_MLI,432,Mali,Mali,MLI,Mali,1975,-7.0,0,7,4.0,1,1.0,,,
432_MLI,432,Mali,Mali,MLI,Mali,1976,-7.0,0,7,4.0,1,1.0,,,
432_MLI,432,Mali,Mali,MLI,Mali,1977,-7.0,0,7,4.0,1,1.0,,,
432_MLI,432,Mali,Mali,MLI,Mali,1978,-7.0,0,7,4.0,1,1.0,,,
432_MLI,432,Mali,Mali,MLI,Mali,1979,-7.0,0,7,4.0,1,1.0,,,
432_MLI,432,Mali,Mali,MLI,Mali,1980,-7.0,0,7,4.0,1,1.0,,,
432_MLI,432,Mali,Mali,MLI,Mali,1981,-7.0,0,7,4.0,1,1.0,,,
432_MLI,432,Mali,Mali,MLI,Mali,1982,-7.0,0,7,4.0,1,1.0,,,
432_MLI,432,Mali,Mali,MLI,Mali,1983,-7.0,0,7,4.0,1,1.0,,,
432_MLI,432,Mali,Mali,MLI,Mali,1984,-7.0,0,7,4.0,1,1.0,,,
432_MLI,432,Mali,Mali,MLI,Mali,1985,-7.0,0,7,4.0,1,1.0,,,
432_MLI,432,Mali,Mali,MLI,Mali,1986,-7.0,0,7,4.0,1,1.0,,,
432_MLI,432,Mali,Mali,MLI,Mali,1987,-7.0,0,7,4.0,1,1.0,,,
432_MLI,432,Mali,Mali,MLI,Mali,1988,-7.0,0,7,4.0,1,1.0,,,
432_MLI,432,Mali,Mali,MLI,Mali,1989,-7.0,0,7,4.0,1,1.0,,,
432_MLI,432,Mali,Mali,MLI,Mali,1990,-7.0,0,7,4.0,1,1.0,,,
432_MLI,432,Mali,Mali,MLI,Mali,1991,-1.0,-88,-88,-88.0,-88,-88.0,,,3.0
432_MLI,432,Mali,Mali,MLI,Mali,1992,4.0,4,0,7.0,5,5.0,1.0,,3.0
432_MLI,432,Mali,Mali,MLI,Mali,1993,4.0,4,0,7.0,5,5.0,,,
432_MLI,432,Mali,Mali,MLI,Mali,1994,4.0,4,0,7.0,5,5.0,,,
432_MLI,432,Mali,Mali,MLI,Mali,1995,4.0,4,0,7.0,5,5.0,,,
432_MLI,432,Mali,Mali,MLI,Mali,1996,4.0,4,0,7.0,5,5.0,,,
432_MLI,432,Mali,Mali,MLI,Mali,1997,5.0,5,0,7.0,5,7.0,1.0,,0.0
432_MLI,432,Mali,Mali,MLI,Mali,1998,5.0,5,0,7.0,5,7.0,,,
432_MLI,432,Mali,Mali,MLI,Mali,1999,5.0,5,0,7.0,5,7.0,,,
432_MLI,432,Mali,Mali,MLI,Mali,2000,5.0,5,0,7.0,5,7.0,,,
432_MLI,432,Mali,Mali,MLI,Mali,2001,5.0,5,0,7.0,5,7.0,,,
432_MLI,432,Mali,Mali,MLI,Mali,2002,5.0,6,1,7.0,5,8.0,1.0,,0.0
432_MLI,432,Mali,Mali,MLI,Mali,2003,5.0,6,1,7.0,5,8.0,,,
432_MLI,432,Mali,Mali,MLI,Mali,2004,5.0,6,1,7.0,5,8.0,,,
432_MLI,432,Mali,Mali,MLI,Mali,2005,7.0,7,0,8.0,5,9.0,,,
432_MLI,432,Mali,Mali,MLI,Mali,2006,7.0,7,0,8.0,5,9.0,,,
432_MLI,432,Mali,Mali,MLI,Mali,2007,7.0,7,0,8.0,5,9.0,,,
432_MLI,432,Mali,Mali,MLI,Mali,2008,7.0,7,0,8.0,5,9.0,,,
432_MLI,432,Mali,Mali,MLI,Mali,2009,7.0,7,0,8.0,5,9.0,,,
432_MLI,432,Mali,Mali,MLI,Mali,2010,7.0,7,0,8.0,5,9.0,,,
432_MLI,432,Mali,Mali,MLI,Mali,2011,7.0,7,0,8.0,5,9.0,,,
432_MLI,432,Mali,Mali,MLI,Mali,2012,0.0,-77,-77,-77.0,-77,-77.0,,1.0,0.0
432_MLI,432,Mali,Mali,MLI,Mali,2013,5.0,6,1,7.0,5,8.0,1.0,1.0,0.0
432_MLI,432,Mali,Mali,MLI,Mali,2014,5.0,6,1,7.0,5,8.0,,,
432_MLI,432,Mali,Mali,MLI,Mali,2015,5.0,6,1,7.0,5,8.0,,,
432_MLI,432,Mali,Mali,MLI,Mali,2016,5.0,6,1,7.0,5,8.0,,,
432_MLI,432,Mali,Mali,MLI,Mali,2017,5.0,6,1,7.0,5,8.0,,,
432_MLI,432,Mali,Mali,MLI,Mali,2018,5.0,6,1,7.0,5,8.0,,,
433_SEN,433,Senegal,Senegal,SEN,Senegal,1971,-7.0,0,7,3.0,3,1.0,,,
433_SEN,433,Senegal,Senegal,SEN,Senegal,1972,-7.0,0,7,3.0,3,1.0,,,
433_SEN,433,Senegal,Senegal,SEN,Senegal,1973,-7.0,0,7,3.0,3,1.0,,,
433_SEN,433,Senegal,Senegal,SEN,Senegal,1974,-6.0,0,6,3.0,3,2.0,1.0,,0.0
433_SEN,433,Senegal,Senegal,SEN,Senegal,1975,-6.0,0,6,3.0,3,2.0,,,
433_SEN,433,Senegal,Senegal,SEN,Senegal,1976,-6.0,0,6,3.0,3,2.0,,,
433_SEN,433,Senegal,Senegal,SEN,Senegal,1977,-6.0,0,6,3.0,3,2.0,,,
433_SEN,433,Senegal,Senegal,SEN,Senegal,1978,-2.0,2,4,7.0,3,2.0,1.0,,1.0
433_SEN,433,Senegal,Senegal,SEN,Senegal,1979,-2.0,2,4,7.0,3,2.0,,,
433_SEN,433,Senegal,Senegal,SEN,Senegal,1980,-2.0,2,4,7.0,3,2.0,,,
433_SEN,433,Senegal,Senegal,SEN,Senegal,1981,-1.0,2,3,3.0,3,9.0,1.0,,0.0
433_SEN,433,Senegal,Senegal,SEN,Senegal,1982,-1.0,2,3,3.0,3,9.0,,,
433_SEN,433,Senegal,Senegal,SEN,Senegal,1983,-1.0,2,3,3.0,3,9.0,,,
433_SEN,433,Senegal,Senegal,SEN,Senegal,1984,-1.0,2,3,3.0,3,9.0,,,
433_SEN,433,Senegal,Senegal,SEN,Senegal,1985,-1.0,2,3,3.0,3,9.0,,,
433_SEN,433,Senegal,Senegal,SEN,Senegal,1986,-1.0,2,3,3.0,3,9.0,,,
433_SEN,433,Senegal,Senegal,SEN,Senegal,1987,-1.0,2,3,3.0,3,9.0,,,
433_SEN,433,Senegal,Senegal,SEN,Senegal,1988,-1.0,2,3,3.0,3,9.0,,,
433_SEN,433,Senegal,Senegal,SEN,Senegal,1989,-1.0,2,3,3.0,3,9.0,,,
433_SEN,433,Senegal,Senegal,SEN,Senegal,1990,-1.0,2,3,3.0,3,9.0,,,
433_SEN,433,Senegal,Senegal,SEN,Senegal,1991,-1.0,2,3,3.0,3,9.0,,,
433_SEN,433,Senegal,Senegal,SEN,Senegal,1992,-1.0,2,3,3.0,3,9.0,,,
433_SEN,433,Senegal,Senegal,SEN,Senegal,1993,-1.0,2,3,3.0,3,9.0,,,
433_SEN,433,Senegal,Senegal,SEN,Senegal,1994,-1.0,2,3,3.0,3,9.0,,,
433_SEN,433,Senegal,Senegal,SEN,Senegal,1995,-1.0,2,3,3.0,3,9.0,,,
433_SEN,433,Senegal,Senegal,SEN,Senegal,1996,-1.0,2,3,3.0,3,9.0,,,
433_SEN,433,Senegal,Senegal,SEN,Senegal,1997,-1.0,2,3,3.0,3,9.0,,,
433_SEN,433,Senegal,Senegal,SEN,Senegal,1998,-1.0,2,3,3.0,3,9.0,,,
433_SEN,433,Senegal,Senegal,SEN,Senegal,1999,-1.0,2,3,3.0,3,9.0,,,
433_SEN,433,Senegal,Senegal,SEN,Senegal,2000,8.0,8,0,8.0,6,9.0,1.0,,3.0
433_SEN,433,Senegal,Senegal,SEN,Senegal,2001,8.0,8,0,8.0,6,9.0,,,
433_SEN,433,Senegal,Senegal,SEN,Senegal,2002,8.0,8,0,8.0,6,9.0,,,
433_SEN,433,Senegal,Senegal,SEN,Senegal,2003,8.0,8,0,8.0,6,9.0,,,
433_SEN,433,Senegal,Senegal,SEN,Senegal,2004,8.0,8,0,8.0,6,9.0,,,
433_SEN,433,Senegal,Senegal,SEN,Senegal,2005,8.0,8,0,8.0,6,9.0,,,
433_SEN,433,Senegal,Senegal,SEN,Senegal,2006,8.0,8,0,8.0,6,9.0,,,
433_SEN,433,Senegal,Senegal,SEN,Senegal,2007,7.0,7,0,8.0,5,9.0,1.0,,0.0
433_SEN,433,Senegal,Senegal,SEN,Senegal,2008,7.0,7,0,8.0,5,9.0,,,
433_SEN,433,Senegal,Senegal,SEN,Senegal,2009,7.0,7,0,8.0,5,9.0,,,
433_SEN,433,Senegal,Senegal,SEN,Senegal,2010,7.0,7,0,8.0,5,9.0,,,
433_SEN,433,Senegal,Senegal,SEN,Senegal,2011,7.0,7,0,8.0,5,9.0,,,
433_SEN,433,Senegal,Senegal,SEN,Senegal,2012,7.0,7,0,8.0,5,9.0,,,
433_SEN,433,Senegal,Senegal,SEN,Senegal,2013,7.0,7,0,8.0,5,9.0,,,
433_SEN,433,Senegal,Senegal,SEN,Senegal,2014,7.0,7,0,8.0,5,9.0,,,
433_SEN,433,Senegal,Senegal,SEN,Senegal,2015,7.0,7,0,8.0,5,9.0,,,
433_SEN,433,Senegal,Senegal,SEN,Senegal,2016,7.0,7,0,8.0,5,9.0,,,
433_SEN,433,Senegal,Senegal,SEN,Senegal,2017,7.0,7,0,8.0,5,9.0,,,
433_SEN,433,Senegal,Senegal,SEN,Senegal,2018,7.0,7,0,8.0,5,9.0,,,
434_BEN,434,Benin,Benin,BEN,Benin,1971,-2.0,1,3,3.0,3,7.0,,,
434_BEN,434,Benin,Benin,BEN,Benin,1972,-7.0,0,7,4.0,1,1.0,1.0,,-1.0
434_BEN,434,Benin,Benin,BEN,Benin,1973,-7.0,0,7,4.0,1,1.0,,,
434_BEN,434,Benin,Benin,BEN,Benin,1974,-7.0,0,7,4.0,1,1.0,,,
434_BEN,434,Benin,Benin,BEN,Benin,1975,-7.0,0,7,4.0,1,1.0,,,
434_BEN,434,Benin,Benin,BEN,Benin,1976,-7.0,0,7,4.0,1,1.0,,,
434_BEN,434,Benin,Benin,BEN,Benin,1977,-7.0,0,7,4.0,1,1.0,,,
434_BEN,434,Benin,Benin,BEN,Benin,1978,-7.0,0,7,4.0,1,1.0,,,
434_BEN,434,Benin,Benin,BEN,Benin,1979,-7.0,0,7,4.0,1,1.0,,,
434_BEN,434,Benin,Benin,BEN,Benin,1980,-7.0,0,7,5.0,1,1.0,1.0,,0.0
434_BEN,434,Benin,Benin,BEN,Benin,1981,-7.0,0,7,5.0,1,1.0,,,
434_BEN,434,Benin,Benin,BEN,Benin,1982,-7.0,0,7,5.0,1,1.0,,,
434_BEN,434,Benin,Benin,BEN,Benin,1983,-7.0,0,7,5.0,1,1.0,,,
434_BEN,434,Benin,Benin,BEN,Benin,1984,-7.0,0,7,5.0,1,1.0,,,
434_BEN,434,Benin,Benin,BEN,Benin,1985,-7.0,0,7,5.0,1,1.0,,,
434_BEN,434,Benin,Benin,BEN,Benin,1986,-7.0,0,7,5.0,1,1.0,,,
434_BEN,434,Benin,Benin,BEN,Benin,1987,-7.0,0,7,5.0,1,1.0,,,
434_BEN,434,Benin,Benin,BEN,Benin,1988,-7.0,0,7,5.0,1,1.0,,,
434_BEN,434,Benin,Benin,BEN,Benin,1989,-7.0,0,7,5.0,1,1.0,,,
434_BEN,434,Benin,Benin,BEN,Benin,1990,-1.0,-88,-88,-88.0,-88,-88.0,,,3.0
434_BEN,434,Benin,Benin,BEN,Benin,1991,6.0,6,0,7.0,5,9.0,1.0,,3.0
434_BEN,434,Benin,Benin,BEN,Benin,1992,6.0,6,0,7.0,5,9.0,,,
434_BEN,434,Benin,Benin,BEN,Benin,1993,6.0,6,0,7.0,5,9.0,,,
434_BEN,434,Benin,Benin,BEN,Benin,1994,6.0,6,0,7.0,5,9.0,,,
434_BEN,434,Benin,Benin,BEN,Benin,1995,6.0,6,0,7.0,5,9.0,,,
434_BEN,434,Benin,Benin,BEN,Benin,1996,6.0,6,0,7.0,5,9.0,,,
434_BEN,434,Benin,Benin,BEN,Benin,1997,6.0,6,0,7.0,5,9.0,,,
434_BEN,434,Benin,Benin,BEN,Benin,1998,6.0,6,0,7.0,5,9.0,,,
434_BEN,434,Benin,Benin,BEN,Benin,1999,6.0,6,0,7.0,5,9.0,,,
434_BEN,434,Benin,Benin,BEN,Benin,2000,6.0,6,0,7.0,5,9.0,,,
434_BEN,434,Benin,Benin,BEN,Benin,2001,6.0,6,0,7.0,5,9.0,,,
434_BEN,434,Benin,Benin,BEN,Benin,2002,6.0,6,0,7.0,5,9.0,,,
434_BEN,434,Benin,Benin,BEN,Benin,2003,6.0,6,0,7.0,5,9.0,,,
434_BEN,434,Benin,Benin,BEN,Benin,2004,6.0,6,0,7.0,5,9.0,,,
434_BEN,434,Benin,Benin,BEN,Benin,2005,6.0,6,0,7.0,5,9.0,,,
434_BEN,434,Benin,Benin,BEN,Benin,2006,7.0,7,0,8.0,5,9.0,1.0,,0.0
434_BEN,434,Benin,Benin,BEN,Benin,2007,7.0,7,0,8.0,5,9.0,,,
434_BEN,434,Benin,Benin,BEN,Benin,2008,7.0,7,0,8.0,5,9.0,,,
434_BEN,434,Benin,Benin,BEN,Benin,2009,7.0,7,0,8.0,5,9.0,,,
434_BEN,434,Benin,Benin,BEN,Benin,2010,7.0,7,0,8.0,5,9.0,,,
434_BEN,434,Benin,Benin,BEN,Benin,2011,7.0,7,0,8.0,5,9.0,,,
434_BEN,434,Benin,Benin,BEN,Benin,2012,7.0,7,0,8.0,5,9.0,,,
434_BEN,434,Benin,Benin,BEN,Benin,2013,7.0,7,0,8.0,5,9.0,,,
434_BEN,434,Benin,Benin,BEN,Benin,2014,7.0,7,0,8.0,5,9.0,,,
434_BEN,434,Benin,Benin,BEN,Benin,2015,7.0,7,0,8.0,5,9.0,,,
434_BEN,434,Benin,Benin,BEN,Benin,2016,7.0,7,0,8.0,5,9.0,,,
434_BEN,434,Benin,Benin,BEN,Benin,2017,7.0,7,0,8.0,5,9.0,,,
434_BEN,434,Benin,Benin,BEN,Benin,2018,7.0,7,0,8.0,5,9.0,,,
435_MRT,435,Mauritania,Mauritania,MRT,Mauritania,1971,-7.0,0,7,3.0,3,1.0,,,
435_MRT,435,Mauritania,Mauritania,MRT,Mauritania,1972,-7.0,0,7,3.0,3,1.0,,,
435_MRT,435,Mauritania,Mauritania,MRT,Mauritania,1973,-7.0,0,7,3.0,3,1.0,,,
435_MRT,435,Mauritania,Mauritania,MRT,Mauritania,1974,-7.0,0,7,3.0,3,1.0,,,
435_MRT,435,Mauritania,Mauritania,MRT,Mauritania,1975,-7.0,0,7,3.0,3,1.0,,,
435_MRT,435,Mauritania,Mauritania,MRT,Mauritania,1976,-7.0,0,7,3.0,3,1.0,,,
435_MRT,435,Mauritania,Mauritania,MRT,Mauritania,1977,-7.0,0,7,3.0,3,1.0,,,
435_MRT,435,Mauritania,Mauritania,MRT,Mauritania,1978,-7.0,0,7,3.0,3,1.0,,,
435_MRT,435,Mauritania,Mauritania,MRT,Mauritania,1979,-7.0,0,7,3.0,3,1.0,,,
435_MRT,435,Mauritania,Mauritania,MRT,Mauritania,1980,-7.0,0,7,3.0,3,1.0,,,
435_MRT,435,Mauritania,Mauritania,MRT,Mauritania,1981,-7.0,0,7,3.0,3,1.0,,,
435_MRT,435,Mauritania,Mauritania,MRT,Mauritania,1982,-7.0,0,7,3.0,3,1.0,,,
435_MRT,435,Mauritania,Mauritania,MRT,Mauritania,1983,-7.0,0,7,3.0,3,1.0,,,
435_MRT,435,Mauritania,Mauritania,MRT,Mauritania,1984,-7.0,0,7,3.0,3,1.0,,,
435_MRT,435,Mauritania,Mauritania,MRT,Mauritania,1985,-7.0,0,7,3.0,3,1.0,,,
435_MRT,435,Mauritania,Mauritania,MRT,Mauritania,1986,-7.0,0,7,3.0,3,1.0,,,
435_MRT,435,Mauritania,Mauritania,MRT,Mauritania,1987,-7.0,0,7,3.0,3,1.0,,,
435_MRT,435,Mauritania,Mauritania,MRT,Mauritania,1988,-7.0,0,7,3.0,3,1.0,,,
435_MRT,435,Mauritania,Mauritania,MRT,Mauritania,1989,-7.0,0,7,3.0,3,1.0,,,
435_MRT,435,Mauritania,Mauritania,MRT,Mauritania,1990,-7.0,0,7,3.0,3,1.0,,,
435_MRT,435,Mauritania,Mauritania,MRT,Mauritania,1991,-6.0,0,6,3.0,3,2.0,1.0,,0.0
435_MRT,435,Mauritania,Mauritania,MRT,Mauritania,1992,-6.0,0,6,3.0,3,2.0,,,
435_MRT,435,Mauritania,Mauritania,MRT,Mauritania,1993,-6.0,0,6,3.0,3,2.0,,,
435_MRT,435,Mauritania,Mauritania,MRT,Mauritania,1994,-6.0,0,6,3.0,3,2.0,,,
435_MRT,435,Mauritania,Mauritania,MRT,Mauritania,1995,-6.0,0,6,3.0,3,2.0,,,
435_MRT,435,Mauritania,Mauritania,MRT,Mauritania,1996,-6.0,0,6,3.0,3,2.0,,,
435_MRT,435,Mauritania,Mauritania,MRT,Mauritania,1997,-6.0,0,6,3.0,3,2.0,,,
435_MRT,435,Mauritania,Mauritania,MRT,Mauritania,1998,-6.0,0,6,3.0,3,2.0,,,
435_MRT,435,Mauritania,Mauritania,MRT,Mauritania,1999,-6.0,0,6,3.0,3,2.0,,,
435_MRT,435,Mauritania,Mauritania,MRT,Mauritania,2000,-6.0,0,6,3.0,3,2.0,,,
435_MRT,435,Mauritania,Mauritania,MRT,Mauritania,2001,-6.0,0,6,3.0,3,2.0,,,
435_MRT,435,Mauritania,Mauritania,MRT,Mauritania,2002,-6.0,0,6,3.0,3,2.0,,,
435_MRT,435,Mauritania,Mauritania,MRT,Mauritania,2003,-6.0,0,6,3.0,3,2.0,,,
435_MRT,435,Mauritania,Mauritania,MRT,Mauritania,2004,-6.0,0,6,3.0,3,2.0,,,
435_MRT,435,Mauritania,Mauritania,MRT,Mauritania,2005,-5.0,0,5,3.0,3,3.0,,,3.0
435_MRT,435,Mauritania,Mauritania,MRT,Mauritania,2006,-3.0,0,3,5.0,3,3.0,,,3.0
435_MRT,435,Mauritania,Mauritania,MRT,Mauritania,2007,4.0,4,0,7.0,5,5.0,1.0,,3.0
435_MRT,435,Mauritania,Mauritania,MRT,Mauritania,2008,-5.0,0,5,4.0,2,2.0,1.0,,-2.0
435_MRT,435,Mauritania,Mauritania,MRT,Mauritania,2009,-2.0,0,2,5.0,2,5.0,1.0,,1.0
435_MRT,435,Mauritania,Mauritania,MRT,Mauritania,2010,-2.0,0,2,5.0,2,5.0,,,
435_MRT,435,Mauritania,Mauritania,MRT,Mauritania,2011,-2.0,0,2,5.0,2,5.0,,,
435_MRT,435,Mauritania,Mauritania,MRT,Mauritania,2012,-2.0,0,2,5.0,2,5.0,,,
435_MRT,435,Mauritania,Mauritania,MRT,Mauritania,2013,-2.0,0,2,5.0,2,5.0,,,
435_MRT,435,Mauritania,Mauritania,MRT,Mauritania,2014,-2.0,0,2,5.0,2,5.0,,,
435_MRT,435,Mauritania,Mauritania,MRT,Mauritania,2015,-2.0,0,2,5.0,2,5.0,,,
435_MRT,435,Mauritania,Mauritania,MRT,Mauritania,2016,-2.0,0,2,5.0,2,5.0,,,
435_MRT,435,Mauritania,Mauritania,MRT,Mauritania,2017,-2.0,0,2,5.0,2,5.0,,,
435_MRT,435,Mauritania,Mauritania,MRT,Mauritania,2018,-2.0,0,2,5.0,2,5.0,,,
436_NER,436,Niger,Niger,NER,Niger,1971,-3.0,0,3,3.0,3,5.0,,,
436_NER,436,Niger,Niger,NER,Niger,1972,-3.0,0,3,3.0,3,5.0,,,
436_NER,436,Niger,Niger,NER,Niger,1973,-3.0,0,3,3.0,3,5.0,,,
436_NER,436,Niger,Niger,NER,Niger,1974,-7.0,0,7,4.0,1,1.0,1.0,,-1.0
436_NER,436,Niger,Niger,NER,Niger,1975,-7.0,0,7,4.0,1,1.0,,,
436_NER,436,Niger,Niger,NER,Niger,1976,-7.0,0,7,4.0,1,1.0,,,
436_NER,436,Niger,Niger,NER,Niger,1977,-7.0,0,7,4.0,1,1.0,,,
436_NER,436,Niger,Niger,NER,Niger,1978,-7.0,0,7,4.0,1,1.0,,,
436_NER,436,Niger,Niger,NER,Niger,1979,-7.0,0,7,4.0,1,1.0,,,
436_NER,436,Niger,Niger,NER,Niger,1980,-7.0,0,7,4.0,1,1.0,,,
436_NER,436,Niger,Niger,NER,Niger,1981,-7.0,0,7,4.0,1,1.0,,,
436_NER,436,Niger,Niger,NER,Niger,1982,-7.0,0,7,4.0,1,1.0,,,
436_NER,436,Niger,Niger,NER,Niger,1983,-7.0,0,7,4.0,1,1.0,,,
436_NER,436,Niger,Niger,NER,Niger,1984,-7.0,0,7,4.0,1,1.0,,,
436_NER,436,Niger,Niger,NER,Niger,1985,-7.0,0,7,4.0,1,1.0,,,
436_NER,436,Niger,Niger,NER,Niger,1986,-7.0,0,7,4.0,1,1.0,,,
436_NER,436,Niger,Niger,NER,Niger,1987,-6.0,0,6,5.0,2,1.0,1.0,,0.0
436_NER,436,Niger,Niger,NER,Niger,1988,-6.0,0,6,5.0,2,1.0,,,
436_NER,436,Niger,Niger,NER,Niger,1989,-6.0,0,6,5.0,2,1.0,,,
436_NER,436,Niger,Niger,NER,Niger,1990,-4.0,0,4,5.0,3,2.0,,,3.0
436_NER,436,Niger,Niger,NER,Niger,1991,-1.0,-88,-88,-88.0,-88,-88.0,,,3.0
436_NER,436,Niger,Niger,NER,Niger,1992,3.0,-88,-88,-88.0,-88,-88.0,,,3.0
436_NER,436,Niger,Niger,NER,Niger,1993,6.0,6,0,7.0,7,5.0,1.0,,3.0
436_NER,436,Niger,Niger,NER,Niger,1994,6.0,6,0,7.0,7,5.0,,,
436_NER,436,Niger,Niger,NER,Niger,1995,6.0,6,0,7.0,7,5.0,,,
436_NER,436,Niger,Niger,NER,Niger,1996,-3.0,1,4,4.0,1,6.0,1.0,,-2.0
436_NER,436,Niger,Niger,NER,Niger,1997,-3.0,1,4,4.0,1,6.0,,,
436_NER,436,Niger,Niger,NER,Niger,1998,-3.0,1,4,4.0,1,6.0,,,
436_NER,436,Niger,Niger,NER,Niger,1999,5.0,6,1,7.0,5,8.0,1.0,,3.0
436_NER,436,Niger,Niger,NER,Niger,2000,5.0,6,1,7.0,5,8.0,,,
436_NER,436,Niger,Niger,NER,Niger,2001,5.0,6,1,7.0,5,8.0,,,
436_NER,436,Niger,Niger,NER,Niger,2002,5.0,6,1,7.0,5,8.0,,,
436_NER,436,Niger,Niger,NER,Niger,2003,5.0,6,1,7.0,5,8.0,,,
436_NER,436,Niger,Niger,NER,Niger,2004,6.0,7,1,8.0,5,8.0,1.0,,0.0
436_NER,436,Niger,Niger,NER,Niger,2005,6.0,7,1,8.0,5,8.0,,,
436_NER,436,Niger,Niger,NER,Niger,2006,6.0,7,1,8.0,5,8.0,,,
436_NER,436,Niger,Niger,NER,Niger,2007,6.0,7,1,8.0,5,8.0,,,
436_NER,436,Niger,Niger,NER,Niger,2008,6.0,7,1,8.0,5,8.0,,,
436_NER,436,Niger,Niger,NER,Niger,2009,-3.0,0,3,4.0,3,3.0,1.0,,-2.0
436_NER,436,Niger,Niger,NER,Niger,2010,3.0,4,1,5.0,5,8.0,,,3.0
436_NER,436,Niger,Niger,NER,Niger,2011,6.0,7,1,8.0,5,8.0,1.0,,3.0
436_NER,436,Niger,Niger,NER,Niger,2012,6.0,7,1,8.0,5,8.0,,,
436_NER,436,Niger,Niger,NER,Niger,2013,6.0,7,1,8.0,5,8.0,,,
436_NER,436,Niger,Niger,NER,Niger,2014,6.0,7,1,8.0,5,8.0,,,
436_NER,436,Niger,Niger,NER,Niger,2015,6.0,7,1,8.0,5,8.0,,,
436_NER,436,Niger,Niger,NER,Niger,2016,5.0,6,1,7.0,5,8.0,1.0,,0.0
436_NER,436,Niger,Niger,NER,Niger,2017,5.0,6,1,7.0,5,8.0,,,
436_NER,436,Niger,Niger,NER,Niger,2018,5.0,6,1,7.0,5,8.0,,,
437_CIV,437,Cote D'Ivoire,Cote D'Ivoire,CIV,Côte d'Ivoire,1971,-9.0,0,9,3.0,1,1.0,,,
437_CIV,437,Cote D'Ivoire,Cote D'Ivoire,CIV,Côte d'Ivoire,1972,-9.0,0,9,3.0,1,1.0,,,
437_CIV,437,Cote D'Ivoire,Cote D'Ivoire,CIV,Côte d'Ivoire,1973,-9.0,0,9,3.0,1,1.0,,,
437_CIV,437,Cote D'Ivoire,Cote D'Ivoire,CIV,Côte d'Ivoire,1974,-9.0,0,9,3.0,1,1.0,,,
437_CIV,437,Cote D'Ivoire,Cote D'Ivoire,CIV,Côte d'Ivoire,1975,-9.0,0,9,3.0,1,1.0,,,
437_CIV,437,Cote D'Ivoire,Cote D'Ivoire,CIV,Côte d'Ivoire,1976,-9.0,0,9,3.0,1,1.0,,,
437_CIV,437,Cote D'Ivoire,Cote D'Ivoire,CIV,Côte d'Ivoire,1977,-9.0,0,9,3.0,1,1.0,,,
437_CIV,437,Cote D'Ivoire,Cote D'Ivoire,CIV,Côte d'Ivoire,1978,-9.0,0,9,3.0,1,1.0,,,
437_CIV,437,Cote D'Ivoire,Cote D'Ivoire,CIV,Côte d'Ivoire,1979,-9.0,0,9,3.0,1,1.0,,,
437_CIV,437,Cote D'Ivoire,Cote D'Ivoire,CIV,Côte d'Ivoire,1980,-9.0,0,9,3.0,1,1.0,,,
437_CIV,437,Cote D'Ivoire,Cote D'Ivoire,CIV,Côte d'Ivoire,1981,-9.0,0,9,3.0,1,1.0,,,
437_CIV,437,Cote D'Ivoire,Cote D'Ivoire,CIV,Côte d'Ivoire,1982,-9.0,0,9,3.0,1,1.0,,,
437_CIV,437,Cote D'Ivoire,Cote D'Ivoire,CIV,Côte d'Ivoire,1983,-9.0,0,9,3.0,1,1.0,,,
437_CIV,437,Cote D'Ivoire,Cote D'Ivoire,CIV,Côte d'Ivoire,1984,-9.0,0,9,3.0,1,1.0,,,
437_CIV,437,Cote D'Ivoire,Cote D'Ivoire,CIV,Côte d'Ivoire,1985,-9.0,0,9,3.0,1,1.0,,,
437_CIV,437,Cote D'Ivoire,Cote D'Ivoire,CIV,Côte d'Ivoire,1986,-9.0,0,9,3.0,1,1.0,,,
437_CIV,437,Cote D'Ivoire,Cote D'Ivoire,CIV,Côte d'Ivoire,1987,-9.0,0,9,3.0,1,1.0,,,
437_CIV,437,Cote D'Ivoire,Cote D'Ivoire,CIV,Côte d'Ivoire,1988,-9.0,0,9,3.0,1,1.0,,,
437_CIV,437,Cote D'Ivoire,Cote D'Ivoire,CIV,Côte d'Ivoire,1989,-9.0,0,9,3.0,1,1.0,,,
437_CIV,437,Cote D'Ivoire,Cote D'Ivoire,CIV,Côte d'Ivoire,1990,-7.0,0,7,3.0,2,2.0,1.0,,0.0
437_CIV,437,Cote D'Ivoire,Cote D'Ivoire,CIV,Côte d'Ivoire,1991,-7.0,0,7,3.0,2,2.0,,,
437_CIV,437,Cote D'Ivoire,Cote D'Ivoire,CIV,Côte d'Ivoire,1992,-7.0,0,7,3.0,2,2.0,,,
437_CIV,437,Cote D'Ivoire,Cote D'Ivoire,CIV,Côte d'Ivoire,1993,-6.0,0,6,3.0,3,2.0,1.0,,0.0
437_CIV,437,Cote D'Ivoire,Cote D'Ivoire,CIV,Côte d'Ivoire,1994,-6.0,0,6,3.0,3,2.0,,,
437_CIV,437,Cote D'Ivoire,Cote D'Ivoire,CIV,Côte d'Ivoire,1995,-6.0,0,6,3.0,3,2.0,,,
437_CIV,437,Cote D'Ivoire,Cote D'Ivoire,CIV,Côte d'Ivoire,1996,-6.0,0,6,3.0,3,2.0,,,
437_CIV,437,Cote D'Ivoire,Cote D'Ivoire,CIV,Côte d'Ivoire,1997,-6.0,0,6,3.0,3,2.0,,,
437_CIV,437,Cote D'Ivoire,Cote D'Ivoire,CIV,Côte d'Ivoire,1998,-6.0,0,6,3.0,3,2.0,,,
437_CIV,437,Cote D'Ivoire,Cote D'Ivoire,CIV,Côte d'Ivoire,1999,-1.0,1,2,5.0,3,6.0,,,3.0
437_CIV,437,Cote D'Ivoire,Cote D'Ivoire,CIV,Côte d'Ivoire,2000,4.0,5,1,7.0,5,6.0,1.0,,3.0
437_CIV,437,Cote D'Ivoire,Cote D'Ivoire,CIV,Côte d'Ivoire,2001,4.0,5,1,7.0,5,6.0,,,
437_CIV,437,Cote D'Ivoire,Cote D'Ivoire,CIV,Côte d'Ivoire,2002,0.0,-77,-77,-77.0,-77,-77.0,,1.0,-77.0
437_CIV,437,Cote D'Ivoire,Cote D'Ivoire,CIV,Côte d'Ivoire,2003,0.0,-77,-77,-77.0,-77,-77.0,,1.0,-77.0
437_CIV,437,Cote D'Ivoire,Cote D'Ivoire,CIV,Côte d'Ivoire,2004,0.0,-77,-77,-77.0,-77,-77.0,,1.0,-77.0
437_CIV,437,Cote D'Ivoire,Cote D'Ivoire,CIV,Côte d'Ivoire,2005,0.0,-77,-77,-77.0,-77,-77.0,,1.0,-77.0
437_CIV,437,Cote D'Ivoire,Cote D'Ivoire,CIV,Côte d'Ivoire,2006,0.0,-77,-77,-77.0,-77,-77.0,,1.0,-77.0
437_CIV,437,Cote D'Ivoire,Cote D'Ivoire,CIV,Côte d'Ivoire,2007,0.0,-88,-88,-88.0,-88,-88.0,,1.0,-77.0
437_CIV,437,Cote D'Ivoire,Cote D'Ivoire,CIV,Côte d'Ivoire,2008,0.0,-88,-88,-88.0,-88,-88.0,,,0.0
437_CIV,437,Cote D'Ivoire,Cote D'Ivoire,CIV,Côte d'Ivoire,2009,0.0,-88,-88,-88.0,-88,-88.0,,,0.0
437_CIV,437,Cote D'Ivoire,Cote D'Ivoire,CIV,Côte d'Ivoire,2010,0.0,-77,-77,-77.0,-77,-77.0,,1.0,-77.0
437_CIV,437,Cote D'Ivoire,Cote D'Ivoire,CIV,Côte d'Ivoire,2011,4.0,5,1,7.0,5,6.0,1.0,1.0,0.0
437_CIV,437,Cote D'Ivoire,Cote D'Ivoire,CIV,Côte d'Ivoire,2012,4.0,5,1,7.0,5,6.0,,,
437_CIV,437,Cote D'Ivoire,Cote D'Ivoire,CIV,Côte d'Ivoire,2013,4.0,5,1,7.0,5,6.0,,,
437_CIV,437,Ivory Coast,Ivory Coast,CIV,Côte d'Ivoire,2014,4.0,5,1,7.0,5,6.0,,,
437_CIV,437,Ivory Coast,Ivory Coast,CIV,Côte d'Ivoire,2015,4.0,5,1,7.0,5,6.0,,,
437_CIV,437,Cote D'Ivoire,Cote D'Ivoire,CIV,Côte d'Ivoire,2016,4.0,5,1,7.0,5,6.0,,,
437_CIV,437,Cote D'Ivoire,Cote D'Ivoire,CIV,Côte d'Ivoire,2017,4.0,5,1,7.0,5,6.0,,,
437_CIV,437,Cote D'Ivoire,Cote D'Ivoire,CIV,Côte d'Ivoire,2018,4.0,5,1,7.0,5,6.0,,,
438_GIN,438,Guinea,Guinea,GIN,Guinea,1971,-9.0,0,9,3.0,1,1.0,,,
438_GIN,438,Guinea,Guinea,GIN,Guinea,1972,-9.0,0,9,3.0,1,1.0,,,
438_GIN,438,Guinea,Guinea,GIN,Guinea,1973,-9.0,0,9,3.0,1,1.0,,,
438_GIN,438,Guinea,Guinea,GIN,Guinea,1974,-9.0,0,9,3.0,1,1.0,,,
438_GIN,438,Guinea,Guinea,GIN,Guinea,1975,-9.0,0,9,3.0,1,1.0,,,
438_GIN,438,Guinea,Guinea,GIN,Guinea,1976,-9.0,0,9,3.0,1,1.0,,,
438_GIN,438,Guinea,Guinea,GIN,Guinea,1977,-9.0,0,9,3.0,1,1.0,,,
438_GIN,438,Guinea,Guinea,GIN,Guinea,1978,-9.0,0,9,3.0,1,1.0,,,
438_GIN,438,Guinea,Guinea,GIN,Guinea,1979,-9.0,0,9,3.0,1,1.0,,,
438_GIN,438,Guinea,Guinea,GIN,Guinea,1980,-9.0,0,9,3.0,1,1.0,,,
438_GIN,438,Guinea,Guinea,GIN,Guinea,1981,-9.0,0,9,3.0,1,1.0,,,
438_GIN,438,Guinea,Guinea,GIN,Guinea,1982,-9.0,0,9,3.0,1,1.0,,,
438_GIN,438,Guinea,Guinea,GIN,Guinea,1983,-9.0,0,9,3.0,1,1.0,,,
438_GIN,438,Guinea,Guinea,GIN,Guinea,1984,-7.0,0,7,4.0,1,1.0,1.0,,0.0
438_GIN,438,Guinea,Guinea,GIN,Guinea,1985,-7.0,0,7,4.0,1,1.0,,,
438_GIN,438,Guinea,Guinea,GIN,Guinea,1986,-7.0,0,7,4.0,1,1.0,,,
438_GIN,438,Guinea,Guinea,GIN,Guinea,1987,-7.0,0,7,4.0,1,1.0,,,
438_GIN,438,Guinea,Guinea,GIN,Guinea,1988,-7.0,0,7,4.0,1,1.0,,,
438_GIN,438,Guinea,Guinea,GIN,Guinea,1989,-7.0,0,7,4.0,1,1.0,,,
438_GIN,438,Guinea,Guinea,GIN,Guinea,1990,-7.0,0,7,4.0,1,1.0,,,
438_GIN,438,Guinea,Guinea,GIN,Guinea,1991,-5.0,0,5,4.0,2,2.0,1.0,,0.0
438_GIN,438,Guinea,Guinea,GIN,Guinea,1992,-5.0,0,5,4.0,2,2.0,,,
438_GIN,438,Guinea,Guinea,GIN,Guinea,1993,-5.0,0,5,4.0,2,2.0,,,
438_GIN,438,Guinea,Guinea,GIN,Guinea,1994,-5.0,0,5,4.0,2,2.0,,,
438_GIN,438,Guinea,Guinea,GIN,Guinea,1995,-1.0,1,2,5.0,3,6.0,1.0,,1.0
438_GIN,438,Guinea,Guinea,GIN,Guinea,1996,-1.0,1,2,5.0,3,6.0,,,
438_GIN,438,Guinea,Guinea,GIN,Guinea,1997,-1.0,1,2,5.0,3,6.0,,,
438_GIN,438,Guinea,Guinea,GIN,Guinea,1998,-1.0,1,2,5.0,3,6.0,,,
438_GIN,438,Guinea,Guinea,GIN,Guinea,1999,-1.0,1,2,5.0,3,6.0,,,
438_GIN,438,Guinea,Guinea,GIN,Guinea,2000,-1.0,1,2,5.0,3,6.0,,,
438_GIN,438,Guinea,Guinea,GIN,Guinea,2001,-1.0,1,2,5.0,3,6.0,,,
438_GIN,438,Guinea,Guinea,GIN,Guinea,2002,-1.0,1,2,5.0,3,6.0,,,
438_GIN,438,Guinea,Guinea,GIN,Guinea,2003,-1.0,1,2,5.0,3,6.0,,,
438_GIN,438,Guinea,Guinea,GIN,Guinea,2004,-1.0,1,2,5.0,3,6.0,,,
438_GIN,438,Guinea,Guinea,GIN,Guinea,2005,-1.0,1,2,5.0,3,6.0,,,
438_GIN,438,Guinea,Guinea,GIN,Guinea,2006,-1.0,1,2,5.0,3,6.0,,,
438_GIN,438,Guinea,Guinea,GIN,Guinea,2007,-1.0,1,2,5.0,3,6.0,,,
438_GIN,438,Guinea,Guinea,GIN,Guinea,2008,-1.0,1,2,4.0,3,6.0,1.0,,0.0
438_GIN,438,Guinea,Guinea,GIN,Guinea,2009,-1.0,1,2,4.0,3,6.0,,,
438_GIN,438,Guinea,Guinea,GIN,Guinea,2010,1.0,3,2,7.0,3,6.0,1.0,,2.0
438_GIN,438,Guinea,Guinea,GIN,Guinea,2011,1.0,3,2,7.0,3,6.0,,,
438_GIN,438,Guinea,Guinea,GIN,Guinea,2012,1.0,3,2,7.0,3,6.0,,,
438_GIN,438,Guinea,Guinea,GIN,Guinea,2013,4.0,4,0,7.0,4,7.0,1.0,,1.0
438_GIN,438,Guinea,Guinea,GIN,Guinea,2014,4.0,4,0,7.0,4,7.0,,,
438_GIN,438,Guinea,Guinea,GIN,Guinea,2015,4.0,4,0,7.0,4,7.0,,,
438_GIN,438,Guinea,Guinea,GIN,Guinea,2016,4.0,4,0,7.0,4,7.0,,,
438_GIN,438,Guinea,Guinea,GIN,Guinea,2017,4.0,4,0,7.0,4,7.0,,,
438_GIN,438,Guinea,Guinea,GIN,Guinea,2018,4.0,4,0,7.0,4,7.0,,,
439_BFA,439,Burkina Faso,Burkina Faso,BFA,Burkina Faso,1971,-4.0,0,4,5.0,2,3.0,,,
439_BFA,439,Burkina Faso,Burkina Faso,BFA,Burkina Faso,1972,-4.0,0,4,5.0,2,3.0,,,
439_BFA,439,Burkina Faso,Burkina Faso,BFA,Burkina Faso,1973,-4.0,0,4,5.0,2,3.0,,,
439_BFA,439,Burkina Faso,Burkina Faso,BFA,Burkina Faso,1974,-4.0,0,4,5.0,2,3.0,,,
439_BFA,439,Burkina Faso,Burkina Faso,BFA,Burkina Faso,1975,-4.0,0,4,5.0,2,3.0,,,
439_BFA,439,Burkina Faso,Burkina Faso,BFA,Burkina Faso,1976,-4.0,0,4,5.0,2,3.0,,,
439_BFA,439,Burkina Faso,Burkina Faso,BFA,Burkina Faso,1977,0.0,-88,-88,-88.0,-88,-88.0,,,3.0
439_BFA,439,Burkina Faso,Burkina Faso,BFA,Burkina Faso,1978,4.0,5,1,7.0,5,6.0,1.0,,3.0
439_BFA,439,Burkina Faso,Burkina Faso,BFA,Burkina Faso,1979,4.0,5,1,7.0,5,6.0,,,
439_BFA,439,Burkina Faso,Burkina Faso,BFA,Burkina Faso,1980,-7.0,0,7,4.0,1,1.0,1.0,,-2.0
439_BFA,439,Burkina Faso,Burkina Faso,BFA,Burkina Faso,1981,-7.0,0,7,4.0,1,1.0,,,
439_BFA,439,Burkina Faso,Burkina Faso,BFA,Burkina Faso,1982,-7.0,0,7,4.0,1,1.0,,,
439_BFA,439,Burkina Faso,Burkina Faso,BFA,Burkina Faso,1983,-7.0,0,7,4.0,1,1.0,,,
439_BFA,439,Burkina Faso,Burkina Faso,BFA,Burkina Faso,1984,-7.0,0,7,4.0,1,1.0,,,
439_BFA,439,Burkina Faso,Burkina Faso,BFA,Burkina Faso,1985,-7.0,0,7,4.0,1,1.0,,,
439_BFA,439,Burkina Faso,Burkina Faso,BFA,Burkina Faso,1986,-7.0,0,7,4.0,1,1.0,,,
439_BFA,439,Burkina Faso,Burkina Faso,BFA,Burkina Faso,1987,-7.0,0,7,4.0,1,1.0,,,
439_BFA,439,Burkina Faso,Burkina Faso,BFA,Burkina Faso,1988,-7.0,0,7,4.0,1,1.0,,,
439_BFA,439,Burkina Faso,Burkina Faso,BFA,Burkina Faso,1989,-7.0,0,7,4.0,1,1.0,,,
439_BFA,439,Burkina Faso,Burkina Faso,BFA,Burkina Faso,1990,-7.0,0,7,4.0,1,1.0,,,
439_BFA,439,Burkina Faso,Burkina Faso,BFA,Burkina Faso,1991,-5.0,0,5,5.0,2,2.0,1.0,,0.0
439_BFA,439,Burkina Faso,Burkina Faso,BFA,Burkina Faso,1992,-5.0,0,5,5.0,2,2.0,,,
439_BFA,439,Burkina Faso,Burkina Faso,BFA,Burkina Faso,1993,-5.0,0,5,5.0,2,2.0,,,
439_BFA,439,Burkina Faso,Burkina Faso,BFA,Burkina Faso,1994,-5.0,0,5,5.0,2,2.0,,,
439_BFA,439,Burkina Faso,Burkina Faso,BFA,Burkina Faso,1995,-5.0,0,5,5.0,2,2.0,,,
439_BFA,439,Burkina Faso,Burkina Faso,BFA,Burkina Faso,1996,-5.0,0,5,5.0,2,2.0,,,
439_BFA,439,Burkina Faso,Burkina Faso,BFA,Burkina Faso,1997,-5.0,0,5,5.0,2,2.0,,,
439_BFA,439,Burkina Faso,Burkina Faso,BFA,Burkina Faso,1998,-4.0,0,4,5.0,2,3.0,,,1.0
439_BFA,439,Burkina Faso,Burkina Faso,BFA,Burkina Faso,1999,-4.0,0,4,5.0,2,3.0,,,1.0
439_BFA,439,Burkina Faso,Burkina Faso,BFA,Burkina Faso,2000,-3.0,0,3,5.0,3,3.0,,,1.0
439_BFA,439,Burkina Faso,Burkina Faso,BFA,Burkina Faso,2001,0.0,2,2,5.0,3,8.0,1.0,,1.0
439_BFA,439,Burkina Faso,Burkina Faso,BFA,Burkina Faso,2002,0.0,2,2,5.0,3,8.0,,,
439_BFA,439,Burkina Faso,Burkina Faso,BFA,Burkina Faso,2003,0.0,2,2,5.0,3,8.0,,,
439_BFA,439,Burkina Faso,Burkina Faso,BFA,Burkina Faso,2004,0.0,2,2,5.0,3,8.0,,,
439_BFA,439,Burkina Faso,Burkina Faso,BFA,Burkina Faso,2005,0.0,2,2,5.0,3,8.0,,,
439_BFA,439,Burkina Faso,Burkina Faso,BFA,Burkina Faso,2006,0.0,2,2,5.0,3,8.0,,,
439_BFA,439,Burkina Faso,Burkina Faso,BFA,Burkina Faso,2007,0.0,2,2,5.0,3,8.0,,,
439_BFA,439,Burkina Faso,Burkina Faso,BFA,Burkina Faso,2008,0.0,2,2,5.0,3,8.0,,,
439_BFA,439,Burkina Faso,Burkina Faso,BFA,Burkina Faso,2009,0.0,2,2,5.0,3,8.0,,,
439_BFA,439,Burkina Faso,Burkina Faso,BFA,Burkina Faso,2010,0.0,2,2,5.0,3,8.0,,,
439_BFA,439,Burkina Faso,Burkina Faso,BFA,Burkina Faso,2011,0.0,2,2,5.0,3,8.0,,,
439_BFA,439,Burkina Faso,Burkina Faso,BFA,Burkina Faso,2012,0.0,2,2,5.0,3,8.0,,,
439_BFA,439,Burkina Faso,Burkina Faso,BFA,Burkina Faso,2013,0.0,2,2,5.0,3,8.0,,,
439_BFA,439,Burkina Faso,Burkina Faso,BFA,Burkina Faso,2014,0.0,2,2,5.0,3,8.0,,,
439_BFA,439,Burkina Faso,Burkina Faso,BFA,Burkina Faso,2015,6.0,7,1,7.0,6,8.0,1.0,,3.0
439_BFA,439,Burkina Faso,Burkina Faso,BFA,Burkina Faso,2016,6.0,7,1,7.0,6,8.0,,,
439_BFA,439,Burkina Faso,Burkina Faso,BFA,Burkina Faso,2017,6.0,7,1,7.0,6,8.0,,,
439_BFA,439,Burkina Faso,Burkina Faso,BFA,Burkina Faso,2018,6.0,7,1,7.0,6,8.0,,,
450_LBR,450,Liberia,Liberia,LBR,Liberia,1971,-6.0,0,6,3.0,3,2.0,,,
450_LBR,450,Liberia,Liberia,LBR,Liberia,1972,-6.0,0,6,3.0,3,2.0,,,
450_LBR,450,Liberia,Liberia,LBR,Liberia,1973,-6.0,0,6,3.0,3,2.0,,,
450_LBR,450,Liberia,Liberia,LBR,Liberia,1974,-6.0,0,6,3.0,3,2.0,,,
450_LBR,450,Liberia,Liberia,LBR,Liberia,1975,-6.0,0,6,3.0,3,2.0,,,
450_LBR,450,Liberia,Liberia,LBR,Liberia,1976,-6.0,0,6,3.0,3,2.0,,,
450_LBR,450,Liberia,Liberia,LBR,Liberia,1977,-6.0,0,6,3.0,3,2.0,,,
450_LBR,450,Liberia,Liberia,LBR,Liberia,1978,-6.0,0,6,3.0,3,2.0,,,
450_LBR,450,Liberia,Liberia,LBR,Liberia,1979,-6.0,0,6,3.0,3,2.0,,,
450_LBR,450,Liberia,Liberia,LBR,Liberia,1980,-7.0,0,7,4.0,1,1.0,1.0,,0.0
450_LBR,450,Liberia,Liberia,LBR,Liberia,1981,-7.0,0,7,4.0,1,1.0,,,
450_LBR,450,Liberia,Liberia,LBR,Liberia,1982,-7.0,0,7,4.0,1,1.0,,,
450_LBR,450,Liberia,Liberia,LBR,Liberia,1983,-7.0,0,7,4.0,1,1.0,,,
450_LBR,450,Liberia,Liberia,LBR,Liberia,1984,-6.0,0,6,4.0,1,2.0,1.0,,0.0
450_LBR,450,Liberia,Liberia,LBR,Liberia,1985,-6.0,0,6,4.0,1,2.0,,,
450_LBR,450,Liberia,Liberia,LBR,Liberia,1986,-6.0,0,6,5.0,1,2.0,,,
450_LBR,450,Liberia,Liberia,LBR,Liberia,1987,-6.0,0,6,5.0,1,2.0,,,
450_LBR,450,Liberia,Liberia,LBR,Liberia,1988,-6.0,0,6,5.0,1,2.0,,,
450_LBR,450,Liberia,Liberia,LBR,Liberia,1989,-6.0,0,6,5.0,1,2.0,,,
450_LBR,450,Liberia,Liberia,LBR,Liberia,1990,0.0,-77,-77,-77.0,-77,-77.0,,1.0,-77.0
450_LBR,450,Liberia,Liberia,LBR,Liberia,1991,0.0,-77,-77,-77.0,-77,-77.0,,1.0,-77.0
450_LBR,450,Liberia,Liberia,LBR,Liberia,1992,0.0,-77,-77,-77.0,-77,-77.0,,1.0,-77.0
450_LBR,450,Liberia,Liberia,LBR,Liberia,1993,0.0,-77,-77,-77.0,-77,-77.0,,1.0,-77.0
450_LBR,450,Liberia,Liberia,LBR,Liberia,1994,0.0,-77,-77,-77.0,-77,-77.0,,1.0,-77.0
450_LBR,450,Liberia,Liberia,LBR,Liberia,1995,0.0,-77,-77,-77.0,-77,-77.0,,1.0,-77.0
450_LBR,450,Liberia,Liberia,LBR,Liberia,1996,0.0,-88,-88,-88.0,-88,-88.0,,1.0,-77.0
450_LBR,450,Liberia,Liberia,LBR,Liberia,1997,0.0,3,3,7.0,2,6.0,1.0,,1.0
450_LBR,450,Liberia,Liberia,LBR,Liberia,1998,0.0,3,3,7.0,2,6.0,,,
450_LBR,450,Liberia,Liberia,LBR,Liberia,1999,0.0,3,3,7.0,2,6.0,,,
450_LBR,450,Liberia,Liberia,LBR,Liberia,2000,0.0,3,3,7.0,2,6.0,,,
450_LBR,450,Liberia,Liberia,LBR,Liberia,2001,0.0,3,3,7.0,2,6.0,,,
450_LBR,450,Liberia,Liberia,LBR,Liberia,2002,0.0,3,3,7.0,2,6.0,,,
450_LBR,450,Liberia,Liberia,LBR,Liberia,2003,1.0,-88,-88,-88.0,-88,-88.0,,,3.0
450_LBR,450,Liberia,Liberia,LBR,Liberia,2004,3.0,-88,-88,-88.0,-88,-88.0,,,3.0
450_LBR,450,Liberia,Liberia,LBR,Liberia,2005,5.0,-88,-88,-88.0,-88,-88.0,,,3.0
450_LBR,450,Liberia,Liberia,LBR,Liberia,2006,6.0,7,1,7.0,6,8.0,1.0,,3.0
450_LBR,450,Liberia,Liberia,LBR,Liberia,2007,6.0,7,1,7.0,6,8.0,,,
450_LBR,450,Liberia,Liberia,LBR,Liberia,2008,6.0,7,1,7.0,6,8.0,,,
450_LBR,450,Liberia,Liberia,LBR,Liberia,2009,6.0,7,1,7.0,6,8.0,,,
450_LBR,450,Liberia,Liberia,LBR,Liberia,2010,6.0,7,1,7.0,6,8.0,,,
450_LBR,450,Liberia,Liberia,LBR,Liberia,2011,6.0,7,1,7.0,6,8.0,,,
450_LBR,450,Liberia,Liberia,LBR,Liberia,2012,6.0,7,1,7.0,6,8.0,,,
450_LBR,450,Liberia,Liberia,LBR,Liberia,2013,6.0,7,1,7.0,6,8.0,,,
450_LBR,450,Liberia,Liberia,LBR,Liberia,2014,6.0,7,1,7.0,6,8.0,,,
450_LBR,450,Liberia,Liberia,LBR,Liberia,2015,6.0,7,1,7.0,6,8.0,,,
450_LBR,450,Liberia,Liberia,LBR,Liberia,2016,6.0,7,1,7.0,6,8.0,,,
450_LBR,450,Liberia,Liberia,LBR,Liberia,2017,6.0,7,1,7.0,6,8.0,,,
450_LBR,450,Liberia,Liberia,LBR,Liberia,2018,7.0,8,1,8.0,6,8.0,1.0,,0.0
451_SLE,451,Sierra Leone,Sierra Leone,SLE,Sierra Leone,1971,-6.0,0,6,3.0,3,2.0,1.0,,-2.0
451_SLE,451,Sierra Leone,Sierra Leone,SLE,Sierra Leone,1972,-6.0,0,6,3.0,3,2.0,,,
451_SLE,451,Sierra Leone,Sierra Leone,SLE,Sierra Leone,1973,-6.0,0,6,3.0,3,2.0,,,
451_SLE,451,Sierra Leone,Sierra Leone,SLE,Sierra Leone,1974,-6.0,0,6,3.0,3,2.0,,,
451_SLE,451,Sierra Leone,Sierra Leone,SLE,Sierra Leone,1975,-6.0,0,6,3.0,3,2.0,,,
451_SLE,451,Sierra Leone,Sierra Leone,SLE,Sierra Leone,1976,-6.0,0,6,3.0,3,2.0,,,
451_SLE,451,Sierra Leone,Sierra Leone,SLE,Sierra Leone,1977,-6.0,0,6,3.0,3,2.0,,,
451_SLE,451,Sierra Leone,Sierra Leone,SLE,Sierra Leone,1978,-7.0,0,7,3.0,3,1.0,1.0,,0.0
451_SLE,451,Sierra Leone,Sierra Leone,SLE,Sierra Leone,1979,-7.0,0,7,3.0,3,1.0,,,
451_SLE,451,Sierra Leone,Sierra Leone,SLE,Sierra Leone,1980,-7.0,0,7,3.0,3,1.0,,,
451_SLE,451,Sierra Leone,Sierra Leone,SLE,Sierra Leone,1981,-7.0,0,7,3.0,3,1.0,,,
451_SLE,451,Sierra Leone,Sierra Leone,SLE,Sierra Leone,1982,-7.0,0,7,3.0,3,1.0,,,
451_SLE,451,Sierra Leone,Sierra Leone,SLE,Sierra Leone,1983,-7.0,0,7,3.0,3,1.0,,,
451_SLE,451,Sierra Leone,Sierra Leone,SLE,Sierra Leone,1984,-7.0,0,7,3.0,3,1.0,,,
451_SLE,451,Sierra Leone,Sierra Leone,SLE,Sierra Leone,1985,-7.0,0,7,3.0,3,1.0,,,
451_SLE,451,Sierra Leone,Sierra Leone,SLE,Sierra Leone,1986,-7.0,0,7,3.0,3,1.0,,,
451_SLE,451,Sierra Leone,Sierra Leone,SLE,Sierra Leone,1987,-7.0,0,7,3.0,3,1.0,,,
451_SLE,451,Sierra Leone,Sierra Leone,SLE,Sierra Leone,1988,-7.0,0,7,3.0,3,1.0,,,
451_SLE,451,Sierra Leone,Sierra Leone,SLE,Sierra Leone,1989,-7.0,0,7,3.0,3,1.0,,,
451_SLE,451,Sierra Leone,Sierra Leone,SLE,Sierra Leone,1990,-7.0,0,7,3.0,3,1.0,,,
451_SLE,451,Sierra Leone,Sierra Leone,SLE,Sierra Leone,1991,-6.0,0,6,3.0,3,2.0,1.0,,0.0
451_SLE,451,Sierra Leone,Sierra Leone,SLE,Sierra Leone,1992,-7.0,0,7,4.0,1,1.0,1.0,,0.0
451_SLE,451,Sierra Leone,Sierra Leone,SLE,Sierra Leone,1993,-7.0,0,7,4.0,1,1.0,,,
451_SLE,451,Sierra Leone,Sierra Leone,SLE,Sierra Leone,1994,-7.0,0,7,4.0,1,1.0,,,
451_SLE,451,Sierra Leone,Sierra Leone,SLE,Sierra Leone,1995,-7.0,0,7,4.0,1,1.0,,,
451_SLE,451,Sierra Leone,Sierra Leone,SLE,Sierra Leone,1996,4.0,5,1,7.0,5,6.0,1.0,,3.0
451_SLE,451,Sierra Leone,Sierra Leone,SLE,Sierra Leone,1997,0.0,-77,-77,-77.0,-77,-77.0,,1.0,-77.0
451_SLE,451,Sierra Leone,Sierra Leone,SLE,Sierra Leone,1998,0.0,-77,-77,-77.0,-77,-77.0,,1.0,-77.0
451_SLE,451,Sierra Leone,Sierra Leone,SLE,Sierra Leone,1999,0.0,-77,-77,-77.0,-77,-77.0,,1.0,-77.0
451_SLE,451,Sierra Leone,Sierra Leone,SLE,Sierra Leone,2000,0.0,-77,-77,-77.0,-77,-77.0,,1.0,-77.0
451_SLE,451,Sierra Leone,Sierra Leone,SLE,Sierra Leone,2001,2.0,-88,-88,-88.0,-88,-88.0,,1.0,-77.0
451_SLE,451,Sierra Leone,Sierra Leone,SLE,Sierra Leone,2002,5.0,5,0,7.0,5,7.0,1.0,,0.0
451_SLE,451,Sierra Leone,Sierra Leone,SLE,Sierra Leone,2003,5.0,5,0,7.0,5,7.0,,,
451_SLE,451,Sierra Leone,Sierra Leone,SLE,Sierra Leone,2004,5.0,5,0,7.0,5,7.0,,,
451_SLE,451,Sierra Leone,Sierra Leone,SLE,Sierra Leone,2005,5.0,5,0,7.0,5,7.0,,,
451_SLE,451,Sierra Leone,Sierra Leone,SLE,Sierra Leone,2006,5.0,5,0,7.0,5,7.0,,,
451_SLE,451,Sierra Leone,Sierra Leone,SLE,Sierra Leone,2007,7.0,8,1,8.0,6,8.0,1.0,,0.0
451_SLE,451,Sierra Leone,Sierra Leone,SLE,Sierra Leone,2008,7.0,8,1,8.0,6,8.0,,,
451_SLE,451,Sierra Leone,Sierra Leone,SLE,Sierra Leone,2009,7.0,8,1,8.0,6,8.0,,,
451_SLE,451,Sierra Leone,Sierra Leone,SLE,Sierra Leone,2010,7.0,8,1,8.0,6,8.0,,,
451_SLE,451,Sierra Leone,Sierra Leone,SLE,Sierra Leone,2011,7.0,8,1,8.0,6,8.0,,,
451_SLE,451,Sierra Leone,Sierra Leone,SLE,Sierra Leone,2012,7.0,8,1,8.0,6,8.0,,,
451_SLE,451,Sierra Leone,Sierra Leone,SLE,Sierra Leone,2013,7.0,8,1,8.0,6,8.0,,,
451_SLE,451,Sierra Leone,Sierra Leone,SLE,Sierra Leone,2014,7.0,8,1,8.0,6,8.0,,,
451_SLE,451,Sierra Leone,Sierra Leone,SLE,Sierra Leone,2015,7.0,8,1,8.0,6,8.0,,,
451_SLE,451,Sierra Leone,Sierra Leone,SLE,Sierra Leone,2016,7.0,8,1,8.0,6,8.0,,,
451_SLE,451,Sierra Leone,Sierra Leone,SLE,Sierra Leone,2017,7.0,8,1,8.0,6,8.0,,,
451_SLE,451,Sierra Leone,Sierra Leone,SLE,Sierra Leone,2018,7.0,8,1,8.0,6,8.0,,,
452_GHA,452,Ghana,Ghana,GHA,Ghana,1971,4.0,4,0,7.0,5,5.0,,,
452_GHA,452,Ghana,Ghana,GHA,Ghana,1972,-7.0,0,7,4.0,1,1.0,1.0,,-2.0
452_GHA,452,Ghana,Ghana,GHA,Ghana,1973,-7.0,0,7,4.0,1,1.0,,,
452_GHA,452,Ghana,Ghana,GHA,Ghana,1974,-7.0,0,7,4.0,1,1.0,,,
452_GHA,452,Ghana,Ghana,GHA,Ghana,1975,-7.0,0,7,4.0,1,1.0,,,
452_GHA,452,Ghana,Ghana,GHA,Ghana,1976,-7.0,0,7,4.0,1,1.0,,,
452_GHA,452,Ghana,Ghana,GHA,Ghana,1977,-7.0,0,7,4.0,1,1.0,,,
452_GHA,452,Ghana,Ghana,GHA,Ghana,1978,-5.0,0,5,5.0,1,3.0,,,3.0
452_GHA,452,Ghana,Ghana,GHA,Ghana,1979,5.0,5,0,7.0,5,7.0,1.0,,3.0
452_GHA,452,Ghana,Ghana,GHA,Ghana,1980,5.0,5,0,7.0,5,7.0,,,
452_GHA,452,Ghana,Ghana,GHA,Ghana,1981,5.0,5,0,7.0,5,7.0,,,
452_GHA,452,Ghana,Ghana,GHA,Ghana,1982,-7.0,0,7,4.0,1,1.0,1.0,,-2.0
452_GHA,452,Ghana,Ghana,GHA,Ghana,1983,-7.0,0,7,4.0,1,1.0,,,
452_GHA,452,Ghana,Ghana,GHA,Ghana,1984,-7.0,0,7,4.0,1,1.0,,,
452_GHA,452,Ghana,Ghana,GHA,Ghana,1985,-7.0,0,7,4.0,1,1.0,,,
452_GHA,452,Ghana,Ghana,GHA,Ghana,1986,-7.0,0,7,4.0,1,1.0,,,
452_GHA,452,Ghana,Ghana,GHA,Ghana,1987,-7.0,0,7,4.0,1,1.0,,,
452_GHA,452,Ghana,Ghana,GHA,Ghana,1988,-7.0,0,7,4.0,1,1.0,,,
452_GHA,452,Ghana,Ghana,GHA,Ghana,1989,-7.0,0,7,4.0,1,1.0,,,
452_GHA,452,Ghana,Ghana,GHA,Ghana,1990,-7.0,0,7,4.0,1,1.0,,,
452_GHA,452,Ghana,Ghana,GHA,Ghana,1991,-4.0,0,4,5.0,2,3.0,,,1.0
452_GHA,452,Ghana,Ghana,GHA,Ghana,1992,-1.0,1,2,5.0,3,6.0,1.0,,1.0
452_GHA,452,Ghana,Ghana,GHA,Ghana,1993,-1.0,1,2,5.0,3,6.0,,,
452_GHA,452,Ghana,Ghana,GHA,Ghana,1994,-1.0,1,2,5.0,3,6.0,,,
452_GHA,452,Ghana,Ghana,GHA,Ghana,1995,-1.0,1,2,5.0,3,6.0,,,
452_GHA,452,Ghana,Ghana,GHA,Ghana,1996,2.0,3,1,5.0,4,8.0,1.0,,2.0
452_GHA,452,Ghana,Ghana,GHA,Ghana,1997,2.0,3,1,5.0,4,8.0,,,
452_GHA,452,Ghana,Ghana,GHA,Ghana,1998,2.0,3,1,5.0,4,8.0,,,
452_GHA,452,Ghana,Ghana,GHA,Ghana,1999,2.0,3,1,5.0,4,8.0,,,
452_GHA,452,Ghana,Ghana,GHA,Ghana,2000,2.0,3,1,5.0,4,8.0,,,
452_GHA,452,Ghana,Ghana,GHA,Ghana,2001,6.0,7,1,7.0,6,8.0,1.0,,1.0
452_GHA,452,Ghana,Ghana,GHA,Ghana,2002,6.0,7,1,7.0,6,8.0,,,
452_GHA,452,Ghana,Ghana,GHA,Ghana,2003,6.0,7,1,7.0,6,8.0,,,
452_GHA,452,Ghana,Ghana,GHA,Ghana,2004,8.0,8,0,8.0,6,9.0,1.0,,0.0
452_GHA,452,Ghana,Ghana,GHA,Ghana,2005,8.0,8,0,8.0,6,9.0,,,
452_GHA,452,Ghana,Ghana,GHA,Ghana,2006,8.0,8,0,8.0,6,9.0,,,
452_GHA,452,Ghana,Ghana,GHA,Ghana,2007,8.0,8,0,8.0,6,9.0,,,
452_GHA,452,Ghana,Ghana,GHA,Ghana,2008,8.0,8,0,8.0,6,9.0,,,
452_GHA,452,Ghana,Ghana,GHA,Ghana,2009,8.0,8,0,8.0,6,9.0,,,
452_GHA,452,Ghana,Ghana,GHA,Ghana,2010,8.0,8,0,8.0,6,9.0,,,
452_GHA,452,Ghana,Ghana,GHA,Ghana,2011,8.0,8,0,8.0,6,9.0,,,
452_GHA,452,Ghana,Ghana,GHA,Ghana,2012,8.0,8,0,8.0,6,9.0,,,
452_GHA,452,Ghana,Ghana,GHA,Ghana,2013,8.0,8,0,8.0,6,9.0,,,
452_GHA,452,Ghana,Ghana,GHA,Ghana,2014,8.0,8,0,8.0,6,9.0,,,
452_GHA,452,Ghana,Ghana,GHA,Ghana,2015,8.0,8,0,8.0,6,9.0,,,
452_GHA,452,Ghana,Ghana,GHA,Ghana,2016,8.0,8,0,8.0,6,9.0,,,
452_GHA,452,Ghana,Ghana,GHA,Ghana,2017,8.0,8,0,8.0,6,9.0,,,
452_GHA,452,Ghana,Ghana,GHA,Ghana,2018,8.0,8,0,8.0,6,9.0,,,
461_TGO,461,Togo,Togo,TGO,Togo,1971,-7.0,0,7,4.0,1,1.0,,,
461_TGO,461,Togo,Togo,TGO,Togo,1972,-7.0,0,7,4.0,1,1.0,,,
461_TGO,461,Togo,Togo,TGO,Togo,1973,-7.0,0,7,4.0,1,1.0,,,
461_TGO,461,Togo,Togo,TGO,Togo,1974,-7.0,0,7,4.0,1,1.0,,,
461_TGO,461,Togo,Togo,TGO,Togo,1975,-7.0,0,7,4.0,1,1.0,,,
461_TGO,461,Togo,Togo,TGO,Togo,1976,-7.0,0,7,4.0,1,1.0,,,
461_TGO,461,Togo,Togo,TGO,Togo,1977,-7.0,0,7,4.0,1,1.0,,,
461_TGO,461,Togo,Togo,TGO,Togo,1978,-7.0,0,7,4.0,1,1.0,,,
461_TGO,461,Togo,Togo,TGO,Togo,1979,-7.0,0,7,4.0,1,1.0,,,
461_TGO,461,Togo,Togo,TGO,Togo,1980,-7.0,0,7,4.0,1,1.0,,,
461_TGO,461,Togo,Togo,TGO,Togo,1981,-7.0,0,7,4.0,1,1.0,,,
461_TGO,461,Togo,Togo,TGO,Togo,1982,-7.0,0,7,4.0,1,1.0,,,
461_TGO,461,Togo,Togo,TGO,Togo,1983,-7.0,0,7,4.0,1,1.0,,,
461_TGO,461,Togo,Togo,TGO,Togo,1984,-7.0,0,7,4.0,1,1.0,,,
461_TGO,461,Togo,Togo,TGO,Togo,1985,-7.0,0,7,4.0,1,1.0,,,
461_TGO,461,Togo,Togo,TGO,Togo,1986,-7.0,0,7,4.0,1,1.0,,,
461_TGO,461,Togo,Togo,TGO,Togo,1987,-7.0,0,7,4.0,1,1.0,,,
461_TGO,461,Togo,Togo,TGO,Togo,1988,-7.0,0,7,4.0,1,1.0,,,
461_TGO,461,Togo,Togo,TGO,Togo,1989,-7.0,0,7,4.0,1,1.0,,,
461_TGO,461,Togo,Togo,TGO,Togo,1990,-7.0,0,7,4.0,1,1.0,,,
461_TGO,461,Togo,Togo,TGO,Togo,1991,-5.0,0,5,5.0,2,2.0,,,1.0
461_TGO,461,Togo,Togo,TGO,Togo,1992,-5.0,0,5,5.0,2,2.0,,,1.0
461_TGO,461,Togo,Togo,TGO,Togo,1993,-2.0,1,3,5.0,2,6.0,1.0,,1.0
461_TGO,461,Togo,Togo,TGO,Togo,1994,-2.0,1,3,5.0,2,6.0,,,
461_TGO,461,Togo,Togo,TGO,Togo,1995,-2.0,1,3,5.0,2,6.0,,,
461_TGO,461,Togo,Togo,TGO,Togo,1996,-2.0,1,3,5.0,2,6.0,,,
461_TGO,461,Togo,Togo,TGO,Togo,1997,-2.0,1,3,5.0,2,6.0,,,
461_TGO,461,Togo,Togo,TGO,Togo,1998,-2.0,1,3,5.0,2,6.0,,,
461_TGO,461,Togo,Togo,TGO,Togo,1999,-2.0,1,3,5.0,2,6.0,,,
461_TGO,461,Togo,Togo,TGO,Togo,2000,-2.0,1,3,5.0,2,6.0,,,
461_TGO,461,Togo,Togo,TGO,Togo,2001,-2.0,1,3,5.0,2,6.0,,,
461_TGO,461,Togo,Togo,TGO,Togo,2002,-2.0,1,3,5.0,2,6.0,,,
461_TGO,461,Togo,Togo,TGO,Togo,2003,-2.0,1,3,5.0,2,6.0,,,
461_TGO,461,Togo,Togo,TGO,Togo,2004,-2.0,1,3,5.0,2,6.0,,,
461_TGO,461,Togo,Togo,TGO,Togo,2005,-4.0,1,5,3.0,2,6.0,1.0,,0.0
461_TGO,461,Togo,Togo,TGO,Togo,2006,-4.0,1,5,3.0,2,6.0,,,
461_TGO,461,Togo,Togo,TGO,Togo,2007,-4.0,1,5,3.0,2,6.0,,,
461_TGO,461,Togo,Togo,TGO,Togo,2008,-4.0,1,5,3.0,2,6.0,,,
461_TGO,461,Togo,Togo,TGO,Togo,2009,-4.0,1,5,3.0,2,6.0,,,
461_TGO,461,Togo,Togo,TGO,Togo,2010,-2.0,1,3,3.0,3,7.0,1.0,,0.0
461_TGO,461,Togo,Togo,TGO,Togo,2011,-2.0,1,3,3.0,3,7.0,,,
461_TGO,461,Togo,Togo,TGO,Togo,2012,-2.0,1,3,3.0,3,7.0,,,
461_TGO,461,Togo,Togo,TGO,Togo,2013,-2.0,1,3,3.0,3,7.0,,,
461_TGO,461,Togo,Togo,TGO,Togo,2014,-2.0,1,3,3.0,3,7.0,,,
461_TGO,461,Togo,Togo,TGO,Togo,2015,-2.0,1,3,3.0,3,7.0,,,
461_TGO,461,Togo,Togo,TGO,Togo,2016,-2.0,1,3,3.0,3,7.0,,,
461_TGO,461,Togo,Togo,TGO,Togo,2017,-2.0,1,3,3.0,3,7.0,,,
461_TGO,461,Togo,Togo,TGO,Togo,2018,-2.0,1,3,3.0,3,7.0,,,
471_CMR,471,Cameroon,Cameroon,CMR,Cameroon,1971,-7.0,0,7,3.0,3,1.0,,,
471_CMR,471,Cameroon,Cameroon,CMR,Cameroon,1972,-8.0,0,8,3.0,2,1.0,1.0,,0.0
471_CMR,471,Cameroon,Cameroon,CMR,Cameroon,1973,-8.0,0,8,3.0,2,1.0,,,
471_CMR,471,Cameroon,Cameroon,CMR,Cameroon,1974,-8.0,0,8,3.0,2,1.0,,,
471_CMR,471,Cameroon,Cameroon,CMR,Cameroon,1975,-8.0,0,8,3.0,2,1.0,,,
471_CMR,471,Cameroon,Cameroon,CMR,Cameroon,1976,-8.0,0,8,3.0,2,1.0,,,
471_CMR,471,Cameroon,Cameroon,CMR,Cameroon,1977,-8.0,0,8,3.0,2,1.0,,,
471_CMR,471,Cameroon,Cameroon,CMR,Cameroon,1978,-8.0,0,8,3.0,2,1.0,,,
471_CMR,471,Cameroon,Cameroon,CMR,Cameroon,1979,-8.0,0,8,3.0,2,1.0,,,
471_CMR,471,Cameroon,Cameroon,CMR,Cameroon,1980,-8.0,0,8,3.0,2,1.0,,,
471_CMR,471,Cameroon,Cameroon,CMR,Cameroon,1981,-8.0,0,8,3.0,2,1.0,,,
471_CMR,471,Cameroon,Cameroon,CMR,Cameroon,1982,-7.0,0,7,3.0,3,1.0,1.0,,0.0
471_CMR,471,Cameroon,Cameroon,CMR,Cameroon,1983,-7.0,0,7,3.0,3,1.0,,,
471_CMR,471,Cameroon,Cameroon,CMR,Cameroon,1984,-9.0,0,9,3.0,1,1.0,1.0,,0.0
471_CMR,471,Cameroon,Cameroon,CMR,Cameroon,1985,-9.0,0,9,3.0,1,1.0,,,
471_CMR,471,Cameroon,Cameroon,CMR,Cameroon,1986,-9.0,0,9,3.0,1,1.0,,,
471_CMR,471,Cameroon,Cameroon,CMR,Cameroon,1987,-9.0,0,9,3.0,1,1.0,,,
471_CMR,471,Cameroon,Cameroon,CMR,Cameroon,1988,-6.0,0,6,3.0,2,3.0,,,1.0
471_CMR,471,Cameroon,Cameroon,CMR,Cameroon,1989,-6.0,0,6,3.0,2,3.0,,,1.0
471_CMR,471,Cameroon,Cameroon,CMR,Cameroon,1990,-3.0,1,4,3.0,2,7.0,1.0,,1.0
471_CMR,471,Cameroon,Cameroon,CMR,Cameroon,1991,-3.0,1,4,3.0,2,7.0,,,
471_CMR,471,Cameroon,Cameroon,CMR,Cameroon,1992,-5.0,0,5,4.0,2,2.0,1.0,,0.0
471_CMR,471,Cameroon,Cameroon,CMR,Cameroon,1993,-5.0,0,5,4.0,2,2.0,,,
471_CMR,471,Cameroon,Cameroon,CMR,Cameroon,1994,-5.0,0,5,4.0,2,2.0,,,
471_CMR,471,Cameroon,Cameroon,CMR,Cameroon,1995,-5.0,0,5,4.0,2,2.0,,,
471_CMR,471,Cameroon,Cameroon,CMR,Cameroon,1996,-5.0,0,5,4.0,2,2.0,,,
471_CMR,471,Cameroon,Cameroon,CMR,Cameroon,1997,-5.0,0,5,4.0,2,2.0,,,
471_CMR,471,Cameroon,Cameroon,CMR,Cameroon,1998,-5.0,0,5,4.0,2,2.0,,,
471_CMR,471,Cameroon,Cameroon,CMR,Cameroon,1999,-5.0,0,5,4.0,2,2.0,,,
471_CMR,471,Cameroon,Cameroon,CMR,Cameroon,2000,-5.0,0,5,4.0,2,2.0,,,
471_CMR,471,Cameroon,Cameroon,CMR,Cameroon,2001,-5.0,0,5,4.0,2,2.0,,,
471_CMR,471,Cameroon,Cameroon,CMR,Cameroon,2002,-5.0,0,5,4.0,2,2.0,,,
471_CMR,471,Cameroon,Cameroon,CMR,Cameroon,2003,-5.0,0,5,4.0,2,2.0,,,
471_CMR,471,Cameroon,Cameroon,CMR,Cameroon,2004,-5.0,0,5,4.0,2,2.0,,,
471_CMR,471,Cameroon,Cameroon,CMR,Cameroon,2005,-5.0,0,5,4.0,2,2.0,,,
471_CMR,471,Cameroon,Cameroon,CMR,Cameroon,2006,-5.0,0,5,4.0,2,2.0,,,
471_CMR,471,Cameroon,Cameroon,CMR,Cameroon,2007,-5.0,0,5,4.0,2,2.0,,,
471_CMR,471,Cameroon,Cameroon,CMR,Cameroon,2008,-5.0,0,5,4.0,2,2.0,,,
471_CMR,471,Cameroon,Cameroon,CMR,Cameroon,2009,-5.0,0,5,4.0,2,2.0,,,
471_CMR,471,Cameroon,Cameroon,CMR,Cameroon,2010,-5.0,0,5,4.0,2,2.0,,,
471_CMR,471,Cameroon,Cameroon,CMR,Cameroon,2011,-5.0,0,5,4.0,2,2.0,,,
471_CMR,471,Cameroon,Cameroon,CMR,Cameroon,2012,-5.0,0,5,4.0,2,2.0,,,
471_CMR,471,Cameroon,Cameroon,CMR,Cameroon,2013,-5.0,0,5,4.0,2,2.0,,,
471_CMR,471,Cameroon,Cameroon,CMR,Cameroon,2014,-5.0,0,5,4.0,2,2.0,,,
471_CMR,471,Cameroon,Cameroon,CMR,Cameroon,2015,-5.0,0,5,4.0,2,2.0,,,
471_CMR,471,Cameroon,Cameroon,CMR,Cameroon,2016,-5.0,0,5,4.0,2,2.0,,,
471_CMR,471,Cameroon,Cameroon,CMR,Cameroon,2017,-5.0,0,5,4.0,2,2.0,,,
471_CMR,471,Cameroon,Cameroon,CMR,Cameroon,2018,-5.0,0,5,4.0,2,2.0,,,
475_NGA,475,Nigeria,Nigeria,NGA,Nigeria,1971,-7.0,0,7,4.0,1,1.0,,,
475_NGA,475,Nigeria,Nigeria,NGA,Nigeria,1972,-7.0,0,7,4.0,1,1.0,,,
475_NGA,475,Nigeria,Nigeria,NGA,Nigeria,1973,-7.0,0,7,4.0,1,1.0,,,
475_NGA,475,Nigeria,Nigeria,NGA,Nigeria,1974,-7.0,0,7,4.0,1,1.0,,,
475_NGA,475,Nigeria,Nigeria,NGA,Nigeria,1975,-7.0,0,7,4.0,1,1.0,,,
475_NGA,475,Nigeria,Nigeria,NGA,Nigeria,1976,-7.0,0,7,4.0,1,1.0,,,
475_NGA,475,Nigeria,Nigeria,NGA,Nigeria,1977,-7.0,0,7,4.0,1,1.0,,,
475_NGA,475,Nigeria,Nigeria,NGA,Nigeria,1978,0.0,-88,-88,-88.0,-88,-88.0,,,3.0
475_NGA,475,Nigeria,Nigeria,NGA,Nigeria,1979,7.0,8,1,8.0,7,6.0,1.0,,3.0
475_NGA,475,Nigeria,Nigeria,NGA,Nigeria,1980,7.0,8,1,8.0,7,6.0,,,
475_NGA,475,Nigeria,Nigeria,NGA,Nigeria,1981,7.0,8,1,8.0,7,6.0,,,
475_NGA,475,Nigeria,Nigeria,NGA,Nigeria,1982,7.0,8,1,8.0,7,6.0,,,
475_NGA,475,Nigeria,Nigeria,NGA,Nigeria,1983,7.0,8,1,8.0,7,6.0,,,
475_NGA,475,Nigeria,Nigeria,NGA,Nigeria,1984,-7.0,0,7,4.0,1,1.0,1.0,,-2.0
475_NGA,475,Nigeria,Nigeria,NGA,Nigeria,1985,-7.0,0,7,4.0,1,1.0,,,
475_NGA,475,Nigeria,Nigeria,NGA,Nigeria,1986,-7.0,0,7,4.0,1,1.0,,,
475_NGA,475,Nigeria,Nigeria,NGA,Nigeria,1987,-7.0,0,7,4.0,1,1.0,,,
475_NGA,475,Nigeria,Nigeria,NGA,Nigeria,1988,-7.0,0,7,4.0,1,1.0,,,
475_NGA,475,Nigeria,Nigeria,NGA,Nigeria,1989,-5.0,0,5,4.0,1,3.0,1.0,,0.0
475_NGA,475,Nigeria,Nigeria,NGA,Nigeria,1990,-5.0,0,5,4.0,1,3.0,,,
475_NGA,475,Nigeria,Nigeria,NGA,Nigeria,1991,-5.0,0,5,4.0,1,3.0,,,
475_NGA,475,Nigeria,Nigeria,NGA,Nigeria,1992,-5.0,0,5,4.0,1,3.0,,,
475_NGA,475,Nigeria,Nigeria,NGA,Nigeria,1993,-7.0,0,7,4.0,1,1.0,1.0,,0.0
475_NGA,475,Nigeria,Nigeria,NGA,Nigeria,1994,-7.0,0,7,4.0,1,1.0,,,
475_NGA,475,Nigeria,Nigeria,NGA,Nigeria,1995,-6.0,0,6,4.0,1,2.0,1.0,,0.0
475_NGA,475,Nigeria,Nigeria,NGA,Nigeria,1996,-6.0,0,6,4.0,1,2.0,,,
475_NGA,475,Nigeria,Nigeria,NGA,Nigeria,1997,-6.0,0,6,4.0,1,2.0,,,
475_NGA,475,Nigeria,Nigeria,NGA,Nigeria,1998,-1.0,-88,-88,-88.0,-88,-88.0,,,3.0
475_NGA,475,Nigeria,Nigeria,NGA,Nigeria,1999,4.0,4,0,7.0,5,5.0,1.0,,3.0
475_NGA,475,Nigeria,Nigeria,NGA,Nigeria,2000,4.0,4,0,7.0,5,5.0,,,
475_NGA,475,Nigeria,Nigeria,NGA,Nigeria,2001,4.0,4,0,7.0,5,5.0,,,
475_NGA,475,Nigeria,Nigeria,NGA,Nigeria,2002,4.0,4,0,7.0,5,5.0,,,
475_NGA,475,Nigeria,Nigeria,NGA,Nigeria,2003,4.0,4,0,7.0,5,5.0,,,
475_NGA,475,Nigeria,Nigeria,NGA,Nigeria,2004,4.0,4,0,7.0,5,5.0,,,
475_NGA,475,Nigeria,Nigeria,NGA,Nigeria,2005,4.0,4,0,7.0,5,5.0,,,
475_NGA,475,Nigeria,Nigeria,NGA,Nigeria,2006,4.0,4,0,7.0,5,5.0,,,
475_NGA,475,Nigeria,Nigeria,NGA,Nigeria,2007,4.0,4,0,7.0,5,5.0,,,
475_NGA,475,Nigeria,Nigeria,NGA,Nigeria,2008,4.0,4,0,7.0,5,5.0,,,
475_NGA,475,Nigeria,Nigeria,NGA,Nigeria,2009,4.0,4,0,7.0,5,5.0,,,
475_NGA,475,Nigeria,Nigeria,NGA,Nigeria,2010,4.0,4,0,7.0,5,5.0,,,
475_NGA,475,Nigeria,Nigeria,NGA,Nigeria,2011,4.0,4,0,7.0,5,5.0,,,
475_NGA,475,Nigeria,Nigeria,NGA,Nigeria,2012,4.0,4,0,7.0,5,5.0,,,
475_NGA,475,Nigeria,Nigeria,NGA,Nigeria,2013,4.0,4,0,7.0,5,5.0,,,
475_NGA,475,Nigeria,Nigeria,NGA,Nigeria,2014,4.0,4,0,7.0,5,5.0,,,
475_NGA,475,Nigeria,Nigeria,NGA,Nigeria,2015,7.0,8,1,8.0,6,8.0,1.0,,2.0
475_NGA,475,Nigeria,Nigeria,NGA,Nigeria,2016,7.0,8,1,8.0,6,8.0,,,
475_NGA,475,Nigeria,Nigeria,NGA,Nigeria,2017,7.0,8,1,8.0,6,8.0,,,
475_NGA,475,Nigeria,Nigeria,NGA,Nigeria,2018,7.0,8,1,8.0,6,8.0,,,
481_GAB,481,Gabon,Gabon,GAB,Gabon,1971,-9.0,0,9,3.0,1,1.0,,,
481_GAB,481,Gabon,Gabon,GAB,Gabon,1972,-9.0,0,9,3.0,1,1.0,,,
481_GAB,481,Gabon,Gabon,GAB,Gabon,1973,-9.0,0,9,3.0,1,1.0,,,
481_GAB,481,Gabon,Gabon,GAB,Gabon,1974,-9.0,0,9,3.0,1,1.0,,,
481_GAB,481,Gabon,Gabon,GAB,Gabon,1975,-9.0,0,9,3.0,1,1.0,,,
481_GAB,481,Gabon,Gabon,GAB,Gabon,1976,-9.0,0,9,3.0,1,1.0,,,
481_GAB,481,Gabon,Gabon,GAB,Gabon,1977,-9.0,0,9,3.0,1,1.0,,,
481_GAB,481,Gabon,Gabon,GAB,Gabon,1978,-9.0,0,9,3.0,1,1.0,,,
481_GAB,481,Gabon,Gabon,GAB,Gabon,1979,-9.0,0,9,3.0,1,1.0,,,
481_GAB,481,Gabon,Gabon,GAB,Gabon,1980,-9.0,0,9,3.0,1,1.0,,,
481_GAB,481,Gabon,Gabon,GAB,Gabon,1981,-9.0,0,9,3.0,1,1.0,,,
481_GAB,481,Gabon,Gabon,GAB,Gabon,1982,-9.0,0,9,3.0,1,1.0,,,
481_GAB,481,Gabon,Gabon,GAB,Gabon,1983,-9.0,0,9,3.0,1,1.0,,,
481_GAB,481,Gabon,Gabon,GAB,Gabon,1984,-9.0,0,9,3.0,1,1.0,,,
481_GAB,481,Gabon,Gabon,GAB,Gabon,1985,-9.0,0,9,3.0,1,1.0,,,
481_GAB,481,Gabon,Gabon,GAB,Gabon,1986,-9.0,0,9,3.0,1,1.0,,,
481_GAB,481,Gabon,Gabon,GAB,Gabon,1987,-9.0,0,9,3.0,1,1.0,,,
481_GAB,481,Gabon,Gabon,GAB,Gabon,1988,-9.0,0,9,3.0,1,1.0,,,
481_GAB,481,Gabon,Gabon,GAB,Gabon,1989,-9.0,0,9,3.0,1,1.0,,,
481_GAB,481,Gabon,Gabon,GAB,Gabon,1990,-6.0,-88,-88,-88.0,-88,-88.0,,,1.0
481_GAB,481,Gabon,Gabon,GAB,Gabon,1991,-4.0,0,4,5.0,2,3.0,1.0,,1.0
481_GAB,481,Gabon,Gabon,GAB,Gabon,1992,-4.0,0,4,5.0,2,3.0,,,
481_GAB,481,Gabon,Gabon,GAB,Gabon,1993,-4.0,0,4,5.0,2,3.0,,,
481_GAB,481,Gabon,Gabon,GAB,Gabon,1994,-4.0,0,4,5.0,2,3.0,,,
481_GAB,481,Gabon,Gabon,GAB,Gabon,1995,-4.0,0,4,5.0,2,3.0,,,
481_GAB,481,Gabon,Gabon,GAB,Gabon,1996,-4.0,0,4,5.0,2,3.0,,,
481_GAB,481,Gabon,Gabon,GAB,Gabon,1997,-4.0,0,4,5.0,2,3.0,,,
481_GAB,481,Gabon,Gabon,GAB,Gabon,1998,-4.0,0,4,5.0,2,3.0,,,
481_GAB,481,Gabon,Gabon,GAB,Gabon,1999,-4.0,0,4,5.0,2,3.0,,,
481_GAB,481,Gabon,Gabon,GAB,Gabon,2000,-4.0,0,4,5.0,2,3.0,,,
481_GAB,481,Gabon,Gabon,GAB,Gabon,2001,-4.0,0,4,5.0,2,3.0,,,
481_GAB,481,Gabon,Gabon,GAB,Gabon,2002,-4.0,0,4,5.0,2,3.0,,,
481_GAB,481,Gabon,Gabon,GAB,Gabon,2003,-4.0,0,4,5.0,2,3.0,,,
481_GAB,481,Gabon,Gabon,GAB,Gabon,2004,-4.0,0,4,5.0,2,3.0,,,
481_GAB,481,Gabon,Gabon,GAB,Gabon,2005,-4.0,0,4,5.0,2,3.0,,,
481_GAB,481,Gabon,Gabon,GAB,Gabon,2006,-4.0,0,4,5.0,2,3.0,,,
481_GAB,481,Gabon,Gabon,GAB,Gabon,2007,-4.0,0,4,5.0,2,3.0,,,
481_GAB,481,Gabon,Gabon,GAB,Gabon,2008,-4.0,0,4,5.0,2,3.0,,,
481_GAB,481,Gabon,Gabon,GAB,Gabon,2009,3.0,4,1,7.0,4,6.0,1.0,,3.0
481_GAB,481,Gabon,Gabon,GAB,Gabon,2010,3.0,4,1,7.0,4,6.0,,,
481_GAB,481,Gabon,Gabon,GAB,Gabon,2011,3.0,4,1,7.0,4,6.0,,,
481_GAB,481,Gabon,Gabon,GAB,Gabon,2012,3.0,4,1,7.0,4,6.0,,,
481_GAB,481,Gabon,Gabon,GAB,Gabon,2013,3.0,4,1,7.0,4,6.0,,,
481_GAB,481,Gabon,Gabon,GAB,Gabon,2014,3.0,4,1,7.0,4,6.0,,,
481_GAB,481,Gabon,Gabon,GAB,Gabon,2015,3.0,4,1,7.0,4,6.0,,,
481_GAB,481,Gabon,Gabon,GAB,Gabon,2016,3.0,4,1,7.0,4,6.0,,,
481_GAB,481,Gabon,Gabon,GAB,Gabon,2017,3.0,4,1,7.0,4,6.0,,,
481_GAB,481,Gabon,Gabon,GAB,Gabon,2018,3.0,4,1,7.0,4,6.0,,,
482_CAF,482,Central African Republic,Central African Republic,CAF,Central African Republic,1971,-7.0,0,7,4.0,1,1.0,,,
482_CAF,482,Central African Republic,Central African Republic,CAF,Central African Republic,1972,-7.0,0,7,4.0,1,1.0,,,
482_CAF,482,Central African Republic,Central African Republic,CAF,Central African Republic,1973,-7.0,0,7,4.0,1,1.0,,,
482_CAF,482,Central African Republic,Central African Republic,CAF,Central African Republic,1974,-7.0,0,7,4.0,1,1.0,,,
482_CAF,482,Central African Republic,Central African Republic,CAF,Central African Republic,1975,-7.0,0,7,4.0,1,1.0,,,
482_CAF,482,Central African Republic,Central African Republic,CAF,Central African Republic,1976,-7.0,0,7,4.0,1,1.0,,,
482_CAF,482,Central African Republic,Central African Republic,CAF,Central African Republic,1977,-7.0,0,7,4.0,1,1.0,,,
482_CAF,482,Central African Republic,Central African Republic,CAF,Central African Republic,1978,-7.0,0,7,4.0,1,1.0,,,
482_CAF,482,Central African Republic,Central African Republic,CAF,Central African Republic,1979,-7.0,0,7,4.0,1,1.0,,,
482_CAF,482,Central African Republic,Central African Republic,CAF,Central African Republic,1980,-7.0,0,7,4.0,1,1.0,,,
482_CAF,482,Central African Republic,Central African Republic,CAF,Central African Republic,1981,-7.0,0,7,4.0,1,1.0,,,
482_CAF,482,Central African Republic,Central African Republic,CAF,Central African Republic,1982,-7.0,0,7,4.0,1,1.0,,,
482_CAF,482,Central African Republic,Central African Republic,CAF,Central African Republic,1983,-7.0,0,7,4.0,1,1.0,,,
482_CAF,482,Central African Republic,Central African Republic,CAF,Central African Republic,1984,-7.0,0,7,4.0,1,1.0,,,
482_CAF,482,Central African Republic,Central African Republic,CAF,Central African Republic,1985,-7.0,0,7,4.0,1,1.0,,,
482_CAF,482,Central African Republic,Central African Republic,CAF,Central African Republic,1986,-7.0,0,7,4.0,1,1.0,,,
482_CAF,482,Central African Republic,Central African Republic,CAF,Central African Republic,1987,-7.0,0,7,4.0,1,1.0,,,
482_CAF,482,Central African Republic,Central African Republic,CAF,Central African Republic,1988,-7.0,0,7,4.0,1,1.0,,,
482_CAF,482,Central African Republic,Central African Republic,CAF,Central African Republic,1989,-7.0,0,7,4.0,1,1.0,,,
482_CAF,482,Central African Republic,Central African Republic,CAF,Central African Republic,1990,-7.0,0,7,4.0,1,1.0,,,
482_CAF,482,Central African Republic,Central African Republic,CAF,Central African Republic,1991,-6.0,0,6,5.0,1,2.0,,,3.0
482_CAF,482,Central African Republic,Central African Republic,CAF,Central African Republic,1992,-6.0,0,6,5.0,1,2.0,,,3.0
482_CAF,482,Central African Republic,Central African Republic,CAF,Central African Republic,1993,5.0,5,0,7.0,5,7.0,1.0,,3.0
482_CAF,482,Central African Republic,Central African Republic,CAF,Central African Republic,1994,5.0,5,0,7.0,5,7.0,,,
482_CAF,482,Central African Republic,Central African Republic,CAF,Central African Republic,1995,5.0,5,0,7.0,5,7.0,,,
482_CAF,482,Central African Republic,Central African Republic,CAF,Central African Republic,1996,5.0,5,0,7.0,5,7.0,,,
482_CAF,482,Central African Republic,Central African Republic,CAF,Central African Republic,1997,5.0,5,0,7.0,5,7.0,,,
482_CAF,482,Central African Republic,Central African Republic,CAF,Central African Republic,1998,5.0,5,0,7.0,5,7.0,,,
482_CAF,482,Central African Republic,Central African Republic,CAF,Central African Republic,1999,5.0,5,0,7.0,5,7.0,,,
482_CAF,482,Central African Republic,Central African Republic,CAF,Central African Republic,2000,5.0,5,0,7.0,5,7.0,,,
482_CAF,482,Central African Republic,Central African Republic,CAF,Central African Republic,2001,5.0,5,0,7.0,5,7.0,,,
482_CAF,482,Central African Republic,Central African Republic,CAF,Central African Republic,2002,5.0,5,0,7.0,5,7.0,,,
482_CAF,482,Central African Republic,Central African Republic,CAF,Central African Republic,2003,-1.0,1,2,4.0,2,7.0,1.0,,-2.0
482_CAF,482,Central African Republic,Central African Republic,CAF,Central African Republic,2004,-1.0,1,2,4.0,2,7.0,,,
482_CAF,482,Central African Republic,Central African Republic,CAF,Central African Republic,2005,-1.0,1,2,5.0,3,6.0,1.0,,0.0
482_CAF,482,Central African Republic,Central African Republic,CAF,Central African Republic,2006,-1.0,1,2,5.0,3,6.0,,,
482_CAF,482,Central African Republic,Central African Republic,CAF,Central African Republic,2007,-1.0,1,2,5.0,3,6.0,,,
482_CAF,482,Central African Republic,Central African Republic,CAF,Central African Republic,2008,-1.0,1,2,5.0,3,6.0,,,
482_CAF,482,Central African Republic,Central African Republic,CAF,Central African Republic,2009,-1.0,1,2,5.0,3,6.0,,,
482_CAF,482,Central African Republic,Central African Republic,CAF,Central African Republic,2010,-1.0,1,2,5.0,3,6.0,,,
482_CAF,482,Central African Republic,Central African Republic,CAF,Central African Republic,2011,-1.0,1,2,5.0,3,6.0,,,
482_CAF,482,Central African Republic,Central African Republic,CAF,Central African Republic,2012,-1.0,1,2,5.0,3,6.0,,,
482_CAF,482,Central African Republic,Central African Republic,CAF,Central African Republic,2013,0.0,-77,-77,-77.0,-77,-77.0,,1.0,-77.0
482_CAF,482,Central African Republic,Central African Republic,CAF,Central African Republic,2014,0.0,-77,-77,-77.0,-77,-77.0,,1.0,-77.0
482_CAF,482,Central African Republic,Central African Republic,CAF,Central African Republic,2015,0.0,-77,-77,-77.0,-77,-77.0,,1.0,-77.0
482_CAF,482,Central African Republic,Central African Republic,CAF,Central African Republic,2016,6.0,7,1,7.0,7,6.0,1.0,1.0,3.0
482_CAF,482,Central African Republic,Central African Republic,CAF,Central African Republic,2017,6.0,7,1,7.0,7,6.0,,,
482_CAF,482,Central African Republic,Central African Republic,CAF,Central African Republic,2018,6.0,7,1,7.0,7,6.0,,,
483_TCD,483,Chad,Chad,TCD,Chad,1971,-6.0,0,6,3.0,3,2.0,,,
483_TCD,483,Chad,Chad,TCD,Chad,1972,-6.0,0,6,3.0,3,2.0,,,
483_TCD,483,Chad,Chad,TCD,Chad,1973,-8.0,0,8,3.0,2,1.0,1.0,,0.0
483_TCD,483,Chad,Chad,TCD,Chad,1974,-8.0,0,8,3.0,2,1.0,,,
483_TCD,483,Chad,Chad,TCD,Chad,1975,-7.0,0,7,4.0,1,1.0,1.0,,0.0
483_TCD,483,Chad,Chad,TCD,Chad,1976,-7.0,0,7,4.0,1,1.0,,,
483_TCD,483,Chad,Chad,TCD,Chad,1977,-7.0,0,7,4.0,1,1.0,,,
483_TCD,483,Chad,Chad,TCD,Chad,1978,-4.0,-88,-88,-88.0,-88,-88.0,,,0.0
483_TCD,483,Chad,Chad,TCD,Chad,1979,0.0,-77,-77,-77.0,-77,-77.0,,1.0,-77.0
483_TCD,483,Chad,Chad,TCD,Chad,1980,0.0,-77,-77,-77.0,-77,-77.0,,1.0,-77.0
483_TCD,483,Chad,Chad,TCD,Chad,1981,0.0,-77,-77,-77.0,-77,-77.0,,1.0,-77.0
483_TCD,483,Chad,Chad,TCD,Chad,1982,0.0,-77,-77,-77.0,-77,-77.0,,1.0,-77.0
483_TCD,483,Chad,Chad,TCD,Chad,1983,0.0,-77,-77,-77.0,-77,-77.0,,1.0,-77.0
483_TCD,483,Chad,Chad,TCD,Chad,1984,0.0,-77,-77,-77.0,-77,-77.0,,1.0,-77.0
483_TCD,483,Chad,Chad,TCD,Chad,1985,-7.0,0,7,4.0,1,1.0,1.0,1.0,0.0
483_TCD,483,Chad,Chad,TCD,Chad,1986,-7.0,0,7,4.0,1,1.0,,,
483_TCD,483,Chad,Chad,TCD,Chad,1987,-7.0,0,7,4.0,1,1.0,,,
483_TCD,483,Chad,Chad,TCD,Chad,1988,-7.0,0,7,4.0,1,1.0,,,
483_TCD,483,Chad,Chad,TCD,Chad,1989,-7.0,0,7,4.0,1,1.0,,,
483_TCD,483,Chad,Chad,TCD,Chad,1990,-3.0,0,3,5.0,3,3.0,,,1.0
483_TCD,483,Chad,Chad,TCD,Chad,1991,-3.0,0,3,5.0,3,3.0,,,1.0
483_TCD,483,Chad,Chad,TCD,Chad,1992,-3.0,0,3,5.0,3,3.0,,,1.0
483_TCD,483,Chad,Chad,TCD,Chad,1993,-3.0,-88,-88,-88.0,-88,-88.0,,,1.0
483_TCD,483,Chad,Chad,TCD,Chad,1994,-2.0,-88,-88,-88.0,-88,-88.0,,,1.0
483_TCD,483,Chad,Chad,TCD,Chad,1995,-1.0,-88,-88,-88.0,-88,-88.0,,,1.0
483_TCD,483,Chad,Chad,TCD,Chad,1996,-1.0,1,2,4.0,3,6.0,1.0,,1.0
483_TCD,483,Chad,Chad,TCD,Chad,1997,-1.0,1,2,4.0,3,6.0,,,
483_TCD,483,Chad,Chad,TCD,Chad,1998,-1.0,1,2,4.0,3,6.0,,,
483_TCD,483,Chad,Chad,TCD,Chad,1999,-1.0,1,2,4.0,3,6.0,,,
483_TCD,483,Chad,Chad,TCD,Chad,2000,-1.0,1,2,4.0,3,6.0,,,
483_TCD,483,Chad,Chad,TCD,Chad,2001,-1.0,1,2,4.0,3,6.0,,,
483_TCD,483,Chad,Chad,TCD,Chad,2002,-1.0,1,2,4.0,3,6.0,,,
483_TCD,483,Chad,Chad,TCD,Chad,2003,-1.0,1,2,4.0,3,6.0,,,
483_TCD,483,Chad,Chad,TCD,Chad,2004,-1.0,1,2,4.0,3,6.0,,,
483_TCD,483,Chad,Chad,TCD,Chad,2005,-1.0,1,2,4.0,3,6.0,,,
483_TCD,483,Chad,Chad,TCD,Chad,2006,-1.0,1,2,4.0,3,6.0,,,
483_TCD,483,Chad,Chad,TCD,Chad,2007,-1.0,1,2,4.0,3,6.0,,,
483_TCD,483,Chad,Chad,TCD,Chad,2008,-1.0,1,2,4.0,3,6.0,,,
483_TCD,483,Chad,Chad,TCD,Chad,2009,-1.0,1,2,4.0,3,6.0,,,
483_TCD,483,Chad,Chad,TCD,Chad,2010,-1.0,1,2,4.0,3,6.0,,,
483_TCD,483,Chad,Chad,TCD,Chad,2011,-1.0,1,2,4.0,3,6.0,,,
483_TCD,483,Chad,Chad,TCD,Chad,2012,-1.0,1,2,4.0,3,6.0,,,
483_TCD,483,Chad,Chad,TCD,Chad,2013,-1.0,1,2,4.0,3,6.0,,,
483_TCD,483,Chad,Chad,TCD,Chad,2014,-1.0,1,2,4.0,3,6.0,,,
483_TCD,483,Chad,Chad,TCD,Chad,2015,-1.0,1,2,4.0,3,6.0,,,
483_TCD,483,Chad,Chad,TCD,Chad,2016,-1.0,1,2,4.0,3,6.0,,,
483_TCD,483,Chad,Chad,TCD,Chad,2017,-1.0,1,2,4.0,3,6.0,,,
483_TCD,483,Chad,Chad,TCD,Chad,2018,-1.0,1,2,4.0,3,6.0,,,
484_COG,484,Congo-Brazzaville,Congo-Brazzaville,COG,Congo Republic,1971,-7.0,0,7,3.0,3,1.0,,,
484_COG,484,Congo-Brazzaville,Congo-Brazzaville,COG,Congo Republic,1972,-7.0,0,7,3.0,3,1.0,,,
484_COG,484,Congo-Brazzaville,Congo-Brazzaville,COG,Congo Republic,1973,-7.0,0,7,3.0,3,1.0,,,
484_COG,484,Congo-Brazzaville,Congo-Brazzaville,COG,Congo Republic,1974,-7.0,0,7,3.0,3,1.0,,,
484_COG,484,Congo-Brazzaville,Congo-Brazzaville,COG,Congo Republic,1975,-7.0,0,7,3.0,3,1.0,,,
484_COG,484,Congo-Brazzaville,Congo-Brazzaville,COG,Congo Republic,1976,-7.0,0,7,3.0,3,1.0,,,
484_COG,484,Congo-Brazzaville,Congo-Brazzaville,COG,Congo Republic,1977,-7.0,0,7,3.0,3,1.0,,,
484_COG,484,Congo-Brazzaville,Congo-Brazzaville,COG,Congo Republic,1978,-7.0,0,7,3.0,3,1.0,,,
484_COG,484,Congo-Brazzaville,Congo-Brazzaville,COG,Congo Republic,1979,-8.0,0,8,3.0,2,1.0,1.0,,0.0
484_COG,484,Congo-Brazzaville,Congo-Brazzaville,COG,Congo Republic,1980,-8.0,0,8,3.0,2,1.0,,,
484_COG,484,Congo-Brazzaville,Congo-Brazzaville,COG,Congo Republic,1981,-8.0,0,8,3.0,2,1.0,,,
484_COG,484,Congo-Brazzaville,Congo-Brazzaville,COG,Congo Republic,1982,-8.0,0,8,3.0,2,1.0,,,
484_COG,484,Congo-Brazzaville,Congo-Brazzaville,COG,Congo Republic,1983,-8.0,0,8,3.0,2,1.0,,,
484_COG,484,Congo-Brazzaville,Congo-Brazzaville,COG,Congo Republic,1984,-8.0,0,8,3.0,2,1.0,,,
484_COG,484,Congo-Brazzaville,Congo-Brazzaville,COG,Congo Republic,1985,-8.0,0,8,3.0,2,1.0,,,
484_COG,484,Congo-Brazzaville,Congo-Brazzaville,COG,Congo Republic,1986,-8.0,0,8,3.0,2,1.0,,,
484_COG,484,Congo-Brazzaville,Congo-Brazzaville,COG,Congo Republic,1987,-8.0,0,8,3.0,2,1.0,,,
484_COG,484,Congo-Brazzaville,Congo-Brazzaville,COG,Congo Republic,1988,-8.0,0,8,3.0,2,1.0,,,
484_COG,484,Congo-Brazzaville,Congo-Brazzaville,COG,Congo Republic,1989,-8.0,0,8,3.0,2,1.0,,,
484_COG,484,Congo-Brazzaville,Congo-Brazzaville,COG,Congo Republic,1990,-8.0,0,8,3.0,2,1.0,,,
484_COG,484,Congo-Brazzaville,Congo-Brazzaville,COG,Congo Republic,1991,-1.0,-88,-88,-88.0,-88,-88.0,,,3.0
484_COG,484,Congo-Brazzaville,Congo-Brazzaville,COG,Congo Republic,1992,5.0,6,1,8.0,5,6.0,1.0,,3.0
484_COG,484,Congo-Brazzaville,Congo-Brazzaville,COG,Congo Republic,1993,5.0,6,1,8.0,5,6.0,,,
484_COG,484,Congo-Brazzaville,Congo-Brazzaville,COG,Congo Republic,1994,5.0,6,1,8.0,5,6.0,,,
484_COG,484,Congo-Brazzaville,Congo-Brazzaville,COG,Congo Republic,1995,5.0,6,1,8.0,5,6.0,,,
484_COG,484,Congo-Brazzaville,Congo-Brazzaville,COG,Congo Republic,1996,5.0,6,1,8.0,5,6.0,,,
484_COG,484,Congo-Brazzaville,Congo-Brazzaville,COG,Congo Republic,1997,-6.0,0,6,4.0,1,2.0,1.0,,-2.0
484_COG,484,Congo-Brazzaville,Congo-Brazzaville,COG,Congo Republic,1998,-6.0,0,6,4.0,1,2.0,,,
484_COG,484,Congo-Brazzaville,Congo-Brazzaville,COG,Congo Republic,1999,-6.0,0,6,4.0,1,2.0,,,
484_COG,484,Congo-Brazzaville,Congo-Brazzaville,COG,Congo Republic,2000,-6.0,0,6,4.0,1,2.0,,,
484_COG,484,Congo-Brazzaville,Congo-Brazzaville,COG,Congo Republic,2001,-5.0,0,5,4.0,1,3.0,,,
484_COG,484,Congo-Brazzaville,Congo-Brazzaville,COG,Congo Republic,2002,-4.0,0,4,4.0,2,3.0,1.0,,0.0
484_COG,484,Congo-Brazzaville,Congo-Brazzaville,COG,Congo Republic,2003,-4.0,0,4,4.0,2,3.0,,,
484_COG,484,Congo-Brazzaville,Congo-Brazzaville,COG,Congo Republic,2004,-4.0,0,4,4.0,2,3.0,,,
484_COG,484,Congo Brazzaville,Congo Brazzaville,COG,Congo Republic,2005,-4.0,0,4,4.0,2,3.0,,,
484_COG,484,Congo Brazzaville,Congo Brazzaville,COG,Congo Republic,2006,-4.0,0,4,4.0,2,3.0,,,
484_COG,484,Congo Brazzaville,Congo Brazzaville,COG,Congo Republic,2007,-4.0,0,4,4.0,2,3.0,,,
484_COG,484,Congo Brazzaville,Congo Brazzaville,COG,Congo Republic,2008,-4.0,0,4,4.0,2,3.0,,,
484_COG,484,Congo Brazzaville,Congo Brazzaville,COG,Congo Republic,2009,-4.0,0,4,4.0,2,3.0,,,
484_COG,484,Congo Brazzaville,Congo Brazzaville,COG,Congo Republic,2010,-4.0,0,4,4.0,2,3.0,,,
484_COG,484,Congo Brazzaville,Congo Brazzaville,COG,Congo Republic,2011,-4.0,0,4,4.0,2,3.0,,,
484_COG,484,Congo Brazzaville,Congo Brazzaville,COG,Congo Republic,2012,-4.0,0,4,4.0,2,3.0,,,
484_COG,484,Congo Brazzaville,Congo Brazzaville,COG,Congo Republic,2013,-4.0,0,4,4.0,2,3.0,,,
484_COG,484,Congo Brazzaville,Congo Brazzaville,COG,Congo Republic,2014,-4.0,0,4,4.0,2,3.0,,,
484_COG,484,Congo Brazzaville,Congo Brazzaville,COG,Congo Republic,2015,-4.0,0,4,4.0,2,3.0,,,
484_COG,484,Congo Brazzaville,Congo Brazzaville,COG,Congo Republic,2016,-4.0,0,4,4.0,2,3.0,,,
484_COG,484,Congo Brazzaville,Congo Brazzaville,COG,Congo Republic,2017,-4.0,0,4,4.0,2,3.0,,,
484_COG,484,Congo Brazzaville,Congo Brazzaville,COG,Congo Republic,2018,-4.0,0,4,4.0,2,3.0,,,
490_COD,490,Congo Kinshasa,Congo Kinshasa,COD,DR Congo,1971,-9.0,0,9,3.0,1,1.0,,,
490_COD,490,Congo Kinshasa,Congo Kinshasa,COD,DR Congo,1972,-9.0,0,9,3.0,1,1.0,,,
490_COD,490,Congo Kinshasa,Congo Kinshasa,COD,DR Congo,1973,-9.0,0,9,3.0,1,1.0,,,
490_COD,490,Congo Kinshasa,Congo Kinshasa,COD,DR Congo,1974,-9.0,0,9,3.0,1,1.0,,,
490_COD,490,Congo Kinshasa,Congo Kinshasa,COD,DR Congo,1975,-9.0,0,9,3.0,1,1.0,,,
490_COD,490,Congo Kinshasa,Congo Kinshasa,COD,DR Congo,1976,-9.0,0,9,3.0,1,1.0,,,
490_COD,490,Congo Kinshasa,Congo Kinshasa,COD,DR Congo,1977,-9.0,0,9,3.0,1,1.0,,,
490_COD,490,Congo Kinshasa,Congo Kinshasa,COD,DR Congo,1978,-9.0,0,9,3.0,1,1.0,,,
490_COD,490,Congo Kinshasa,Congo Kinshasa,COD,DR Congo,1979,-9.0,0,9,3.0,1,1.0,,,
490_COD,490,Congo Kinshasa,Congo Kinshasa,COD,DR Congo,1980,-9.0,0,9,3.0,1,1.0,,,
490_COD,490,Congo Kinshasa,Congo Kinshasa,COD,DR Congo,1981,-9.0,0,9,3.0,1,1.0,,,
490_COD,490,Congo Kinshasa,Congo Kinshasa,COD,DR Congo,1982,-9.0,0,9,3.0,1,1.0,,,
490_COD,490,Congo Kinshasa,Congo Kinshasa,COD,DR Congo,1983,-9.0,0,9,3.0,1,1.0,,,
490_COD,490,Congo Kinshasa,Congo Kinshasa,COD,DR Congo,1984,-9.0,0,9,3.0,1,1.0,,,
490_COD,490,Congo Kinshasa,Congo Kinshasa,COD,DR Congo,1985,-9.0,0,9,3.0,1,1.0,,,
490_COD,490,Congo Kinshasa,Congo Kinshasa,COD,DR Congo,1986,-9.0,0,9,3.0,1,1.0,,,
490_COD,490,Congo Kinshasa,Congo Kinshasa,COD,DR Congo,1987,-9.0,0,9,3.0,1,1.0,,,
490_COD,490,Congo Kinshasa,Congo Kinshasa,COD,DR Congo,1988,-9.0,0,9,3.0,1,1.0,,,
490_COD,490,Congo Kinshasa,Congo Kinshasa,COD,DR Congo,1989,-9.0,0,9,3.0,1,1.0,,,
490_COD,490,Congo Kinshasa,Congo Kinshasa,COD,DR Congo,1990,-8.0,0,8,3.0,1,2.0,1.0,,0.0
490_COD,490,Congo Kinshasa,Congo Kinshasa,COD,DR Congo,1991,-8.0,0,8,3.0,1,2.0,,,
490_COD,490,Congo Kinshasa,Congo Kinshasa,COD,DR Congo,1992,0.0,-77,-77,-77.0,-77,-77.0,,1.0,-77.0
490_COD,490,Congo Kinshasa,Congo Kinshasa,COD,DR Congo,1993,0.0,-77,-77,-77.0,-77,-77.0,,1.0,-77.0
490_COD,490,Congo Kinshasa,Congo Kinshasa,COD,DR Congo,1994,0.0,-77,-77,-77.0,-77,-77.0,,1.0,-77.0
490_COD,490,Congo Kinshasa,Congo Kinshasa,COD,DR Congo,1995,0.0,-77,-77,-77.0,-77,-77.0,,1.0,-77.0
490_COD,490,Congo Kinshasa,Congo Kinshasa,COD,DR Congo,1996,0.0,-77,-77,-77.0,-77,-77.0,,1.0,-77.0
490_COD,490,Congo Kinshasa,Congo Kinshasa,COD,DR Congo,1997,0.0,-77,-77,-77.0,-77,-77.0,,1.0,-77.0
490_COD,490,Congo Kinshasa,Congo Kinshasa,COD,DR Congo,1998,0.0,-77,-77,-77.0,-77,-77.0,,1.0,-77.0
490_COD,490,Congo Kinshasa,Congo Kinshasa,COD,DR Congo,1999,0.0,-77,-77,-77.0,-77,-77.0,,1.0,-77.0
490_COD,490,Congo Kinshasa,Congo Kinshasa,COD,DR Congo,2000,0.0,-77,-77,-77.0,-77,-77.0,,1.0,-77.0
490_COD,490,Congo Kinshasa,Congo Kinshasa,COD,DR Congo,2001,0.0,-77,-77,-77.0,-77,-77.0,,1.0,-77.0
490_COD,490,Congo Kinshasa,Congo Kinshasa,COD,DR Congo,2002,0.0,-77,-77,-77.0,-77,-77.0,,1.0,-77.0
490_COD,490,Congo Kinshasa,Congo Kinshasa,COD,DR Congo,2003,1.0,-88,-88,-88.0,-88,-88.0,,1.0,-77.0
490_COD,490,Congo Kinshasa,Congo Kinshasa,COD,DR Congo,2004,3.0,-88,-88,-88.0,-88,-88.0,,,3.0
490_COD,490,Congo Kinshasa,Congo Kinshasa,COD,DR Congo,2005,4.0,-88,-88,-88.0,-88,-88.0,,,3.0
490_COD,490,Congo Kinshasa,Congo Kinshasa,COD,DR Congo,2006,5.0,6,1,7.0,5,8.0,1.0,,3.0
490_COD,490,Congo Kinshasa,Congo Kinshasa,COD,DR Congo,2007,5.0,6,1,7.0,5,8.0,,,
490_COD,490,Congo Kinshasa,Congo Kinshasa,COD,DR Congo,2008,5.0,6,1,7.0,5,8.0,,,
490_COD,490,Congo Kinshasa,Congo Kinshasa,COD,DR Congo,2009,5.0,6,1,7.0,5,8.0,,,
490_COD,490,Congo Kinshasa,Congo Kinshasa,COD,DR Congo,2010,5.0,6,1,7.0,5,8.0,,,
490_COD,490,Congo Kinshasa,Congo Kinshasa,COD,DR Congo,2011,5.0,6,1,7.0,5,8.0,,,
490_COD,490,Congo Kinshasa,Congo Kinshasa,COD,DR Congo,2012,5.0,6,1,7.0,5,8.0,,,
490_COD,490,Congo Kinshasa,Congo Kinshasa,COD,DR Congo,2013,5.0,6,1,7.0,5,8.0,,,
490_COD,490,Congo Kinshasa,Congo Kinshasa,COD,DR Congo,2014,5.0,6,1,7.0,5,8.0,,,
490_COD,490,Congo Kinshasa,Congo Kinshasa,COD,DR Congo,2015,5.0,6,1,7.0,5,8.0,,,
490_COD,490,Congo Kinshasa,Congo Kinshasa,COD,DR Congo,2016,-3.0,1,4,3.0,3,6.0,1.0,,-2.0
490_COD,490,Congo Kinshasa,Congo Kinshasa,COD,DR Congo,2017,-3.0,1,4,3.0,3,6.0,,,
490_COD,490,Congo Kinshasa,Congo Kinshasa,COD,DR Congo,2018,-3.0,1,4,3.0,3,6.0,,,
500_UGA,500,Uganda,Uganda,UGA,Uganda,1971,-7.0,0,7,4.0,1,1.0,,,
500_UGA,500,Uganda,Uganda,UGA,Uganda,1972,-7.0,0,7,4.0,1,1.0,,,
500_UGA,500,Uganda,Uganda,UGA,Uganda,1973,-7.0,0,7,4.0,1,1.0,,,
500_UGA,500,Uganda,Uganda,UGA,Uganda,1974,-7.0,0,7,4.0,1,1.0,,,
500_UGA,500,Uganda,Uganda,UGA,Uganda,1975,-7.0,0,7,4.0,1,1.0,,,
500_UGA,500,Uganda,Uganda,UGA,Uganda,1976,-7.0,0,7,4.0,1,1.0,,,
500_UGA,500,Uganda,Uganda,UGA,Uganda,1977,-7.0,0,7,4.0,1,1.0,,,
500_UGA,500,Uganda,Uganda,UGA,Uganda,1978,-7.0,0,7,4.0,1,1.0,,,
500_UGA,500,Uganda,Uganda,UGA,Uganda,1979,,-66,-66,-66.0,-66,-66.0,,,-66.0
500_UGA,500,Uganda,Uganda,UGA,Uganda,1980,3.0,4,1,7.0,4,6.0,1.0,,3.0
500_UGA,500,Uganda,Uganda,UGA,Uganda,1981,3.0,4,1,7.0,4,6.0,,,
500_UGA,500,Uganda,Uganda,UGA,Uganda,1982,3.0,4,1,7.0,4,6.0,,,
500_UGA,500,Uganda,Uganda,UGA,Uganda,1983,3.0,4,1,7.0,4,6.0,,,
500_UGA,500,Uganda,Uganda,UGA,Uganda,1984,3.0,4,1,7.0,4,6.0,,,
500_UGA,500,Uganda,Uganda,UGA,Uganda,1985,0.0,-77,-77,-77.0,-77,-77.0,,1.0,-77.0
500_UGA,500,Uganda,Uganda,UGA,Uganda,1986,-7.0,0,7,4.0,1,1.0,1.0,1.0,-2.0
500_UGA,500,Uganda,Uganda,UGA,Uganda,1987,-7.0,0,7,4.0,1,1.0,,,
500_UGA,500,Uganda,Uganda,UGA,Uganda,1988,-7.0,0,7,4.0,1,1.0,,,
500_UGA,500,Uganda,Uganda,UGA,Uganda,1989,-7.0,0,7,4.0,1,1.0,,,
500_UGA,500,Uganda,Uganda,UGA,Uganda,1990,-7.0,0,7,4.0,1,1.0,,,
500_UGA,500,Uganda,Uganda,UGA,Uganda,1991,-7.0,0,7,4.0,1,1.0,,,
500_UGA,500,Uganda,Uganda,UGA,Uganda,1992,-7.0,0,7,4.0,1,1.0,,,
500_UGA,500,Uganda,Uganda,UGA,Uganda,1993,-4.0,0,4,4.0,3,2.0,1.0,,1.0
500_UGA,500,Uganda,Uganda,UGA,Uganda,1994,-4.0,0,4,4.0,3,2.0,,,
500_UGA,500,Uganda,Uganda,UGA,Uganda,1995,-4.0,0,4,4.0,3,2.0,,,
500_UGA,500,Uganda,Uganda,UGA,Uganda,1996,-4.0,0,4,5.0,3,2.0,,,
500_UGA,500,Uganda,Uganda,UGA,Uganda,1997,-4.0,0,4,5.0,3,2.0,,,
500_UGA,500,Uganda,Uganda,UGA,Uganda,1998,-4.0,0,4,5.0,3,2.0,,,
500_UGA,500,Uganda,Uganda,UGA,Uganda,1999,-4.0,0,4,5.0,3,2.0,,,
500_UGA,500,Uganda,Uganda,UGA,Uganda,2000,-4.0,0,4,5.0,3,2.0,,,
500_UGA,500,Uganda,Uganda,UGA,Uganda,2001,-4.0,0,4,5.0,3,2.0,,,
500_UGA,500,Uganda,Uganda,UGA,Uganda,2002,-4.0,0,4,5.0,3,2.0,,,
500_UGA,500,Uganda,Uganda,UGA,Uganda,2003,-4.0,0,4,5.0,3,2.0,,,
500_UGA,500,Uganda,Uganda,UGA,Uganda,2004,-4.0,0,4,5.0,3,2.0,,,
500_UGA,500,Uganda,Uganda,UGA,Uganda,2005,-1.0,1,2,5.0,3,6.0,1.0,,1.0
500_UGA,500,Uganda,Uganda,UGA,Uganda,2006,-1.0,1,2,5.0,3,6.0,,,
500_UGA,500,Uganda,Uganda,UGA,Uganda,2007,-1.0,1,2,5.0,3,6.0,,,
500_UGA,500,Uganda,Uganda,UGA,Uganda,2008,-1.0,1,2,5.0,3,6.0,,,
500_UGA,500,Uganda,Uganda,UGA,Uganda,2009,-1.0,1,2,5.0,3,6.0,,,
500_UGA,500,Uganda,Uganda,UGA,Uganda,2010,-1.0,1,2,5.0,3,6.0,,,
500_UGA,500,Uganda,Uganda,UGA,Uganda,2011,-1.0,1,2,5.0,3,6.0,,,
500_UGA,500,Uganda,Uganda,UGA,Uganda,2012,-1.0,1,2,5.0,3,6.0,,,
500_UGA,500,Uganda,Uganda,UGA,Uganda,2013,-1.0,1,2,5.0,3,6.0,,,
500_UGA,500,Uganda,Uganda,UGA,Uganda,2014,-1.0,1,2,5.0,3,6.0,,,
500_UGA,500,Uganda,Uganda,UGA,Uganda,2015,-1.0,1,2,5.0,3,6.0,,,
500_UGA,500,Uganda,Uganda,UGA,Uganda,2016,-1.0,1,2,5.0,3,6.0,,,
500_UGA,500,Uganda,Uganda,UGA,Uganda,2017,-1.0,1,2,5.0,3,6.0,,,
500_UGA,500,Uganda,Uganda,UGA,Uganda,2018,-1.0,1,2,5.0,3,6.0,,,
501_KEN,501,Kenya,Kenya,KEN,Kenya,1971,-7.0,0,7,3.0,3,1.0,,,
501_KEN,501,Kenya,Kenya,KEN,Kenya,1972,-7.0,0,7,3.0,3,1.0,,,
501_KEN,501,Kenya,Kenya,KEN,Kenya,1973,-7.0,0,7,3.0,3,1.0,,,
501_KEN,501,Kenya,Kenya,KEN,Kenya,1974,-7.0,0,7,3.0,3,1.0,,,
501_KEN,501,Kenya,Kenya,KEN,Kenya,1975,-7.0,0,7,3.0,3,1.0,,,
501_KEN,501,Kenya,Kenya,KEN,Kenya,1976,-7.0,0,7,3.0,3,1.0,,,
501_KEN,501,Kenya,Kenya,KEN,Kenya,1977,-7.0,0,7,3.0,3,1.0,,,
501_KEN,501,Kenya,Kenya,KEN,Kenya,1978,-7.0,0,7,3.0,3,1.0,,,
501_KEN,501,Kenya,Kenya,KEN,Kenya,1979,-6.0,0,6,3.0,3,2.0,1.0,,0.0
501_KEN,501,Kenya,Kenya,KEN,Kenya,1980,-6.0,0,6,3.0,3,2.0,,,
501_KEN,501,Kenya,Kenya,KEN,Kenya,1981,-6.0,0,6,3.0,3,2.0,,,
501_KEN,501,Kenya,Kenya,KEN,Kenya,1982,-7.0,0,7,3.0,3,1.0,1.0,,0.0
501_KEN,501,Kenya,Kenya,KEN,Kenya,1983,-7.0,0,7,3.0,3,1.0,,,
501_KEN,501,Kenya,Kenya,KEN,Kenya,1984,-7.0,0,7,3.0,3,1.0,,,
501_KEN,501,Kenya,Kenya,KEN,Kenya,1985,-7.0,0,7,3.0,3,1.0,,,
501_KEN,501,Kenya,Kenya,KEN,Kenya,1986,-7.0,0,7,3.0,3,1.0,,,
501_KEN,501,Kenya,Kenya,KEN,Kenya,1987,-7.0,0,7,3.0,3,1.0,,,
501_KEN,501,Kenya,Kenya,KEN,Kenya,1988,-7.0,0,7,3.0,3,1.0,,,
501_KEN,501,Kenya,Kenya,KEN,Kenya,1989,-7.0,0,7,3.0,3,1.0,,,
501_KEN,501,Kenya,Kenya,KEN,Kenya,1990,-7.0,0,7,3.0,3,1.0,,,
501_KEN,501,Kenya,Kenya,KEN,Kenya,1991,-5.0,0,5,3.0,3,3.0,1.0,,0.0
501_KEN,501,Kenya,Kenya,KEN,Kenya,1992,-5.0,0,5,3.0,3,3.0,,,
501_KEN,501,Kenya,Kenya,KEN,Kenya,1993,-5.0,0,5,3.0,3,3.0,,,
501_KEN,501,Kenya,Kenya,KEN,Kenya,1994,-5.0,0,5,3.0,3,3.0,,,
501_KEN,501,Kenya,Kenya,KEN,Kenya,1995,-5.0,0,5,3.0,3,3.0,,,
501_KEN,501,Kenya,Kenya,KEN,Kenya,1996,-5.0,0,5,3.0,3,3.0,,,
501_KEN,501,Kenya,Kenya,KEN,Kenya,1997,4.0,5,1,7.0,4,8.0,1.0,,3.0
501_KEN,501,Kenya,Kenya,KEN,Kenya,1998,4.0,5,1,7.0,4,8.0,,,
501_KEN,501,Kenya,Kenya,KEN,Kenya,1999,4.0,5,1,7.0,4,8.0,,,
501_KEN,501,Kenya,Kenya,KEN,Kenya,2000,4.0,5,1,7.0,4,8.0,,,
501_KEN,501,Kenya,Kenya,KEN,Kenya,2001,4.0,5,1,7.0,4,8.0,,,
501_KEN,501,Kenya,Kenya,KEN,Kenya,2002,8.0,8,0,8.0,6,9.0,1.0,,2.0
501_KEN,501,Kenya,Kenya,KEN,Kenya,2003,8.0,8,0,8.0,6,9.0,,,
501_KEN,501,Kenya,Kenya,KEN,Kenya,2004,8.0,8,0,8.0,6,9.0,,,
501_KEN,501,Kenya,Kenya,KEN,Kenya,2005,8.0,8,0,8.0,6,9.0,,,
501_KEN,501,Kenya,Kenya,KEN,Kenya,2006,8.0,8,0,8.0,6,9.0,,,
501_KEN,501,Kenya,Kenya,KEN,Kenya,2007,7.0,7,0,8.0,6,7.0,1.0,,0.0
501_KEN,501,Kenya,Kenya,KEN,Kenya,2008,7.0,7,0,7.0,7,7.0,1.0,,0.0
501_KEN,501,Kenya,Kenya,KEN,Kenya,2009,7.0,7,0,7.0,7,7.0,,,
501_KEN,501,Kenya,Kenya,KEN,Kenya,2010,8.0,8,0,7.0,7,9.0,,,0.0
501_KEN,501,Kenya,Kenya,KEN,Kenya,2011,8.0,8,0,7.0,7,9.0,,,0.0
501_KEN,501,Kenya,Kenya,KEN,Kenya,2012,8.0,8,0,7.0,7,9.0,,,0.0
501_KEN,501,Kenya,Kenya,KEN,Kenya,2013,9.0,9,0,8.0,7,9.0,1.0,,0.0
501_KEN,501,Kenya,Kenya,KEN,Kenya,2014,9.0,9,0,8.0,7,9.0,,,
501_KEN,501,Kenya,Kenya,KEN,Kenya,2015,9.0,9,0,8.0,7,9.0,,,
501_KEN,501,Kenya,Kenya,KEN,Kenya,2016,9.0,9,0,8.0,7,9.0,,,
501_KEN,501,Kenya,Kenya,KEN,Kenya,2017,9.0,9,0,8.0,7,9.0,,,
501_KEN,501,Kenya,Kenya,KEN,Kenya,2018,9.0,9,0,8.0,7,9.0,,,
510_TZA,510,Tanzania,Tanzania,TZA,Tanzania,1971,-6.0,0,6,3.0,3,2.0,,,
510_TZA,510,Tanzania,Tanzania,TZA,Tanzania,1972,-6.0,0,6,3.0,3,2.0,,,
510_TZA,510,Tanzania,Tanzania,TZA,Tanzania,1973,-6.0,0,6,3.0,3,2.0,,,
510_TZA,510,Tanzania,Tanzania,TZA,Tanzania,1974,-6.0,0,6,3.0,3,2.0,,,
510_TZA,510,Tanzania,Tanzania,TZA,Tanzania,1975,-6.0,0,6,3.0,3,2.0,,,
510_TZA,510,Tanzania,Tanzania,TZA,Tanzania,1976,-6.0,0,6,3.0,3,2.0,,,
510_TZA,510,Tanzania,Tanzania,TZA,Tanzania,1977,-6.0,0,6,3.0,3,2.0,,,
510_TZA,510,Tanzania,Tanzania,TZA,Tanzania,1978,-6.0,0,6,3.0,3,2.0,,,
510_TZA,510,Tanzania,Tanzania,TZA,Tanzania,1979,-6.0,0,6,3.0,3,2.0,,,
510_TZA,510,Tanzania,Tanzania,TZA,Tanzania,1980,-6.0,0,6,3.0,3,2.0,,,
510_TZA,510,Tanzania,Tanzania,TZA,Tanzania,1981,-6.0,0,6,3.0,3,2.0,,,
510_TZA,510,Tanzania,Tanzania,TZA,Tanzania,1982,-6.0,0,6,3.0,3,2.0,,,
510_TZA,510,Tanzania,Tanzania,TZA,Tanzania,1983,-6.0,0,6,3.0,3,2.0,,,
510_TZA,510,Tanzania,Tanzania,TZA,Tanzania,1984,-6.0,0,6,3.0,3,2.0,,,
510_TZA,510,Tanzania,Tanzania,TZA,Tanzania,1985,-6.0,0,6,3.0,3,2.0,,,
510_TZA,510,Tanzania,Tanzania,TZA,Tanzania,1986,-6.0,0,6,3.0,3,2.0,,,
510_TZA,510,Tanzania,Tanzania,TZA,Tanzania,1987,-6.0,0,6,3.0,3,2.0,,,
510_TZA,510,Tanzania,Tanzania,TZA,Tanzania,1988,-6.0,0,6,3.0,3,2.0,,,
510_TZA,510,Tanzania,Tanzania,TZA,Tanzania,1989,-6.0,0,6,3.0,3,2.0,,,
510_TZA,510,Tanzania,Tanzania,TZA,Tanzania,1990,-6.0,0,6,3.0,3,2.0,,,
510_TZA,510,Tanzania,Tanzania,TZA,Tanzania,1991,-6.0,0,6,3.0,3,2.0,,,
510_TZA,510,Tanzania,Tanzania,TZA,Tanzania,1992,-5.0,0,5,3.0,3,3.0,1.0,,0.0
510_TZA,510,Tanzania,Tanzania,TZA,Tanzania,1993,-5.0,0,5,3.0,3,3.0,,,
510_TZA,510,Tanzania,Tanzania,TZA,Tanzania,1994,-5.0,0,5,3.0,3,3.0,,,
510_TZA,510,Tanzania,Tanzania,TZA,Tanzania,1995,-1.0,2,3,7.0,3,3.0,1.0,,1.0
510_TZA,510,Tanzania,Tanzania,TZA,Tanzania,1996,-1.0,2,3,7.0,3,3.0,,,
510_TZA,510,Tanzania,Tanzania,TZA,Tanzania,1997,-1.0,2,3,7.0,3,3.0,,,
510_TZA,510,Tanzania,Tanzania,TZA,Tanzania,1998,-1.0,2,3,7.0,3,3.0,,,
510_TZA,510,Tanzania,Tanzania,TZA,Tanzania,1999,-1.0,2,3,7.0,3,3.0,,,
510_TZA,510,Tanzania,Tanzania,TZA,Tanzania,2000,-1.0,2,3,7.0,3,3.0,,,
510_TZA,510,Tanzania,Tanzania,TZA,Tanzania,2001,-1.0,2,3,7.0,3,3.0,,,
510_TZA,510,Tanzania,Tanzania,TZA,Tanzania,2002,-1.0,2,3,7.0,3,3.0,,,
510_TZA,510,Tanzania,Tanzania,TZA,Tanzania,2003,-1.0,2,3,7.0,3,3.0,,,
510_TZA,510,Tanzania,Tanzania,TZA,Tanzania,2004,-1.0,2,3,7.0,3,3.0,,,
510_TZA,510,Tanzania,Tanzania,TZA,Tanzania,2005,-1.0,2,3,7.0,3,3.0,,,
510_TZA,510,Tanzania,Tanzania,TZA,Tanzania,2006,-1.0,2,3,7.0,3,3.0,,,
510_TZA,510,Tanzania,Tanzania,TZA,Tanzania,2007,-1.0,2,3,7.0,3,3.0,,,
510_TZA,510,Tanzania,Tanzania,TZA,Tanzania,2008,-1.0,2,3,7.0,3,3.0,,,
510_TZA,510,Tanzania,Tanzania,TZA,Tanzania,2009,-1.0,2,3,7.0,3,3.0,,,
510_TZA,510,Tanzania,Tanzania,TZA,Tanzania,2010,-1.0,2,3,7.0,3,3.0,,,
510_TZA,510,Tanzania,Tanzania,TZA,Tanzania,2011,-1.0,2,3,7.0,3,3.0,,,
510_TZA,510,Tanzania,Tanzania,TZA,Tanzania,2012,-1.0,2,3,7.0,3,3.0,,,
510_TZA,510,Tanzania,Tanzania,TZA,Tanzania,2013,-1.0,2,3,7.0,3,3.0,,,
510_TZA,510,Tanzania,Tanzania,TZA,Tanzania,2014,-1.0,2,3,7.0,3,3.0,,,
510_TZA,510,Tanzania,Tanzania,TZA,Tanzania,2015,3.0,4,1,7.0,4,6.0,1.0,,2.0
510_TZA,510,Tanzania,Tanzania,TZA,Tanzania,2016,3.0,4,1,7.0,4,6.0,,,
510_TZA,510,Tanzania,Tanzania,TZA,Tanzania,2017,3.0,4,1,7.0,4,6.0,,,
510_TZA,510,Tanzania,Tanzania,TZA,Tanzania,2018,3.0,4,1,7.0,4,6.0,,,
516_BDI,516,Burundi,Burundi,BDI,Burundi,1971,-7.0,0,7,4.0,1,1.0,,,
516_BDI,516,Burundi,Burundi,BDI,Burundi,1972,-7.0,0,7,4.0,1,1.0,,,
516_BDI,516,Burundi,Burundi,BDI,Burundi,1973,-7.0,0,7,4.0,1,1.0,,,
516_BDI,516,Burundi,Burundi,BDI,Burundi,1974,-7.0,0,7,4.0,1,1.0,,,
516_BDI,516,Burundi,Burundi,BDI,Burundi,1975,-7.0,0,7,4.0,1,1.0,,,
516_BDI,516,Burundi,Burundi,BDI,Burundi,1976,-7.0,0,7,4.0,1,1.0,,,
516_BDI,516,Burundi,Burundi,BDI,Burundi,1977,-7.0,0,7,4.0,1,1.0,,,
516_BDI,516,Burundi,Burundi,BDI,Burundi,1978,-7.0,0,7,4.0,1,1.0,,,
516_BDI,516,Burundi,Burundi,BDI,Burundi,1979,-7.0,0,7,4.0,1,1.0,,,
516_BDI,516,Burundi,Burundi,BDI,Burundi,1980,-7.0,0,7,4.0,1,1.0,,,
516_BDI,516,Burundi,Burundi,BDI,Burundi,1981,-7.0,0,7,4.0,1,1.0,,,
516_BDI,516,Burundi,Burundi,BDI,Burundi,1982,-7.0,0,7,4.0,1,1.0,,,
516_BDI,516,Burundi,Burundi,BDI,Burundi,1983,-7.0,0,7,4.0,1,1.0,,,
516_BDI,516,Burundi,Burundi,BDI,Burundi,1984,-7.0,0,7,4.0,1,1.0,,,
516_BDI,516,Burundi,Burundi,BDI,Burundi,1985,-7.0,0,7,4.0,1,1.0,,,
516_BDI,516,Burundi,Burundi,BDI,Burundi,1986,-7.0,0,7,4.0,1,1.0,,,
516_BDI,516,Burundi,Burundi,BDI,Burundi,1987,-6.0,0,6,5.0,2,1.0,1.0,,0.0
516_BDI,516,Burundi,Burundi,BDI,Burundi,1988,-6.0,0,6,5.0,2,1.0,,,
516_BDI,516,Burundi,Burundi,BDI,Burundi,1989,-6.0,0,6,5.0,2,1.0,,,
516_BDI,516,Burundi,Burundi,BDI,Burundi,1990,-6.0,0,6,5.0,2,1.0,,,
516_BDI,516,Burundi,Burundi,BDI,Burundi,1991,-6.0,0,6,5.0,2,1.0,,,
516_BDI,516,Burundi,Burundi,BDI,Burundi,1992,-3.0,-88,-88,-88.0,-88,-88.0,,,1.0
516_BDI,516,Burundi,Burundi,BDI,Burundi,1993,0.0,-77,-77,-77.0,-77,-77.0,,1.0,-77.0
516_BDI,516,Burundi,Burundi,BDI,Burundi,1994,0.0,-77,-77,-77.0,-77,-77.0,,1.0,-77.0
516_BDI,516,Burundi,Burundi,BDI,Burundi,1995,0.0,-77,-77,-77.0,-77,-77.0,,1.0,-77.0
516_BDI,516,Burundi,Burundi,BDI,Burundi,1996,-5.0,0,5,4.0,2,2.0,,1.0,1.0
516_BDI,516,Burundi,Burundi,BDI,Burundi,1997,-5.0,0,5,4.0,2,2.0,,,1.0
516_BDI,516,Burundi,Burundi,BDI,Burundi,1998,-1.0,1,2,4.0,3,6.0,1.0,,1.0
516_BDI,516,Burundi,Burundi,BDI,Burundi,1999,-1.0,1,2,4.0,3,6.0,,,
516_BDI,516,Burundi,Burundi,BDI,Burundi,2000,-1.0,1,2,4.0,3,6.0,,,
516_BDI,516,Burundi,Burundi,BDI,Burundi,2001,0.0,-88,-88,-88.0,-88,-88.0,,,3.0
516_BDI,516,Burundi,Burundi,BDI,Burundi,2002,2.0,-88,-88,-88.0,-88,-88.0,,,3.0
516_BDI,516,Burundi,Burundi,BDI,Burundi,2003,3.0,-88,-88,-88.0,-88,-88.0,,,3.0
516_BDI,516,Burundi,Burundi,BDI,Burundi,2004,5.0,-88,-88,-88.0,-88,-88.0,,,3.0
516_BDI,516,Burundi,Burundi,BDI,Burundi,2005,6.0,7,1,7.0,6,8.0,1.0,,3.0
516_BDI,516,Burundi,Burundi,BDI,Burundi,2006,6.0,7,1,7.0,6,8.0,,,
516_BDI,516,Burundi,Burundi,BDI,Burundi,2007,6.0,7,1,7.0,6,8.0,,,
516_BDI,516,Burundi,Burundi,BDI,Burundi,2008,6.0,7,1,7.0,6,8.0,,,
516_BDI,516,Burundi,Burundi,BDI,Burundi,2009,6.0,7,1,7.0,6,8.0,,,
516_BDI,516,Burundi,Burundi,BDI,Burundi,2010,6.0,7,1,7.0,6,8.0,,,
516_BDI,516,Burundi,Burundi,BDI,Burundi,2011,6.0,7,1,7.0,6,8.0,,,
516_BDI,516,Burundi,Burundi,BDI,Burundi,2012,6.0,7,1,7.0,6,8.0,,,
516_BDI,516,Burundi,Burundi,BDI,Burundi,2013,6.0,7,1,7.0,6,8.0,,,
516_BDI,516,Burundi,Burundi,BDI,Burundi,2014,6.0,7,1,7.0,6,8.0,,,
516_BDI,516,Burundi,Burundi,BDI,Burundi,2015,-1.0,2,3,3.0,4,6.0,1.0,,-2.0
516_BDI,516,Burundi,Burundi,BDI,Burundi,2016,-1.0,2,3,3.0,4,6.0,,,
516_BDI,516,Burundi,Burundi,BDI,Burundi,2017,-1.0,2,3,3.0,4,6.0,,,
516_BDI,516,Burundi,Burundi,BDI,Burundi,2018,-1.0,2,3,3.0,4,6.0,,,
517_RWA,517,Rwanda,Rwanda,RWA,Rwanda,1971,-5.0,1,6,3.0,1,6.0,,,
517_RWA,517,Rwanda,Rwanda,RWA,Rwanda,1972,-5.0,1,6,3.0,1,6.0,,,
517_RWA,517,Rwanda,Rwanda,RWA,Rwanda,1973,-7.0,0,7,4.0,1,1.0,1.0,,0.0
517_RWA,517,Rwanda,Rwanda,RWA,Rwanda,1974,-7.0,0,7,4.0,1,1.0,,,
517_RWA,517,Rwanda,Rwanda,RWA,Rwanda,1975,-7.0,0,7,4.0,1,1.0,,,
517_RWA,517,Rwanda,Rwanda,RWA,Rwanda,1976,-7.0,0,7,4.0,1,1.0,,,
517_RWA,517,Rwanda,Rwanda,RWA,Rwanda,1977,-7.0,0,7,4.0,1,1.0,,,
517_RWA,517,Rwanda,Rwanda,RWA,Rwanda,1978,-7.0,0,7,4.0,1,1.0,,,
517_RWA,517,Rwanda,Rwanda,RWA,Rwanda,1979,-7.0,0,7,4.0,1,1.0,,,
517_RWA,517,Rwanda,Rwanda,RWA,Rwanda,1980,-7.0,0,7,4.0,1,1.0,,,
517_RWA,517,Rwanda,Rwanda,RWA,Rwanda,1981,-7.0,0,7,4.0,1,1.0,,,
517_RWA,517,Rwanda,Rwanda,RWA,Rwanda,1982,-7.0,0,7,4.0,1,1.0,,,
517_RWA,517,Rwanda,Rwanda,RWA,Rwanda,1983,-7.0,0,7,4.0,1,1.0,,,
517_RWA,517,Rwanda,Rwanda,RWA,Rwanda,1984,-7.0,0,7,4.0,1,1.0,,,
517_RWA,517,Rwanda,Rwanda,RWA,Rwanda,1985,-7.0,0,7,4.0,1,1.0,,,
517_RWA,517,Rwanda,Rwanda,RWA,Rwanda,1986,-7.0,0,7,4.0,1,1.0,,,
517_RWA,517,Rwanda,Rwanda,RWA,Rwanda,1987,-7.0,0,7,4.0,1,1.0,,,
517_RWA,517,Rwanda,Rwanda,RWA,Rwanda,1988,-7.0,0,7,4.0,1,1.0,,,
517_RWA,517,Rwanda,Rwanda,RWA,Rwanda,1989,-7.0,0,7,4.0,1,1.0,,,
517_RWA,517,Rwanda,Rwanda,RWA,Rwanda,1990,-7.0,0,7,5.0,1,1.0,,,
517_RWA,517,Rwanda,Rwanda,RWA,Rwanda,1991,-7.0,0,7,5.0,1,1.0,,,
517_RWA,517,Rwanda,Rwanda,RWA,Rwanda,1992,-7.0,0,7,5.0,1,1.0,,,
517_RWA,517,Rwanda,Rwanda,RWA,Rwanda,1993,-7.0,0,7,5.0,1,1.0,,,
517_RWA,517,Rwanda,Rwanda,RWA,Rwanda,1994,-6.0,0,6,4.0,2,1.0,1.0,1.0,0.0
517_RWA,517,Rwanda,Rwanda,RWA,Rwanda,1995,-6.0,0,6,4.0,2,1.0,,,
517_RWA,517,Rwanda,Rwanda,RWA,Rwanda,1996,-6.0,0,6,4.0,2,1.0,,,
517_RWA,517,Rwanda,Rwanda,RWA,Rwanda,1997,-6.0,0,6,4.0,2,1.0,,,
517_RWA,517,Rwanda,Rwanda,RWA,Rwanda,1998,-6.0,0,6,4.0,2,1.0,,,
517_RWA,517,Rwanda,Rwanda,RWA,Rwanda,1999,-6.0,0,6,4.0,2,1.0,,,
517_RWA,517,Rwanda,Rwanda,RWA,Rwanda,2000,-4.0,0,4,4.0,2,3.0,1.0,,0.0
517_RWA,517,Rwanda,Rwanda,RWA,Rwanda,2001,-4.0,0,4,4.0,2,3.0,,,
517_RWA,517,Rwanda,Rwanda,RWA,Rwanda,2002,-4.0,0,4,4.0,2,3.0,,,
517_RWA,517,Rwanda,Rwanda,RWA,Rwanda,2003,-3.0,0,3,5.0,3,3.0,1.0,,0.0
517_RWA,517,Rwanda,Rwanda,RWA,Rwanda,2004,-3.0,0,3,5.0,3,3.0,,,
517_RWA,517,Rwanda,Rwanda,RWA,Rwanda,2005,-3.0,0,3,5.0,3,3.0,,,
517_RWA,517,Rwanda,Rwanda,RWA,Rwanda,2006,-3.0,0,3,5.0,3,3.0,,,
517_RWA,517,Rwanda,Rwanda,RWA,Rwanda,2007,-3.0,0,3,5.0,3,3.0,,,
517_RWA,517,Rwanda,Rwanda,RWA,Rwanda,2008,-3.0,0,3,5.0,3,3.0,,,
517_RWA,517,Rwanda,Rwanda,RWA,Rwanda,2009,-3.0,0,3,5.0,3,3.0,,,
517_RWA,517,Rwanda,Rwanda,RWA,Rwanda,2010,-4.0,0,4,4.0,3,2.0,1.0,,0.0
517_RWA,517,Rwanda,Rwanda,RWA,Rwanda,2011,-4.0,0,4,4.0,3,2.0,,,
517_RWA,517,Rwanda,Rwanda,RWA,Rwanda,2012,-4.0,0,4,4.0,3,2.0,,,
517_RWA,517,Rwanda,Rwanda,RWA,Rwanda,2013,-3.0,0,3,4.0,3,3.0,1.0,,0.0
517_RWA,517,Rwanda,Rwanda,RWA,Rwanda,2014,-3.0,0,3,4.0,3,3.0,,,0.0
517_RWA,517,Rwanda,Rwanda,RWA,Rwanda,2015,-3.0,0,3,4.0,3,3.0,,,
517_RWA,517,Rwanda,Rwanda,RWA,Rwanda,2016,-3.0,0,3,4.0,3,3.0,,,
517_RWA,517,Rwanda,Rwanda,RWA,Rwanda,2017,-3.0,0,3,4.0,3,3.0,,,
517_RWA,517,Rwanda,Rwanda,RWA,Rwanda,2018,-3.0,0,3,4.0,3,3.0,,,
51_JAM,51,Jamaica,Jamaica,JAM,Jamaica,1971,10.0,10,0,8.0,7,10.0,,,
51_JAM,51,Jamaica,Jamaica,JAM,Jamaica,1972,10.0,10,0,8.0,7,10.0,,,
51_JAM,51,Jamaica,Jamaica,JAM,Jamaica,1973,10.0,10,0,8.0,7,10.0,,,
51_JAM,51,Jamaica,Jamaica,JAM,Jamaica,1974,10.0,10,0,8.0,7,10.0,,,
51_JAM,51,Jamaica,Jamaica,JAM,Jamaica,1975,10.0,10,0,8.0,7,10.0,,,
51_JAM,51,Jamaica,Jamaica,JAM,Jamaica,1976,10.0,10,0,8.0,7,10.0,,,
51_JAM,51,Jamaica,Jamaica,JAM,Jamaica,1977,10.0,10,0,8.0,7,10.0,,,
51_JAM,51,Jamaica,Jamaica,JAM,Jamaica,1978,10.0,10,0,8.0,7,10.0,,,
51_JAM,51,Jamaica,Jamaica,JAM,Jamaica,1979,10.0,10,0,8.0,7,10.0,,,
51_JAM,51,Jamaica,Jamaica,JAM,Jamaica,1980,10.0,10,0,8.0,7,10.0,,,
51_JAM,51,Jamaica,Jamaica,JAM,Jamaica,1981,10.0,10,0,8.0,7,10.0,,,
51_JAM,51,Jamaica,Jamaica,JAM,Jamaica,1982,10.0,10,0,8.0,7,10.0,,,
51_JAM,51,Jamaica,Jamaica,JAM,Jamaica,1983,10.0,10,0,8.0,7,10.0,,,
51_JAM,51,Jamaica,Jamaica,JAM,Jamaica,1984,10.0,10,0,8.0,7,10.0,,,
51_JAM,51,Jamaica,Jamaica,JAM,Jamaica,1985,10.0,10,0,8.0,7,10.0,,,
51_JAM,51,Jamaica,Jamaica,JAM,Jamaica,1986,10.0,10,0,8.0,7,10.0,,,
51_JAM,51,Jamaica,Jamaica,JAM,Jamaica,1987,10.0,10,0,8.0,7,10.0,,,
51_JAM,51,Jamaica,Jamaica,JAM,Jamaica,1988,10.0,10,0,8.0,7,10.0,,,
51_JAM,51,Jamaica,Jamaica,JAM,Jamaica,1989,10.0,10,0,8.0,7,10.0,,,
51_JAM,51,Jamaica,Jamaica,JAM,Jamaica,1990,10.0,10,0,8.0,7,10.0,,,
51_JAM,51,Jamaica,Jamaica,JAM,Jamaica,1991,10.0,10,0,8.0,7,10.0,,,
51_JAM,51,Jamaica,Jamaica,JAM,Jamaica,1992,10.0,10,0,8.0,7,10.0,,,
51_JAM,51,Jamaica,Jamaica,JAM,Jamaica,1993,9.0,9,0,8.0,7,9.0,1.0,,0.0
51_JAM,51,Jamaica,Jamaica,JAM,Jamaica,1994,9.0,9,0,8.0,7,9.0,,,
51_JAM,51,Jamaica,Jamaica,JAM,Jamaica,1995,9.0,9,0,8.0,7,9.0,,,
51_JAM,51,Jamaica,Jamaica,JAM,Jamaica,1996,9.0,9,0,8.0,7,9.0,,,
51_JAM,51,Jamaica,Jamaica,JAM,Jamaica,1997,9.0,9,0,8.0,7,9.0,,,
51_JAM,51,Jamaica,Jamaica,JAM,Jamaica,1998,9.0,9,0,8.0,7,9.0,,,
51_JAM,51,Jamaica,Jamaica,JAM,Jamaica,1999,9.0,9,0,8.0,7,9.0,,,
51_JAM,51,Jamaica,Jamaica,JAM,Jamaica,2000,9.0,9,0,8.0,7,9.0,,,
51_JAM,51,Jamaica,Jamaica,JAM,Jamaica,2001,9.0,9,0,8.0,7,9.0,,,
51_JAM,51,Jamaica,Jamaica,JAM,Jamaica,2002,9.0,9,0,8.0,7,9.0,,,
51_JAM,51,Jamaica,Jamaica,JAM,Jamaica,2003,9.0,9,0,8.0,7,9.0,,,
51_JAM,51,Jamaica,Jamaica,JAM,Jamaica,2004,9.0,9,0,8.0,7,9.0,,,
51_JAM,51,Jamaica,Jamaica,JAM,Jamaica,2005,9.0,9,0,8.0,7,9.0,,,
51_JAM,51,Jamaica,Jamaica,JAM,Jamaica,2006,9.0,9,0,8.0,7,9.0,,,
51_JAM,51,Jamaica,Jamaica,JAM,Jamaica,2007,9.0,9,0,8.0,7,9.0,,,
51_JAM,51,Jamaica,Jamaica,JAM,Jamaica,2008,9.0,9,0,8.0,7,9.0,,,
51_JAM,51,Jamaica,Jamaica,JAM,Jamaica,2009,9.0,9,0,8.0,7,9.0,,,
51_JAM,51,Jamaica,Jamaica,JAM,Jamaica,2010,9.0,9,0,8.0,7,9.0,,,
51_JAM,51,Jamaica,Jamaica,JAM,Jamaica,2011,9.0,9,0,8.0,7,9.0,,,
51_JAM,51,Jamaica,Jamaica,JAM,Jamaica,2012,9.0,9,0,8.0,7,9.0,,,
51_JAM,51,Jamaica,Jamaica,JAM,Jamaica,2013,9.0,9,0,8.0,7,9.0,,,
51_JAM,51,Jamaica,Jamaica,JAM,Jamaica,2014,9.0,9,0,8.0,7,9.0,,,
51_JAM,51,Jamaica,Jamaica,JAM,Jamaica,2015,9.0,9,0,8.0,7,9.0,,,
51_JAM,51,Jamaica,Jamaica,JAM,Jamaica,2016,9.0,9,0,8.0,7,9.0,,,
51_JAM,51,Jamaica,Jamaica,JAM,Jamaica,2017,9.0,9,0,8.0,7,9.0,,,
51_JAM,51,Jamaica,Jamaica,JAM,Jamaica,2018,9.0,9,0,8.0,7,9.0,,,
520_SOM,520,Somalia,Somalia,SOM,Somalia,1971,-7.0,0,7,4.0,1,1.0,,,
520_SOM,520,Somalia,Somalia,SOM,Somalia,1972,-7.0,0,7,4.0,1,1.0,,,
520_SOM,520,Somalia,Somalia,SOM,Somalia,1973,-7.0,0,7,4.0,1,1.0,,,
520_SOM,520,Somalia,Somalia,SOM,Somalia,1974,-7.0,0,7,4.0,1,1.0,,,
520_SOM,520,Somalia,Somalia,SOM,Somalia,1975,-7.0,0,7,4.0,1,1.0,,,
520_SOM,520,Somalia,Somalia,SOM,Somalia,1976,-7.0,0,7,4.0,1,1.0,,,
520_SOM,520,Somalia,Somalia,SOM,Somalia,1977,-7.0,0,7,4.0,1,1.0,,,
520_SOM,520,Somalia,Somalia,SOM,Somalia,1978,-7.0,0,7,4.0,1,1.0,,,
520_SOM,520,Somalia,Somalia,SOM,Somalia,1979,-7.0,0,7,5.0,1,1.0,,,
520_SOM,520,Somalia,Somalia,SOM,Somalia,1980,-7.0,0,7,5.0,1,1.0,,,
520_SOM,520,Somalia,Somalia,SOM,Somalia,1981,-7.0,0,7,5.0,1,1.0,,,
520_SOM,520,Somalia,Somalia,SOM,Somalia,1982,-7.0,0,7,5.0,1,1.0,,,
520_SOM,520,Somalia,Somalia,SOM,Somalia,1983,-7.0,0,7,5.0,1,1.0,,,
520_SOM,520,Somalia,Somalia,SOM,Somalia,1984,-7.0,0,7,5.0,1,1.0,,,
520_SOM,520,Somalia,Somalia,SOM,Somalia,1985,-7.0,0,7,5.0,1,1.0,,,
520_SOM,520,Somalia,Somalia,SOM,Somalia,1986,-7.0,0,7,5.0,1,1.0,,,
520_SOM,520,Somalia,Somalia,SOM,Somalia,1987,-7.0,0,7,5.0,1,1.0,,,
520_SOM,520,Somalia,Somalia,SOM,Somalia,1988,-7.0,0,7,5.0,1,1.0,,,
520_SOM,520,Somalia,Somalia,SOM,Somalia,1989,-7.0,0,7,5.0,1,1.0,,,
520_SOM,520,Somalia,Somalia,SOM,Somalia,1990,-7.0,0,7,5.0,1,1.0,,,
520_SOM,520,Somalia,Somalia,SOM,Somalia,1991,0.0,-77,-77,-77.0,-77,-77.0,,1.0,-77.0
520_SOM,520,Somalia,Somalia,SOM,Somalia,1992,0.0,-77,-77,-77.0,-77,-77.0,,1.0,-77.0
520_SOM,520,Somalia,Somalia,SOM,Somalia,1993,0.0,-77,-77,-77.0,-77,-77.0,,1.0,-77.0
520_SOM,520,Somalia,Somalia,SOM,Somalia,1994,0.0,-77,-77,-77.0,-77,-77.0,,1.0,-77.0
520_SOM,520,Somalia,Somalia,SOM,Somalia,1995,0.0,-77,-77,-77.0,-77,-77.0,,1.0,-77.0
520_SOM,520,Somalia,Somalia,SOM,Somalia,1996,0.0,-77,-77,-77.0,-77,-77.0,,1.0,-77.0
520_SOM,520,Somalia,Somalia,SOM,Somalia,1997,0.0,-77,-77,-77.0,-77,-77.0,,1.0,-77.0
520_SOM,520,Somalia,Somalia,SOM,Somalia,1998,0.0,-77,-77,-77.0,-77,-77.0,,1.0,-77.0
520_SOM,520,Somalia,Somalia,SOM,Somalia,1999,0.0,-77,-77,-77.0,-77,-77.0,,1.0,-77.0
520_SOM,520,Somalia,Somalia,SOM,Somalia,2000,0.0,-77,-77,-77.0,-77,-77.0,,1.0,-77.0
520_SOM,520,Somalia,Somalia,SOM,Somalia,2001,0.0,-77,-77,-77.0,-77,-77.0,,1.0,-77.0
520_SOM,520,Somalia,Somalia,SOM,Somalia,2002,0.0,-77,-77,-77.0,-77,-77.0,,1.0,-77.0
520_SOM,520,Somalia,Somalia,SOM,Somalia,2003,0.0,-77,-77,-77.0,-77,-77.0,,1.0,-77.0
520_SOM,520,Somalia,Somalia,SOM,Somalia,2004,0.0,-77,-77,-77.0,-77,-77.0,,1.0,-77.0
520_SOM,520,Somalia,Somalia,SOM,Somalia,2005,0.0,-77,-77,-77.0,-77,-77.0,,1.0,-77.0
520_SOM,520,Somalia,Somalia,SOM,Somalia,2006,0.0,-77,-77,-77.0,-77,-77.0,,1.0,-77.0
520_SOM,520,Somalia,Somalia,SOM,Somalia,2007,0.0,-77,-77,-77.0,-77,-77.0,,1.0,-77.0
520_SOM,520,Somalia,Somalia,SOM,Somalia,2008,0.0,-77,-77,-77.0,-77,-77.0,,1.0,-77.0
520_SOM,520,Somalia,Somalia,SOM,Somalia,2009,0.0,-77,-77,-77.0,-77,-77.0,,1.0,
520_SOM,520,Somalia,Somalia,SOM,Somalia,2010,0.0,-77,-77,-77.0,-77,-77.0,,1.0,
520_SOM,520,Somalia,Somalia,SOM,Somalia,2011,,-66,-66,-66.0,-66,-66.0,,1.0,-66.0
520_SOM,520,Somalia,Somalia,SOM,Somalia,2012,5.0,5,0,7.0,6,4.0,1.0,,3.0
520_SOM,520,Somalia,Somalia,SOM,Somalia,2013,5.0,5,0,7.0,6,4.0,,,3.0
520_SOM,520,Somalia,Somalia,SOM,Somalia,2014,5.0,5,0,7.0,6,4.0,,,3.0
520_SOM,520,Somalia,Somalia,SOM,Somalia,2015,5.0,5,0,7.0,6,4.0,,,
520_SOM,520,Somalia,Somalia,SOM,Somalia,2016,5.0,5,0,7.0,6,4.0,,,
520_SOM,520,Somalia,Somalia,SOM,Somalia,2017,5.0,5,0,7.0,6,4.0,,,
520_SOM,520,Somalia,Somalia,SOM,Somalia,2018,5.0,5,0,7.0,6,4.0,,,
522_DJI,522,Djibouti,Djibouti,DJI,Djibouti,1977,-8.0,0,8,3.0,2,1.0,1.0,,99.0
522_DJI,522,Djibouti,Djibouti,DJI,Djibouti,1978,-8.0,0,8,3.0,2,1.0,,,
522_DJI,522,Djibouti,Djibouti,DJI,Djibouti,1979,-8.0,0,8,3.0,2,1.0,,,
522_DJI,522,Djibouti,Djibouti,DJI,Djibouti,1980,-8.0,0,8,3.0,2,1.0,,,
522_DJI,522,Djibouti,Djibouti,DJI,Djibouti,1981,-8.0,0,8,3.0,2,1.0,,,
522_DJI,522,Djibouti,Djibouti,DJI,Djibouti,1982,-8.0,0,8,3.0,2,1.0,,,
522_DJI,522,Djibouti,Djibouti,DJI,Djibouti,1983,-8.0,0,8,3.0,2,1.0,,,
522_DJI,522,Djibouti,Djibouti,DJI,Djibouti,1984,-8.0,0,8,3.0,2,1.0,,,
522_DJI,522,Djibouti,Djibouti,DJI,Djibouti,1985,-8.0,0,8,3.0,2,1.0,,,
522_DJI,522,Djibouti,Djibouti,DJI,Djibouti,1986,-8.0,0,8,3.0,2,1.0,,,
522_DJI,522,Djibouti,Djibouti,DJI,Djibouti,1987,-8.0,0,8,3.0,2,1.0,,,
522_DJI,522,Djibouti,Djibouti,DJI,Djibouti,1988,-8.0,0,8,3.0,2,1.0,,,
522_DJI,522,Djibouti,Djibouti,DJI,Djibouti,1989,-8.0,0,8,3.0,2,1.0,,,
522_DJI,522,Djibouti,Djibouti,DJI,Djibouti,1990,-8.0,0,8,3.0,2,1.0,,,
522_DJI,522,Djibouti,Djibouti,DJI,Djibouti,1991,-8.0,0,8,3.0,2,1.0,,,
522_DJI,522,Djibouti,Djibouti,DJI,Djibouti,1992,-7.0,0,7,3.0,2,2.0,1.0,,0.0
522_DJI,522,Djibouti,Djibouti,DJI,Djibouti,1993,-7.0,0,7,3.0,2,2.0,,,
522_DJI,522,Djibouti,Djibouti,DJI,Djibouti,1994,-7.0,0,7,3.0,2,2.0,,,
522_DJI,522,Djibouti,Djibouti,DJI,Djibouti,1995,-7.0,0,7,3.0,2,2.0,,,
522_DJI,522,Djibouti,Djibouti,DJI,Djibouti,1996,-6.0,0,6,3.0,2,3.0,1.0,,0.0
522_DJI,522,Djibouti,Djibouti,DJI,Djibouti,1997,-6.0,0,6,3.0,2,3.0,,,
522_DJI,522,Djibouti,Djibouti,DJI,Djibouti,1998,-6.0,0,6,3.0,2,3.0,,,
522_DJI,522,Djibouti,Djibouti,DJI,Djibouti,1999,1.0,3,2,7.0,3,6.0,1.0,,3.0
522_DJI,522,Djibouti,Djibouti,DJI,Djibouti,2000,1.0,3,2,7.0,3,6.0,,,
522_DJI,522,Djibouti,Djibouti,DJI,Djibouti,2001,1.0,3,2,7.0,3,6.0,,,
522_DJI,522,Djibouti,Djibouti,DJI,Djibouti,2002,1.0,3,2,7.0,3,6.0,,,
522_DJI,522,Djibouti,Djibouti,DJI,Djibouti,2003,1.0,3,2,7.0,3,6.0,,,
522_DJI,522,Djibouti,Djibouti,DJI,Djibouti,2004,1.0,3,2,7.0,3,6.0,,,
522_DJI,522,Djibouti,Djibouti,DJI,Djibouti,2005,2.0,3,1,7.0,3,7.0,,,
522_DJI,522,Djibouti,Djibouti,DJI,Djibouti,2006,2.0,3,1,7.0,3,7.0,,,
522_DJI,522,Djibouti,Djibouti,DJI,Djibouti,2007,2.0,3,1,7.0,3,7.0,,,
522_DJI,522,Djibouti,Djibouti,DJI,Djibouti,2008,2.0,3,1,7.0,3,7.0,,,
522_DJI,522,Djibouti,Djibouti,DJI,Djibouti,2009,2.0,3,1,7.0,3,7.0,,,
522_DJI,522,Djibouti,Djibouti,DJI,Djibouti,2010,2.0,3,1,7.0,3,7.0,,,
522_DJI,522,Djibouti,Djibouti,DJI,Djibouti,2011,2.0,3,1,7.0,3,7.0,,,
522_DJI,522,Djibouti,Djibouti,DJI,Djibouti,2012,2.0,3,1,7.0,3,7.0,,,
522_DJI,522,Djibouti,Djibouti,DJI,Djibouti,2013,3.0,3,0,7.0,4,5.0,1.0,,0.0
522_DJI,522,Djibouti,Djibouti,DJI,Djibouti,2014,3.0,3,0,7.0,4,5.0,,,
522_DJI,522,Djibouti,Djibouti,DJI,Djibouti,2015,3.0,3,0,7.0,4,5.0,,,
522_DJI,522,Djibouti,Djibouti,DJI,Djibouti,2016,3.0,3,0,7.0,4,5.0,,,
522_DJI,522,Djibouti,Djibouti,DJI,Djibouti,2017,3.0,3,0,7.0,4,5.0,,,
522_DJI,522,Djibouti,Djibouti,DJI,Djibouti,2018,3.0,3,0,7.0,4,5.0,,,
529_ETH,530,Ethiopia,Ethiopia,ETH,Ethiopia,1971,-9.0,0,9,3.0,1,1.0,,,
529_ETH,530,Ethiopia,Ethiopia,ETH,Ethiopia,1972,-9.0,0,9,3.0,1,1.0,,,
529_ETH,530,Ethiopia,Ethiopia,ETH,Ethiopia,1973,-9.0,0,9,3.0,1,1.0,,,
529_ETH,530,Ethiopia,Ethiopia,ETH,Ethiopia,1974,0.0,-77,-77,-77.0,-77,-77.0,,1.0,-77.0
529_ETH,530,Ethiopia,Ethiopia,ETH,Ethiopia,1975,-7.0,0,7,3.0,3,1.0,1.0,1.0,0.0
529_ETH,530,Ethiopia,Ethiopia,ETH,Ethiopia,1976,-7.0,0,7,3.0,3,1.0,,,
529_ETH,530,Ethiopia,Ethiopia,ETH,Ethiopia,1977,-7.0,0,7,3.0,3,1.0,,,
529_ETH,530,Ethiopia,Ethiopia,ETH,Ethiopia,1978,-7.0,0,7,3.0,3,1.0,,,
529_ETH,530,Ethiopia,Ethiopia,ETH,Ethiopia,1979,-7.0,0,7,3.0,3,1.0,,,
529_ETH,530,Ethiopia,Ethiopia,ETH,Ethiopia,1980,-7.0,0,7,3.0,3,1.0,,,
529_ETH,530,Ethiopia,Ethiopia,ETH,Ethiopia,1981,-7.0,0,7,3.0,3,1.0,,,
529_ETH,530,Ethiopia,Ethiopia,ETH,Ethiopia,1982,-7.0,0,7,3.0,3,1.0,,,
529_ETH,530,Ethiopia,Ethiopia,ETH,Ethiopia,1983,-7.0,0,7,3.0,3,1.0,,,
529_ETH,530,Ethiopia,Ethiopia,ETH,Ethiopia,1984,-8.0,0,8,3.0,2,1.0,1.0,,0.0
529_ETH,530,Ethiopia,Ethiopia,ETH,Ethiopia,1985,-8.0,0,8,3.0,2,1.0,,,
529_ETH,530,Ethiopia,Ethiopia,ETH,Ethiopia,1986,-8.0,0,8,3.0,2,1.0,,,
529_ETH,530,Ethiopia,Ethiopia,ETH,Ethiopia,1987,-8.0,0,8,3.0,2,1.0,,,
529_ETH,530,Ethiopia,Ethiopia,ETH,Ethiopia,1988,-8.0,0,8,3.0,2,1.0,,,
529_ETH,530,Ethiopia,Ethiopia,ETH,Ethiopia,1989,-8.0,0,8,3.0,2,1.0,,,
529_ETH,530,Ethiopia,Ethiopia,ETH,Ethiopia,1990,-8.0,0,8,3.0,2,1.0,,,
529_ETH,530,Ethiopia,Ethiopia,ETH,Ethiopia,1991,0.0,-77,-77,-77.0,-77,-77.0,,1.0,-77.0
529_ETH,530,Ethiopia,Ethiopia,ETH,Ethiopia,1992,0.0,-88,-88,-88.0,-88,-88.0,,,0.0
529_ETH,530,Ethiopia,Ethiopia,ETH,Ethiopia,1993,0.0,-88,-88,-88.0,-88,-88.0,1.0,,98.0
529_ETH,529,Ethiopia,Ethiopia,ETH,Ethiopia,1993,1.0,-88,-88,-88.0,-88,-88.0,1.0,,97.0
529_ETH,529,Ethiopia,Ethiopia,ETH,Ethiopia,1994,1.0,-88,-88,-88.0,-88,-88.0,,,3.0
529_ETH,529,Ethiopia,Ethiopia,ETH,Ethiopia,1995,1.0,3,2,7.0,3,6.0,1.0,,3.0
529_ETH,529,Ethiopia,Ethiopia,ETH,Ethiopia,1996,1.0,3,2,7.0,3,6.0,,,
529_ETH,529,Ethiopia,Ethiopia,ETH,Ethiopia,1997,1.0,3,2,7.0,3,6.0,,,
529_ETH,529,Ethiopia,Ethiopia,ETH,Ethiopia,1998,1.0,3,2,7.0,3,6.0,,,
529_ETH,529,Ethiopia,Ethiopia,ETH,Ethiopia,1999,1.0,3,2,7.0,3,6.0,,,
529_ETH,529,Ethiopia,Ethiopia,ETH,Ethiopia,2000,1.0,3,2,7.0,3,6.0,,,
529_ETH,529,Ethiopia,Ethiopia,ETH,Ethiopia,2001,1.0,3,2,7.0,3,6.0,,,
529_ETH,529,Ethiopia,Ethiopia,ETH,Ethiopia,2002,1.0,3,2,7.0,3,6.0,,,
529_ETH,529,Ethiopia,Ethiopia,ETH,Ethiopia,2003,1.0,3,2,7.0,3,6.0,,,
529_ETH,529,Ethiopia,Ethiopia,ETH,Ethiopia,2004,1.0,3,2,7.0,3,6.0,,,
529_ETH,529,Ethiopia,Ethiopia,ETH,Ethiopia,2005,-3.0,1,4,3.0,3,6.0,1.0,,-1.0
529_ETH,529,Ethiopia,Ethiopia,ETH,Ethiopia,2006,-3.0,1,4,3.0,3,6.0,,,
529_ETH,529,Ethiopia,Ethiopia,ETH,Ethiopia,2007,-3.0,1,4,3.0,3,6.0,,,
529_ETH,529,Ethiopia,Ethiopia,ETH,Ethiopia,2008,-3.0,1,4,3.0,3,6.0,,,
529_ETH,529,Ethiopia,Ethiopia,ETH,Ethiopia,2009,-3.0,1,4,3.0,3,6.0,,,
529_ETH,529,Ethiopia,Ethiopia,ETH,Ethiopia,2010,-3.0,1,4,3.0,3,6.0,,,
529_ETH,529,Ethiopia,Ethiopia,ETH,Ethiopia,2011,-3.0,1,4,3.0,3,6.0,,,
529_ETH,529,Ethiopia,Ethiopia,ETH,Ethiopia,2012,-3.0,1,4,3.0,3,6.0,,,
529_ETH,529,Ethiopia,Ethiopia,ETH,Ethiopia,2013,-3.0,1,4,3.0,3,6.0,,,
529_ETH,529,Ethiopia,Ethiopia,ETH,Ethiopia,2014,-3.0,1,4,3.0,3,6.0,,,
529_ETH,529,Ethiopia,Ethiopia,ETH,Ethiopia,2015,-3.0,1,4,3.0,3,6.0,,,
529_ETH,529,Ethiopia,Ethiopia,ETH,Ethiopia,2016,-3.0,1,4,3.0,3,6.0,,,
529_ETH,529,Ethiopia,Ethiopia,ETH,Ethiopia,2017,-3.0,1,4,3.0,3,6.0,,,
529_ETH,529,Ethiopia,Ethiopia,ETH,Ethiopia,2018,1.0,3,2,3.0,5,7.0,1.0,,2.0
52_TTO,52,Trinidad and Tobago,Trinidad and Tobago,TTO,Trinidad and Tobago,1971,4.0,4,0,7.0,5,5.0,,,
52_TTO,52,Trinidad and Tobago,Trinidad and Tobago,TTO,Trinidad and Tobago,1972,4.0,4,0,7.0,5,5.0,,,
52_TTO,52,Trinidad and Tobago,Trinidad and Tobago,TTO,Trinidad and Tobago,1973,4.0,4,0,7.0,5,5.0,,,
52_TTO,52,Trinidad and Tobago,Trinidad and Tobago,TTO,Trinidad and Tobago,1974,4.0,4,0,7.0,5,5.0,,,
52_TTO,52,Trinidad and Tobago,Trinidad and Tobago,TTO,Trinidad and Tobago,1975,4.0,4,0,7.0,5,5.0,,,
52_TTO,52,Trinidad and Tobago,Trinidad and Tobago,TTO,Trinidad and Tobago,1976,4.0,4,0,7.0,5,5.0,,,
52_TTO,52,Trinidad and Tobago,Trinidad and Tobago,TTO,Trinidad and Tobago,1977,4.0,4,0,7.0,5,5.0,,,
52_TTO,52,Trinidad and Tobago,Trinidad and Tobago,TTO,Trinidad and Tobago,1978,4.0,4,0,7.0,5,5.0,,,
52_TTO,52,Trinidad and Tobago,Trinidad and Tobago,TTO,Trinidad and Tobago,1979,4.0,4,0,7.0,5,5.0,,,
52_TTO,52,Trinidad and Tobago,Trinidad and Tobago,TTO,Trinidad and Tobago,1980,4.0,4,0,7.0,5,5.0,,,
52_TTO,52,Trinidad and Tobago,Trinidad and Tobago,TTO,Trinidad and Tobago,1981,7.0,8,1,8.0,6,8.0,1.0,,2.0
52_TTO,52,Trinidad and Tobago,Trinidad and Tobago,TTO,Trinidad and Tobago,1982,7.0,8,1,8.0,6,8.0,,,
52_TTO,52,Trinidad and Tobago,Trinidad and Tobago,TTO,Trinidad and Tobago,1983,7.0,8,1,8.0,6,8.0,,,
52_TTO,52,Trinidad and Tobago,Trinidad and Tobago,TTO,Trinidad and Tobago,1984,7.0,8,1,8.0,6,8.0,,,
52_TTO,52,Trinidad and Tobago,Trinidad and Tobago,TTO,Trinidad and Tobago,1985,7.0,8,1,8.0,6,8.0,,,
52_TTO,52,Trinidad and Tobago,Trinidad and Tobago,TTO,Trinidad and Tobago,1986,8.0,9,1,8.0,7,8.0,1.0,,0.0
52_TTO,52,Trinidad and Tobago,Trinidad and Tobago,TTO,Trinidad and Tobago,1987,8.0,9,1,8.0,7,8.0,,,
52_TTO,52,Trinidad and Tobago,Trinidad and Tobago,TTO,Trinidad and Tobago,1988,8.0,9,1,8.0,7,8.0,,,
52_TTO,52,Trinidad and Tobago,Trinidad and Tobago,TTO,Trinidad and Tobago,1989,8.0,9,1,8.0,7,8.0,,,
52_TTO,52,Trinidad and Tobago,Trinidad and Tobago,TTO,Trinidad and Tobago,1990,8.0,9,1,8.0,7,8.0,,,
52_TTO,52,Trinidad and Tobago,Trinidad and Tobago,TTO,Trinidad and Tobago,1991,8.0,9,1,8.0,7,8.0,,,
52_TTO,52,Trinidad and Tobago,Trinidad and Tobago,TTO,Trinidad and Tobago,1992,8.0,9,1,8.0,7,8.0,,,
52_TTO,52,Trinidad and Tobago,Trinidad and Tobago,TTO,Trinidad and Tobago,1993,8.0,9,1,8.0,7,8.0,,,
52_TTO,52,Trinidad and Tobago,Trinidad and Tobago,TTO,Trinidad and Tobago,1994,8.0,9,1,8.0,7,8.0,,,
52_TTO,52,Trinidad and Tobago,Trinidad and Tobago,TTO,Trinidad and Tobago,1995,9.0,9,0,8.0,7,9.0,1.0,,0.0
52_TTO,52,Trinidad and Tobago,Trinidad and Tobago,TTO,Trinidad and Tobago,1996,9.0,9,0,8.0,7,9.0,,,
52_TTO,52,Trinidad and Tobago,Trinidad and Tobago,TTO,Trinidad and Tobago,1997,9.0,9,0,8.0,7,9.0,,,
52_TTO,52,Trinidad and Tobago,Trinidad and Tobago,TTO,Trinidad and Tobago,1998,9.0,9,0,8.0,7,9.0,,,
52_TTO,52,Trinidad and Tobago,Trinidad and Tobago,TTO,Trinidad and Tobago,1999,9.0,9,0,8.0,7,9.0,,,
52_TTO,52,Trinidad and Tobago,Trinidad and Tobago,TTO,Trinidad and Tobago,2000,9.0,9,0,8.0,7,9.0,,,
52_TTO,52,Trinidad and Tobago,Trinidad and Tobago,TTO,Trinidad and Tobago,2001,9.0,9,0,8.0,7,9.0,,,
52_TTO,52,Trinidad and Tobago,Trinidad and Tobago,TTO,Trinidad and Tobago,2002,9.0,9,0,8.0,7,9.0,,,
52_TTO,52,Trinidad and Tobago,Trinidad and Tobago,TTO,Trinidad and Tobago,2003,9.0,9,0,8.0,7,9.0,,,
52_TTO,52,Trinidad and Tobago,Trinidad and Tobago,TTO,Trinidad and Tobago,2004,9.0,9,0,8.0,7,9.0,,,
52_TTO,52,Trinidad and Tobago,Trinidad and Tobago,TTO,Trinidad and Tobago,2005,9.0,9,0,8.0,7,9.0,,,
52_TTO,52,Trinidad and Tobago,Trinidad and Tobago,TTO,Trinidad and Tobago,2006,9.0,9,0,8.0,7,9.0,,,
52_TTO,52,Trinidad and Tobago,Trinidad and Tobago,TTO,Trinidad and Tobago,2007,9.0,9,0,8.0,7,9.0,,,
52_TTO,52,Trinidad and Tobago,Trinidad and Tobago,TTO,Trinidad and Tobago,2008,9.0,9,0,8.0,7,9.0,,,
52_TTO,52,Trinidad and Tobago,Trinidad and Tobago,TTO,Trinidad and Tobago,2009,9.0,9,0,8.0,7,9.0,,,
52_TTO,52,Trinidad and Tobago,Trinidad and Tobago,TTO,Trinidad and Tobago,2010,9.0,9,0,8.0,7,9.0,,,
52_TTO,52,Trinidad and Tobago,Trinidad and Tobago,TTO,Trinidad and Tobago,2011,9.0,9,0,8.0,7,9.0,,,
52_TTO,52,Trinidad and Tobago,Trinidad and Tobago,TTO,Trinidad and Tobago,2012,9.0,9,0,8.0,7,9.0,,,
52_TTO,52,Trinidad and Tobago,Trinidad and Tobago,TTO,Trinidad and Tobago,2013,9.0,9,0,8.0,7,9.0,,,
52_TTO,52,Trinidad and Tobago,Trinidad and Tobago,TTO,Trinidad and Tobago,2014,9.0,9,0,8.0,7,9.0,,,
52_TTO,52,Trinidad and Tobago,Trinidad and Tobago,TTO,Trinidad and Tobago,2015,9.0,9,0,8.0,7,9.0,,,
52_TTO,52,Trinidad and Tobago,Trinidad and Tobago,TTO,Trinidad and Tobago,2016,9.0,9,0,8.0,7,9.0,,,
52_TTO,52,Trinidad and Tobago,Trinidad and Tobago,TTO,Trinidad and Tobago,2017,9.0,9,0,8.0,7,9.0,,,
52_TTO,52,Trinidad and Tobago,Trinidad and Tobago,TTO,Trinidad and Tobago,2018,9.0,9,0,8.0,7,9.0,,,
531_ERI,531,Eritrea,Eritrea,ERI,Eritrea,1993,-6.0,0,6,3.0,3,2.0,1.0,,99.0
531_ERI,531,Eritrea,Eritrea,ERI,Eritrea,1994,-6.0,0,6,3.0,3,2.0,,,
531_ERI,531,Eritrea,Eritrea,ERI,Eritrea,1995,-6.0,0,6,3.0,3,2.0,,,
531_ERI,531,Eritrea,Eritrea,ERI,Eritrea,1996,-6.0,0,6,3.0,3,2.0,,,
531_ERI,531,Eritrea,Eritrea,ERI,Eritrea,1997,-6.0,0,6,3.0,3,2.0,,,
531_ERI,531,Eritrea,Eritrea,ERI,Eritrea,1998,-6.0,0,6,3.0,3,2.0,,,
531_ERI,531,Eritrea,Eritrea,ERI,Eritrea,1999,-6.0,0,6,3.0,3,2.0,,,
531_ERI,531,Eritrea,Eritrea,ERI,Eritrea,2000,-6.0,0,6,3.0,3,2.0,,,
531_ERI,531,Eritrea,Eritrea,ERI,Eritrea,2001,-7.0,0,7,3.0,2,2.0,1.0,,0.0
531_ERI,531,Eritrea,Eritrea,ERI,Eritrea,2002,-7.0,0,7,3.0,2,2.0,,,
531_ERI,531,Eritrea,Eritrea,ERI,Eritrea,2003,-7.0,0,7,3.0,2,2.0,,,
531_ERI,531,Eritrea,Eritrea,ERI,Eritrea,2004,-7.0,0,7,3.0,2,2.0,,,
531_ERI,531,Eritrea,Eritrea,ERI,Eritrea,2005,-7.0,0,7,3.0,2,2.0,,,
531_ERI,531,Eritrea,Eritrea,ERI,Eritrea,2006,-7.0,0,7,3.0,2,2.0,,,
531_ERI,531,Eritrea,Eritrea,ERI,Eritrea,2007,-7.0,0,7,3.0,2,2.0,,,
531_ERI,531,Eritrea,Eritrea,ERI,Eritrea,2008,-7.0,0,7,3.0,2,2.0,,,
531_ERI,531,Eritrea,Eritrea,ERI,Eritrea,2009,-7.0,0,7,3.0,2,2.0,,,
531_ERI,531,Eritrea,Eritrea,ERI,Eritrea,2010,-7.0,0,7,3.0,2,2.0,,,
531_ERI,531,Eritrea,Eritrea,ERI,Eritrea,2011,-7.0,0,7,3.0,2,2.0,,,
531_ERI,531,Eritrea,Eritrea,ERI,Eritrea,2012,-7.0,0,7,3.0,2,2.0,,,
531_ERI,531,Eritrea,Eritrea,ERI,Eritrea,2013,-7.0,0,7,3.0,2,2.0,,,
531_ERI,531,Eritrea,Eritrea,ERI,Eritrea,2014,-7.0,0,7,3.0,2,2.0,,,
531_ERI,531,Eritrea,Eritrea,ERI,Eritrea,2015,-7.0,0,7,3.0,2,2.0,,,
531_ERI,531,Eritrea,Eritrea,ERI,Eritrea,2016,-7.0,0,7,3.0,2,2.0,,,
531_ERI,531,Eritrea,Eritrea,ERI,Eritrea,2017,-7.0,0,7,3.0,2,2.0,,,
531_ERI,531,Eritrea,Eritrea,ERI,Eritrea,2018,-7.0,0,7,3.0,2,2.0,,,
540_AGO,540,Angola,Angola,AGO,Angola,1975,-7.0,0,7,3.0,3,1.0,1.0,,99.0
540_AGO,540,Angola,Angola,AGO,Angola,1976,-7.0,0,7,3.0,3,1.0,,,
540_AGO,540,Angola,Angola,AGO,Angola,1977,-7.0,0,7,3.0,3,1.0,,,
540_AGO,540,Angola,Angola,AGO,Angola,1978,-7.0,0,7,3.0,3,1.0,,,
540_AGO,540,Angola,Angola,AGO,Angola,1979,-7.0,0,7,3.0,3,1.0,,,
540_AGO,540,Angola,Angola,AGO,Angola,1980,-7.0,0,7,3.0,3,1.0,,,
540_AGO,540,Angola,Angola,AGO,Angola,1981,-7.0,0,7,3.0,3,1.0,,,
540_AGO,540,Angola,Angola,AGO,Angola,1982,-7.0,0,7,3.0,3,1.0,,,
540_AGO,540,Angola,Angola,AGO,Angola,1983,-7.0,0,7,3.0,3,1.0,,,
540_AGO,540,Angola,Angola,AGO,Angola,1984,-7.0,0,7,3.0,3,1.0,,,
540_AGO,540,Angola,Angola,AGO,Angola,1985,-7.0,0,7,3.0,3,1.0,,,
540_AGO,540,Angola,Angola,AGO,Angola,1986,-7.0,0,7,3.0,3,1.0,,,
540_AGO,540,Angola,Angola,AGO,Angola,1987,-7.0,0,7,3.0,3,1.0,,,
540_AGO,540,Angola,Angola,AGO,Angola,1988,-7.0,0,7,3.0,3,1.0,,,
540_AGO,540,Angola,Angola,AGO,Angola,1989,-7.0,0,7,3.0,3,1.0,,,
540_AGO,540,Angola,Angola,AGO,Angola,1990,-7.0,0,7,3.0,3,1.0,,,
540_AGO,540,Angola,Angola,AGO,Angola,1991,-4.0,-88,-88,-88.0,-88,-88.0,,,0.0
540_AGO,540,Angola,Angola,AGO,Angola,1992,0.0,-77,-77,-77.0,-77,-77.0,,1.0,-77.0
540_AGO,540,Angola,Angola,AGO,Angola,1993,-1.0,-88,-88,-88.0,-88,-88.0,,1.0,0.0
540_AGO,540,Angola,Angola,AGO,Angola,1994,-2.0,-88,-88,-88.0,-88,-88.0,,,0.0
540_AGO,540,Angola,Angola,AGO,Angola,1995,-3.0,-88,-88,-88.0,-88,-88.0,,,0.0
540_AGO,540,Angola,Angola,AGO,Angola,1996,-4.0,-88,-88,-88.0,-88,-88.0,,,0.0
540_AGO,540,Angola,Angola,AGO,Angola,1997,-6.0,0,6,3.0,3,2.0,1.0,,0.0
540_AGO,540,Angola,Angola,AGO,Angola,1998,-6.0,0,6,3.0,3,2.0,,,
540_AGO,540,Angola,Angola,AGO,Angola,1999,-6.0,0,6,3.0,3,2.0,,,
540_AGO,540,Angola,Angola,AGO,Angola,2000,-6.0,0,6,3.0,3,2.0,,,
540_AGO,540,Angola,Angola,AGO,Angola,2001,-6.0,0,6,3.0,3,2.0,,,
540_AGO,540,Angola,Angola,AGO,Angola,2002,-2.0,2,4,3.0,3,8.0,1.0,,1.0
540_AGO,540,Angola,Angola,AGO,Angola,2003,-2.0,2,4,3.0,3,8.0,,,
540_AGO,540,Angola,Angola,AGO,Angola,2004,-2.0,2,4,3.0,3,8.0,,,
540_AGO,540,Angola,Angola,AGO,Angola,2005,-2.0,2,4,3.0,3,8.0,,,
540_AGO,540,Angola,Angola,AGO,Angola,2006,-2.0,2,4,3.0,3,8.0,,,
540_AGO,540,Angola,Angola,AGO,Angola,2007,-2.0,2,4,3.0,3,8.0,,,
540_AGO,540,Angola,Angola,AGO,Angola,2008,-2.0,2,4,3.0,3,8.0,,,
540_AGO,540,Angola,Angola,AGO,Angola,2009,-2.0,2,4,3.0,3,8.0,,,
540_AGO,540,Angola,Angola,AGO,Angola,2010,-2.0,2,4,3.0,3,8.0,,,
540_AGO,540,Angola,Angola,AGO,Angola,2011,-2.0,2,4,3.0,3,8.0,,,
540_AGO,540,Angola,Angola,AGO,Angola,2012,-2.0,2,4,3.0,3,8.0,,,
540_AGO,540,Angola,Angola,AGO,Angola,2013,-2.0,2,4,3.0,3,8.0,,,
540_AGO,540,Angola,Angola,AGO,Angola,2014,-2.0,2,4,3.0,3,8.0,,,
540_AGO,540,Angola,Angola,AGO,Angola,2015,-2.0,2,4,3.0,3,8.0,,,
540_AGO,540,Angola,Angola,AGO,Angola,2016,-2.0,2,4,3.0,3,8.0,,,
540_AGO,540,Angola,Angola,AGO,Angola,2017,-2.0,2,4,3.0,3,8.0,,,
540_AGO,540,Angola,Angola,AGO,Angola,2018,-2.0,2,4,3.0,3,8.0,,,
541_MOZ,541,Mozambique,Mozambique,MOZ,Mozambique,1975,-8.0,0,8,3.0,2,1.0,1.0,,99.0
541_MOZ,541,Mozambique,Mozambique,MOZ,Mozambique,1976,-8.0,0,8,3.0,2,1.0,,,
541_MOZ,541,Mozambique,Mozambique,MOZ,Mozambique,1977,-8.0,0,8,3.0,2,1.0,,,
541_MOZ,541,Mozambique,Mozambique,MOZ,Mozambique,1978,-8.0,0,8,3.0,2,1.0,,,
541_MOZ,541,Mozambique,Mozambique,MOZ,Mozambique,1979,-8.0,0,8,3.0,2,1.0,,,
541_MOZ,541,Mozambique,Mozambique,MOZ,Mozambique,1980,-8.0,0,8,3.0,2,1.0,,,
541_MOZ,541,Mozambique,Mozambique,MOZ,Mozambique,1981,-8.0,0,8,3.0,2,1.0,,,
541_MOZ,541,Mozambique,Mozambique,MOZ,Mozambique,1982,-8.0,0,8,3.0,2,1.0,,,
541_MOZ,541,Mozambique,Mozambique,MOZ,Mozambique,1983,-8.0,0,8,3.0,2,1.0,,,
541_MOZ,541,Mozambique,Mozambique,MOZ,Mozambique,1984,-8.0,0,8,3.0,2,1.0,,,
541_MOZ,541,Mozambique,Mozambique,MOZ,Mozambique,1985,-8.0,0,8,3.0,2,1.0,,,
541_MOZ,541,Mozambique,Mozambique,MOZ,Mozambique,1986,-7.0,0,7,3.0,3,1.0,1.0,,0.0
541_MOZ,541,Mozambique,Mozambique,MOZ,Mozambique,1987,-7.0,0,7,3.0,3,1.0,,,
541_MOZ,541,Mozambique,Mozambique,MOZ,Mozambique,1988,-7.0,0,7,3.0,3,1.0,,,
541_MOZ,541,Mozambique,Mozambique,MOZ,Mozambique,1989,-7.0,0,7,3.0,3,1.0,,,
541_MOZ,541,Mozambique,Mozambique,MOZ,Mozambique,1990,-7.0,0,7,3.0,3,1.0,,,
541_MOZ,541,Mozambique,Mozambique,MOZ,Mozambique,1991,-6.0,0,6,3.0,3,2.0,1.0,,0.0
541_MOZ,541,Mozambique,Mozambique,MOZ,Mozambique,1992,-6.0,0,6,3.0,3,2.0,,,
541_MOZ,541,Mozambique,Mozambique,MOZ,Mozambique,1993,-6.0,0,6,3.0,3,2.0,,,
541_MOZ,541,Mozambique,Mozambique,MOZ,Mozambique,1994,5.0,5,0,7.0,4,9.0,1.0,,3.0
541_MOZ,541,Mozambique,Mozambique,MOZ,Mozambique,1995,5.0,5,0,7.0,4,9.0,,,
541_MOZ,541,Mozambique,Mozambique,MOZ,Mozambique,1996,5.0,5,0,7.0,4,9.0,,,
541_MOZ,541,Mozambique,Mozambique,MOZ,Mozambique,1997,5.0,5,0,7.0,4,9.0,,,
541_MOZ,541,Mozambique,Mozambique,MOZ,Mozambique,1998,5.0,5,0,7.0,4,9.0,,,
541_MOZ,541,Mozambique,Mozambique,MOZ,Mozambique,1999,5.0,5,0,7.0,4,9.0,,,
541_MOZ,541,Mozambique,Mozambique,MOZ,Mozambique,2000,5.0,5,0,7.0,4,9.0,,,
541_MOZ,541,Mozambique,Mozambique,MOZ,Mozambique,2001,5.0,5,0,7.0,4,9.0,,,
541_MOZ,541,Mozambique,Mozambique,MOZ,Mozambique,2002,5.0,5,0,7.0,4,9.0,,,
541_MOZ,541,Mozambique,Mozambique,MOZ,Mozambique,2003,5.0,5,0,7.0,4,9.0,,,
541_MOZ,541,Mozambique,Mozambique,MOZ,Mozambique,2004,5.0,5,0,7.0,4,9.0,,,
541_MOZ,541,Mozambique,Mozambique,MOZ,Mozambique,2005,5.0,5,0,7.0,4,9.0,,,
541_MOZ,541,Mozambique,Mozambique,MOZ,Mozambique,2006,5.0,5,0,7.0,4,9.0,,,
541_MOZ,541,Mozambique,Mozambique,MOZ,Mozambique,2007,5.0,5,0,7.0,4,9.0,,,
541_MOZ,541,Mozambique,Mozambique,MOZ,Mozambique,2008,5.0,5,0,7.0,4,9.0,,,
541_MOZ,541,Mozambique,Mozambique,MOZ,Mozambique,2009,5.0,5,0,7.0,4,9.0,,,
541_MOZ,541,Mozambique,Mozambique,MOZ,Mozambique,2010,5.0,5,0,7.0,4,9.0,,,
541_MOZ,541,Mozambique,Mozambique,MOZ,Mozambique,2011,5.0,5,0,7.0,4,9.0,,,
541_MOZ,541,Mozambique,Mozambique,MOZ,Mozambique,2012,5.0,5,0,7.0,4,9.0,,,
541_MOZ,541,Mozambique,Mozambique,MOZ,Mozambique,2013,5.0,6,1,7.0,5,8.0,1.0,,0.0
541_MOZ,541,Mozambique,Mozambique,MOZ,Mozambique,2014,5.0,6,1,7.0,5,8.0,,,
541_MOZ,541,Mozambique,Mozambique,MOZ,Mozambique,2015,5.0,6,1,7.0,5,8.0,,,
541_MOZ,541,Mozambique,Mozambique,MOZ,Mozambique,2016,5.0,6,1,7.0,5,8.0,,,
541_MOZ,541,Mozambique,Mozambique,MOZ,Mozambique,2017,5.0,6,1,7.0,5,8.0,,,
541_MOZ,541,Mozambique,Mozambique,MOZ,Mozambique,2018,5.0,6,1,7.0,5,8.0,,,
551_ZMB,551,Zambia,Zambia,ZMB,Zambia,1971,0.0,3,3,7.0,2,6.0,,,
551_ZMB,551,Zambia,Zambia,ZMB,Zambia,1972,-9.0,0,9,3.0,1,1.0,1.0,,-2.0
551_ZMB,551,Zambia,Zambia,ZMB,Zambia,1973,-9.0,0,9,3.0,1,1.0,,,
551_ZMB,551,Zambia,Zambia,ZMB,Zambia,1974,-9.0,0,9,3.0,1,1.0,,,
551_ZMB,551,Zambia,Zambia,ZMB,Zambia,1975,-9.0,0,9,3.0,1,1.0,,,
551_ZMB,551,Zambia,Zambia,ZMB,Zambia,1976,-9.0,0,9,3.0,1,1.0,,,
551_ZMB,551,Zambia,Zambia,ZMB,Zambia,1977,-9.0,0,9,3.0,1,1.0,,,
551_ZMB,551,Zambia,Zambia,ZMB,Zambia,1978,-9.0,0,9,3.0,1,1.0,,,
551_ZMB,551,Zambia,Zambia,ZMB,Zambia,1979,-9.0,0,9,3.0,1,1.0,,,
551_ZMB,551,Zambia,Zambia,ZMB,Zambia,1980,-9.0,0,9,3.0,1,1.0,,,
551_ZMB,551,Zambia,Zambia,ZMB,Zambia,1981,-9.0,0,9,3.0,1,1.0,,,
551_ZMB,551,Zambia,Zambia,ZMB,Zambia,1982,-9.0,0,9,3.0,1,1.0,,,
551_ZMB,551,Zambia,Zambia,ZMB,Zambia,1983,-9.0,0,9,3.0,1,1.0,,,
551_ZMB,551,Zambia,Zambia,ZMB,Zambia,1984,-9.0,0,9,3.0,1,1.0,,,
551_ZMB,551,Zambia,Zambia,ZMB,Zambia,1985,-9.0,0,9,3.0,1,1.0,,,
551_ZMB,551,Zambia,Zambia,ZMB,Zambia,1986,-9.0,0,9,3.0,1,1.0,,,
551_ZMB,551,Zambia,Zambia,ZMB,Zambia,1987,-9.0,0,9,3.0,1,1.0,,,
551_ZMB,551,Zambia,Zambia,ZMB,Zambia,1988,-9.0,0,9,3.0,1,1.0,,,
551_ZMB,551,Zambia,Zambia,ZMB,Zambia,1989,-9.0,0,9,3.0,1,1.0,,,
551_ZMB,551,Zambia,Zambia,ZMB,Zambia,1990,-9.0,0,9,3.0,1,1.0,,,
551_ZMB,551,Zambia,Zambia,ZMB,Zambia,1991,6.0,6,0,8.0,5,7.0,1.0,,3.0
551_ZMB,551,Zambia,Zambia,ZMB,Zambia,1992,6.0,6,0,8.0,5,7.0,,,
551_ZMB,551,Zambia,Zambia,ZMB,Zambia,1993,6.0,6,0,8.0,5,7.0,,,
551_ZMB,551,Zambia,Zambia,ZMB,Zambia,1994,6.0,6,0,8.0,5,7.0,,,
551_ZMB,551,Zambia,Zambia,ZMB,Zambia,1995,6.0,6,0,8.0,5,7.0,,,
551_ZMB,551,Zambia,Zambia,ZMB,Zambia,1996,1.0,3,2,3.0,5,7.0,1.0,,-1.0
551_ZMB,551,Zambia,Zambia,ZMB,Zambia,1997,1.0,3,2,3.0,5,7.0,,,
551_ZMB,551,Zambia,Zambia,ZMB,Zambia,1998,1.0,3,2,3.0,5,7.0,,,
551_ZMB,551,Zambia,Zambia,ZMB,Zambia,1999,1.0,3,2,3.0,5,7.0,,,
551_ZMB,551,Zambia,Zambia,ZMB,Zambia,2000,1.0,3,2,3.0,5,7.0,,,
551_ZMB,551,Zambia,Zambia,ZMB,Zambia,2001,5.0,5,0,7.0,5,7.0,1.0,,1.0
551_ZMB,551,Zambia,Zambia,ZMB,Zambia,2002,5.0,5,0,7.0,5,7.0,,,
551_ZMB,551,Zambia,Zambia,ZMB,Zambia,2003,5.0,5,0,7.0,5,7.0,,,
551_ZMB,551,Zambia,Zambia,ZMB,Zambia,2004,5.0,5,0,7.0,5,7.0,,,
551_ZMB,551,Zambia,Zambia,ZMB,Zambia,2005,5.0,5,0,7.0,5,7.0,,,
551_ZMB,551,Zambia,Zambia,ZMB,Zambia,2006,5.0,5,0,7.0,5,7.0,,,
551_ZMB,551,Zambia,Zambia,ZMB,Zambia,2007,5.0,5,0,7.0,5,7.0,,,
551_ZMB,551,Zambia,Zambia,ZMB,Zambia,2008,7.0,7,0,8.0,5,9.0,1.0,,0.0
551_ZMB,551,Zambia,Zambia,ZMB,Zambia,2009,7.0,7,0,8.0,5,9.0,,,
551_ZMB,551,Zambia,Zambia,ZMB,Zambia,2010,7.0,7,0,8.0,5,9.0,,,
551_ZMB,551,Zambia,Zambia,ZMB,Zambia,2011,7.0,7,0,8.0,5,9.0,,,
551_ZMB,551,Zambia,Zambia,ZMB,Zambia,2012,7.0,7,0,8.0,5,9.0,,,
551_ZMB,551,Zambia,Zambia,ZMB,Zambia,2013,7.0,7,0,8.0,5,9.0,,,
551_ZMB,551,Zambia,Zambia,ZMB,Zambia,2014,7.0,7,0,8.0,5,9.0,,,
551_ZMB,551,Zambia,Zambia,ZMB,Zambia,2015,7.0,7,0,8.0,5,9.0,,,
551_ZMB,551,Zambia,Zambia,ZMB,Zambia,2016,6.0,6,0,8.0,5,7.0,1.0,,0.0
551_ZMB,551,Zambia,Zambia,ZMB,Zambia,2017,6.0,6,0,8.0,5,7.0,,,
551_ZMB,551,Zambia,Zambia,ZMB,Zambia,2018,6.0,6,0,8.0,5,7.0,,,
552_ZWE,552,Zimbabwe,Zimbabwe,ZWE,Zimbabwe,1980,4.0,5,1,7.0,5,6.0,1.0,,99.0
552_ZWE,552,Zimbabwe,Zimbabwe,ZWE,Zimbabwe,1981,4.0,5,1,7.0,5,6.0,,,
552_ZWE,552,Zimbabwe,Zimbabwe,ZWE,Zimbabwe,1982,4.0,5,1,7.0,5,6.0,,,
552_ZWE,552,Zimbabwe,Zimbabwe,ZWE,Zimbabwe,1983,1.0,3,2,7.0,4,3.0,1.0,,-1.0
552_ZWE,552,Zimbabwe,Zimbabwe,ZWE,Zimbabwe,1984,1.0,3,2,7.0,4,3.0,,,
552_ZWE,552,Zimbabwe,Zimbabwe,ZWE,Zimbabwe,1985,1.0,3,2,7.0,4,3.0,,,
552_ZWE,552,Zimbabwe,Zimbabwe,ZWE,Zimbabwe,1986,1.0,3,2,7.0,4,3.0,,,
552_ZWE,552,Zimbabwe,Zimbabwe,ZWE,Zimbabwe,1987,-6.0,0,6,3.0,3,2.0,1.0,,-2.0
552_ZWE,552,Zimbabwe,Zimbabwe,ZWE,Zimbabwe,1988,-6.0,0,6,3.0,3,2.0,,,
552_ZWE,552,Zimbabwe,Zimbabwe,ZWE,Zimbabwe,1989,-6.0,0,6,3.0,3,2.0,,,
552_ZWE,552,Zimbabwe,Zimbabwe,ZWE,Zimbabwe,1990,-6.0,0,6,3.0,3,2.0,,,
552_ZWE,552,Zimbabwe,Zimbabwe,ZWE,Zimbabwe,1991,-6.0,0,6,3.0,3,2.0,,,
552_ZWE,552,Zimbabwe,Zimbabwe,ZWE,Zimbabwe,1992,-6.0,0,6,3.0,3,2.0,,,
552_ZWE,552,Zimbabwe,Zimbabwe,ZWE,Zimbabwe,1993,-6.0,0,6,3.0,3,2.0,,,
552_ZWE,552,Zimbabwe,Zimbabwe,ZWE,Zimbabwe,1994,-6.0,0,6,3.0,3,2.0,,,
552_ZWE,552,Zimbabwe,Zimbabwe,ZWE,Zimbabwe,1995,-6.0,0,6,3.0,3,2.0,,,
552_ZWE,552,Zimbabwe,Zimbabwe,ZWE,Zimbabwe,1996,-6.0,0,6,3.0,3,2.0,,,
552_ZWE,552,Zimbabwe,Zimbabwe,ZWE,Zimbabwe,1997,-6.0,0,6,3.0,3,2.0,,,
552_ZWE,552,Zimbabwe,Zimbabwe,ZWE,Zimbabwe,1998,-6.0,0,6,3.0,3,2.0,,,
552_ZWE,552,Zimbabwe,Zimbabwe,ZWE,Zimbabwe,1999,-3.0,1,4,3.0,3,6.0,1.0,,1.0
552_ZWE,552,Zimbabwe,Zimbabwe,ZWE,Zimbabwe,2000,-3.0,1,4,3.0,3,6.0,,,
552_ZWE,552,Zimbabwe,Zimbabwe,ZWE,Zimbabwe,2001,-4.0,1,5,3.0,2,6.0,1.0,,0.0
552_ZWE,552,Zimbabwe,Zimbabwe,ZWE,Zimbabwe,2002,-4.0,1,5,3.0,2,6.0,,,
552_ZWE,552,Zimbabwe,Zimbabwe,ZWE,Zimbabwe,2003,-4.0,1,5,3.0,2,6.0,,,
552_ZWE,552,Zimbabwe,Zimbabwe,ZWE,Zimbabwe,2004,-4.0,1,5,3.0,2,6.0,,,
552_ZWE,552,Zimbabwe,Zimbabwe,ZWE,Zimbabwe,2005,-4.0,1,5,3.0,2,6.0,,,
552_ZWE,552,Zimbabwe,Zimbabwe,ZWE,Zimbabwe,2006,-4.0,1,5,3.0,2,6.0,,,
552_ZWE,552,Zimbabwe,Zimbabwe,ZWE,Zimbabwe,2007,-4.0,1,5,3.0,2,6.0,,,
552_ZWE,552,Zimbabwe,Zimbabwe,ZWE,Zimbabwe,2008,-4.0,1,5,3.0,2,6.0,,,
552_ZWE,552,Zimbabwe,Zimbabwe,ZWE,Zimbabwe,2009,1.0,3,2,7.0,3,6.0,1.0,,2.0
552_ZWE,552,Zimbabwe,Zimbabwe,ZWE,Zimbabwe,2010,1.0,3,2,7.0,3,6.0,,,
552_ZWE,552,Zimbabwe,Zimbabwe,ZWE,Zimbabwe,2011,1.0,3,2,7.0,3,6.0,,,
552_ZWE,552,Zimbabwe,Zimbabwe,ZWE,Zimbabwe,2012,1.0,3,2,7.0,3,6.0,,,
552_ZWE,552,Zimbabwe,Zimbabwe,ZWE,Zimbabwe,2013,4.0,5,1,7.0,5,6.0,1.0,,1.0
552_ZWE,552,Zimbabwe,Zimbabwe,ZWE,Zimbabwe,2014,4.0,5,1,7.0,5,6.0,,,
552_ZWE,552,Zimbabwe,Zimbabwe,ZWE,Zimbabwe,2015,4.0,5,1,7.0,5,6.0,,,
552_ZWE,552,Zimbabwe,Zimbabwe,ZWE,Zimbabwe,2016,4.0,5,1,7.0,5,6.0,,,
552_ZWE,552,Zimbabwe,Zimbabwe,ZWE,Zimbabwe,2017,4.0,5,1,7.0,5,6.0,,,
552_ZWE,552,Zimbabwe,Zimbabwe,ZWE,Zimbabwe,2018,4.0,5,1,7.0,5,6.0,,,
553_MWI,553,Malawi,Malawi,MWI,Malawi,1971,-9.0,0,9,3.0,1,1.0,,,
553_MWI,553,Malawi,Malawi,MWI,Malawi,1972,-9.0,0,9,3.0,1,1.0,,,
553_MWI,553,Malawi,Malawi,MWI,Malawi,1973,-9.0,0,9,3.0,1,1.0,,,
553_MWI,553,Malawi,Malawi,MWI,Malawi,1974,-9.0,0,9,3.0,1,1.0,,,
553_MWI,553,Malawi,Malawi,MWI,Malawi,1975,-9.0,0,9,3.0,1,1.0,,,
553_MWI,553,Malawi,Malawi,MWI,Malawi,1976,-9.0,0,9,3.0,1,1.0,,,
553_MWI,553,Malawi,Malawi,MWI,Malawi,1977,-9.0,0,9,3.0,1,1.0,,,
553_MWI,553,Malawi,Malawi,MWI,Malawi,1978,-9.0,0,9,3.0,1,1.0,,,
553_MWI,553,Malawi,Malawi,MWI,Malawi,1979,-9.0,0,9,3.0,1,1.0,,,
553_MWI,553,Malawi,Malawi,MWI,Malawi,1980,-9.0,0,9,3.0,1,1.0,,,
553_MWI,553,Malawi,Malawi,MWI,Malawi,1981,-9.0,0,9,3.0,1,1.0,,,
553_MWI,553,Malawi,Malawi,MWI,Malawi,1982,-9.0,0,9,3.0,1,1.0,,,
553_MWI,553,Malawi,Malawi,MWI,Malawi,1983,-9.0,0,9,3.0,1,1.0,,,
553_MWI,553,Malawi,Malawi,MWI,Malawi,1984,-9.0,0,9,3.0,1,1.0,,,
553_MWI,553,Malawi,Malawi,MWI,Malawi,1985,-9.0,0,9,3.0,1,1.0,,,
553_MWI,553,Malawi,Malawi,MWI,Malawi,1986,-9.0,0,9,3.0,1,1.0,,,
553_MWI,553,Malawi,Malawi,MWI,Malawi,1987,-9.0,0,9,3.0,1,1.0,,,
553_MWI,553,Malawi,Malawi,MWI,Malawi,1988,-9.0,0,9,3.0,1,1.0,,,
553_MWI,553,Malawi,Malawi,MWI,Malawi,1989,-9.0,0,9,3.0,1,1.0,,,
553_MWI,553,Malawi,Malawi,MWI,Malawi,1990,-9.0,0,9,3.0,1,1.0,,,
553_MWI,553,Malawi,Malawi,MWI,Malawi,1991,-9.0,0,9,3.0,1,1.0,,,
553_MWI,553,Malawi,Malawi,MWI,Malawi,1992,-9.0,0,9,3.0,1,1.0,,,
553_MWI,553,Malawi,Malawi,MWI,Malawi,1993,-6.0,0,6,3.0,2,3.0,,,3.0
553_MWI,553,Malawi,Malawi,MWI,Malawi,1994,6.0,6,0,7.0,5,9.0,1.0,,3.0
553_MWI,553,Malawi,Malawi,MWI,Malawi,1995,6.0,6,0,7.0,5,9.0,,,
553_MWI,553,Malawi,Malawi,MWI,Malawi,1996,6.0,6,0,7.0,5,9.0,,,
553_MWI,553,Malawi,Malawi,MWI,Malawi,1997,6.0,6,0,7.0,5,9.0,,,
553_MWI,553,Malawi,Malawi,MWI,Malawi,1998,6.0,6,0,7.0,5,9.0,,,
553_MWI,553,Malawi,Malawi,MWI,Malawi,1999,6.0,6,0,7.0,5,9.0,,,
553_MWI,553,Malawi,Malawi,MWI,Malawi,2000,6.0,6,0,7.0,5,9.0,,,
553_MWI,553,Malawi,Malawi,MWI,Malawi,2001,4.0,5,1,7.0,4,8.0,1.0,,0.0
553_MWI,553,Malawi,Malawi,MWI,Malawi,2002,4.0,5,1,7.0,4,8.0,,,
553_MWI,553,Malawi,Malawi,MWI,Malawi,2003,5.0,6,1,7.0,5,8.0,,,0.0
553_MWI,553,Malawi,Malawi,MWI,Malawi,2004,6.0,7,1,7.0,6,8.0,,,0.0
553_MWI,553,Malawi,Malawi,MWI,Malawi,2005,6.0,6,0,7.0,6,7.0,1.0,,0.0
553_MWI,553,Malawi,Malawi,MWI,Malawi,2006,6.0,6,0,7.0,6,7.0,,,
553_MWI,553,Malawi,Malawi,MWI,Malawi,2007,6.0,6,0,7.0,6,7.0,,,
553_MWI,553,Malawi,Malawi,MWI,Malawi,2008,6.0,6,0,7.0,6,7.0,,,
553_MWI,553,Malawi,Malawi,MWI,Malawi,2009,6.0,6,0,7.0,6,7.0,,,
553_MWI,553,Malawi,Malawi,MWI,Malawi,2010,6.0,6,0,7.0,6,7.0,,,
553_MWI,553,Malawi,Malawi,MWI,Malawi,2011,6.0,6,0,7.0,6,7.0,,,
553_MWI,553,Malawi,Malawi,MWI,Malawi,2012,6.0,6,0,7.0,6,7.0,,,
553_MWI,553,Malawi,Malawi,MWI,Malawi,2013,6.0,6,0,7.0,6,7.0,,,
553_MWI,553,Malawi,Malawi,MWI,Malawi,2014,6.0,6,0,7.0,6,7.0,,,
553_MWI,553,Malawi,Malawi,MWI,Malawi,2015,6.0,6,0,7.0,6,7.0,,,
553_MWI,553,Malawi,Malawi,MWI,Malawi,2016,6.0,6,0,7.0,6,7.0,,,
553_MWI,553,Malawi,Malawi,MWI,Malawi,2017,6.0,6,0,7.0,6,7.0,,,
553_MWI,553,Malawi,Malawi,MWI,Malawi,2018,6.0,6,0,7.0,6,7.0,,,
560_ZAF,560,South Africa,South Africa,ZAF,South Africa,1971,4.0,7,3,8.0,7,2.0,,,
560_ZAF,560,South Africa,South Africa,ZAF,South Africa,1972,4.0,7,3,8.0,7,2.0,,,
560_ZAF,560,South Africa,South Africa,ZAF,South Africa,1973,4.0,7,3,8.0,7,2.0,,,
560_ZAF,560,South Africa,South Africa,ZAF,South Africa,1974,4.0,7,3,8.0,7,2.0,,,
560_ZAF,560,South Africa,South Africa,ZAF,South Africa,1975,4.0,7,3,8.0,7,2.0,,,
560_ZAF,560,South Africa,South Africa,ZAF,South Africa,1976,4.0,7,3,8.0,7,2.0,,,
560_ZAF,560,South Africa,South Africa,ZAF,South Africa,1977,4.0,7,3,8.0,7,2.0,,,
560_ZAF,560,South Africa,South Africa,ZAF,South Africa,1978,4.0,7,3,8.0,7,2.0,,,
560_ZAF,560,South Africa,South Africa,ZAF,South Africa,1979,4.0,7,3,8.0,7,2.0,,,
560_ZAF,560,South Africa,South Africa,ZAF,South Africa,1980,4.0,7,3,8.0,7,2.0,,,
560_ZAF,560,South Africa,South Africa,ZAF,South Africa,1981,4.0,7,3,8.0,7,2.0,,,
560_ZAF,560,South Africa,South Africa,ZAF,South Africa,1982,4.0,7,3,8.0,7,2.0,,,
560_ZAF,560,South Africa,South Africa,ZAF,South Africa,1983,4.0,7,3,8.0,7,2.0,,,
560_ZAF,560,South Africa,South Africa,ZAF,South Africa,1984,4.0,7,3,8.0,7,2.0,,,
560_ZAF,560,South Africa,South Africa,ZAF,South Africa,1985,4.0,7,3,8.0,7,2.0,,,
560_ZAF,560,South Africa,South Africa,ZAF,South Africa,1986,4.0,7,3,8.0,7,2.0,,,
560_ZAF,560,South Africa,South Africa,ZAF,South Africa,1987,4.0,7,3,8.0,7,2.0,,,
560_ZAF,560,South Africa,South Africa,ZAF,South Africa,1988,4.0,7,3,8.0,7,2.0,,,
560_ZAF,560,South Africa,South Africa,ZAF,South Africa,1989,4.0,7,3,8.0,7,2.0,,,
560_ZAF,560,South Africa,South Africa,ZAF,South Africa,1990,5.0,7,2,8.0,7,3.0,1.0,,0.0
560_ZAF,560,South Africa,South Africa,ZAF,South Africa,1991,5.0,7,2,8.0,7,3.0,,,
560_ZAF,560,South Africa,South Africa,ZAF,South Africa,1992,6.0,-88,-88,-88.0,-88,-88.0,,,2.0
560_ZAF,560,South Africa,South Africa,ZAF,South Africa,1993,8.0,-88,-88,-88.0,-88,-88.0,,,2.0
560_ZAF,560,South Africa,South Africa,ZAF,South Africa,1994,9.0,9,0,8.0,7,9.0,1.0,,2.0
560_ZAF,560,South Africa,South Africa,ZAF,South Africa,1995,9.0,9,0,8.0,7,9.0,,,
560_ZAF,560,South Africa,South Africa,ZAF,South Africa,1996,9.0,9,0,8.0,7,9.0,,,
560_ZAF,560,South Africa,South Africa,ZAF,South Africa,1997,9.0,9,0,8.0,7,9.0,,,
560_ZAF,560,South Africa,South Africa,ZAF,South Africa,1998,9.0,9,0,8.0,7,9.0,,,
560_ZAF,560,South Africa,South Africa,ZAF,South Africa,1999,9.0,9,0,8.0,7,9.0,,,
560_ZAF,560,South Africa,South Africa,ZAF,South Africa,2000,9.0,9,0,8.0,7,9.0,,,
560_ZAF,560,South Africa,South Africa,ZAF,South Africa,2001,9.0,9,0,8.0,7,9.0,,,
560_ZAF,560,South Africa,South Africa,ZAF,South Africa,2002,9.0,9,0,8.0,7,9.0,,,
560_ZAF,560,South Africa,South Africa,ZAF,South Africa,2003,9.0,9,0,8.0,7,9.0,,,
560_ZAF,560,South Africa,South Africa,ZAF,South Africa,2004,9.0,9,0,8.0,7,9.0,,,
560_ZAF,560,South Africa,South Africa,ZAF,South Africa,2005,9.0,9,0,8.0,7,9.0,,,
560_ZAF,560,South Africa,South Africa,ZAF,South Africa,2006,9.0,9,0,8.0,7,9.0,,,
560_ZAF,560,South Africa,South Africa,ZAF,South Africa,2007,9.0,9,0,8.0,7,9.0,,,
560_ZAF,560,South Africa,South Africa,ZAF,South Africa,2008,9.0,9,0,8.0,7,9.0,,,
560_ZAF,560,South Africa,South Africa,ZAF,South Africa,2009,9.0,9,0,8.0,7,9.0,,,
560_ZAF,560,South Africa,South Africa,ZAF,South Africa,2010,9.0,9,0,8.0,7,9.0,,,
560_ZAF,560,South Africa,South Africa,ZAF,South Africa,2011,9.0,9,0,8.0,7,9.0,,,
560_ZAF,560,South Africa,South Africa,ZAF,South Africa,2012,9.0,9,0,8.0,7,9.0,,,
560_ZAF,560,South Africa,South Africa,ZAF,South Africa,2013,9.0,9,0,8.0,7,9.0,,,
560_ZAF,560,South Africa,South Africa,ZAF,South Africa,2014,9.0,9,0,8.0,7,9.0,,,
560_ZAF,560,South Africa,South Africa,ZAF,South Africa,2015,9.0,9,0,8.0,7,9.0,,,
560_ZAF,560,South Africa,South Africa,ZAF,South Africa,2016,9.0,9,0,8.0,7,9.0,,,
560_ZAF,560,South Africa,South Africa,ZAF,South Africa,2017,9.0,9,0,8.0,7,9.0,,,
560_ZAF,560,South Africa,South Africa,ZAF,South Africa,2018,9.0,9,0,8.0,7,9.0,,,
565_NAM,565,Namibia,Namibia,NAM,Namibia,1990,6.0,6,0,7.0,5,9.0,1.0,,99.0
565_NAM,565,Namibia,Namibia,NAM,Namibia,1991,6.0,6,0,7.0,5,9.0,,,
565_NAM,565,Namibia,Namibia,NAM,Namibia,1992,6.0,6,0,7.0,5,9.0,,,
565_NAM,565,Namibia,Namibia,NAM,Namibia,1993,6.0,6,0,7.0,5,9.0,,,
565_NAM,565,Namibia,Namibia,NAM,Namibia,1994,6.0,6,0,7.0,5,9.0,,,
565_NAM,565,Namibia,Namibia,NAM,Namibia,1995,6.0,6,0,7.0,5,9.0,,,
565_NAM,565,Namibia,Namibia,NAM,Namibia,1996,6.0,6,0,7.0,5,9.0,,,
565_NAM,565,Namibia,Namibia,NAM,Namibia,1997,6.0,6,0,7.0,5,9.0,,,
565_NAM,565,Namibia,Namibia,NAM,Namibia,1998,6.0,6,0,7.0,5,9.0,,,
565_NAM,565,Namibia,Namibia,NAM,Namibia,1999,6.0,6,0,7.0,5,9.0,,,
565_NAM,565,Namibia,Namibia,NAM,Namibia,2000,6.0,6,0,7.0,5,9.0,,,
565_NAM,565,Namibia,Namibia,NAM,Namibia,2001,6.0,6,0,7.0,5,9.0,,,
565_NAM,565,Namibia,Namibia,NAM,Namibia,2002,6.0,6,0,7.0,5,9.0,,,
565_NAM,565,Namibia,Namibia,NAM,Namibia,2003,6.0,6,0,7.0,5,9.0,,,
565_NAM,565,Namibia,Namibia,NAM,Namibia,2004,6.0,6,0,7.0,5,9.0,,,
565_NAM,565,Namibia,Namibia,NAM,Namibia,2005,6.0,6,0,7.0,5,9.0,,,
565_NAM,565,Namibia,Namibia,NAM,Namibia,2006,6.0,6,0,7.0,5,9.0,,,
565_NAM,565,Namibia,Namibia,NAM,Namibia,2007,6.0,6,0,7.0,5,9.0,,,
565_NAM,565,Namibia,Namibia,NAM,Namibia,2008,6.0,6,0,7.0,5,9.0,,,
565_NAM,565,Namibia,Namibia,NAM,Namibia,2009,6.0,6,0,7.0,5,9.0,,,
565_NAM,565,Namibia,Namibia,NAM,Namibia,2010,6.0,6,0,7.0,5,9.0,,,
565_NAM,565,Namibia,Namibia,NAM,Namibia,2011,6.0,6,0,7.0,5,9.0,,,
565_NAM,565,Namibia,Namibia,NAM,Namibia,2012,6.0,6,0,7.0,5,9.0,,,
565_NAM,565,Namibia,Namibia,NAM,Namibia,2013,6.0,6,0,7.0,5,9.0,,,
565_NAM,565,Namibia,Namibia,NAM,Namibia,2014,6.0,6,0,7.0,5,9.0,,,
565_NAM,565,Namibia,Namibia,NAM,Namibia,2015,6.0,6,0,7.0,5,9.0,,,
565_NAM,565,Namibia,Namibia,NAM,Namibia,2016,6.0,6,0,7.0,5,9.0,,,
565_NAM,565,Namibia,Namibia,NAM,Namibia,2017,6.0,6,0,7.0,5,9.0,,,
565_NAM,565,Namibia,Namibia,NAM,Namibia,2018,6.0,6,0,7.0,5,9.0,,,
570_LSO,570,Lesotho,Lesotho,LSO,Lesotho,1971,-5.0,0,5,4.0,1,3.0,,,
570_LSO,570,Lesotho,Lesotho,LSO,Lesotho,1972,-5.0,0,5,4.0,1,3.0,,,
570_LSO,570,Lesotho,Lesotho,LSO,Lesotho,1973,-7.0,0,7,3.0,2,2.0,1.0,,0.0
570_LSO,570,Lesotho,Lesotho,LSO,Lesotho,1974,-7.0,0,7,3.0,2,2.0,,,
570_LSO,570,Lesotho,Lesotho,LSO,Lesotho,1975,-7.0,0,7,3.0,2,2.0,,,
570_LSO,570,Lesotho,Lesotho,LSO,Lesotho,1976,-7.0,0,7,3.0,2,2.0,,,
570_LSO,570,Lesotho,Lesotho,LSO,Lesotho,1977,-7.0,0,7,3.0,2,2.0,,,
570_LSO,570,Lesotho,Lesotho,LSO,Lesotho,1978,-7.0,0,7,3.0,2,2.0,,,
570_LSO,570,Lesotho,Lesotho,LSO,Lesotho,1979,-7.0,0,7,3.0,2,2.0,,,
570_LSO,570,Lesotho,Lesotho,LSO,Lesotho,1980,-7.0,0,7,3.0,2,2.0,,,
570_LSO,570,Lesotho,Lesotho,LSO,Lesotho,1981,-7.0,0,7,3.0,2,2.0,,,
570_LSO,570,Lesotho,Lesotho,LSO,Lesotho,1982,-7.0,0,7,3.0,2,2.0,,,
570_LSO,570,Lesotho,Lesotho,LSO,Lesotho,1983,-7.0,0,7,3.0,2,2.0,,,
570_LSO,570,Lesotho,Lesotho,LSO,Lesotho,1984,-7.0,0,7,3.0,2,2.0,,,
570_LSO,570,Lesotho,Lesotho,LSO,Lesotho,1985,-7.0,0,7,3.0,2,2.0,,,
570_LSO,570,Lesotho,Lesotho,LSO,Lesotho,1986,-10.0,0,10,2.0,1,1.0,1.0,,-1.0
570_LSO,570,Lesotho,Lesotho,LSO,Lesotho,1987,-10.0,0,10,2.0,1,1.0,,,
570_LSO,570,Lesotho,Lesotho,LSO,Lesotho,1988,-10.0,0,10,2.0,1,1.0,,,
570_LSO,570,Lesotho,Lesotho,LSO,Lesotho,1989,-10.0,0,10,2.0,1,1.0,,,
570_LSO,570,Lesotho,Lesotho,LSO,Lesotho,1990,-7.0,0,7,5.0,1,1.0,,,3.0
570_LSO,570,Lesotho,Lesotho,LSO,Lesotho,1991,-4.0,0,4,5.0,2,3.0,,,3.0
570_LSO,570,Lesotho,Lesotho,LSO,Lesotho,1992,-4.0,0,4,5.0,2,3.0,,,3.0
570_LSO,570,Lesotho,Lesotho,LSO,Lesotho,1993,5.0,5,0,7.0,5,7.0,1.0,,3.0
570_LSO,570,Lesotho,Lesotho,LSO,Lesotho,1994,5.0,5,0,7.0,5,7.0,,,
570_LSO,570,Lesotho,Lesotho,LSO,Lesotho,1995,5.0,5,0,7.0,5,7.0,,,
570_LSO,570,Lesotho,Lesotho,LSO,Lesotho,1996,5.0,5,0,7.0,5,7.0,,,
570_LSO,570,Lesotho,Lesotho,LSO,Lesotho,1997,5.0,5,0,7.0,5,7.0,,,
570_LSO,570,Lesotho,Lesotho,LSO,Lesotho,1998,6.0,7,1,7.0,6,8.0,1.0,1.0,0.0
570_LSO,570,Lesotho,Lesotho,LSO,Lesotho,1999,6.0,7,1,7.0,6,8.0,,,
570_LSO,570,Lesotho,Lesotho,LSO,Lesotho,2000,6.0,7,1,7.0,6,8.0,,,
570_LSO,570,Lesotho,Lesotho,LSO,Lesotho,2001,6.0,7,1,7.0,6,8.0,,,
570_LSO,570,Lesotho,Lesotho,LSO,Lesotho,2002,8.0,8,0,8.0,6,9.0,1.0,,0.0
570_LSO,570,Lesotho,Lesotho,LSO,Lesotho,2003,8.0,8,0,8.0,6,9.0,,,
570_LSO,570,Lesotho,Lesotho,LSO,Lesotho,2004,8.0,8,0,8.0,6,9.0,,,
570_LSO,570,Lesotho,Lesotho,LSO,Lesotho,2005,8.0,8,0,8.0,7,7.0,,,
570_LSO,570,Lesotho,Lesotho,LSO,Lesotho,2006,8.0,8,0,8.0,7,7.0,,,
570_LSO,570,Lesotho,Lesotho,LSO,Lesotho,2007,8.0,8,0,8.0,7,7.0,,,
570_LSO,570,Lesotho,Lesotho,LSO,Lesotho,2008,8.0,8,0,8.0,7,7.0,,,
570_LSO,570,Lesotho,Lesotho,LSO,Lesotho,2009,8.0,8,0,8.0,7,7.0,,,
570_LSO,570,Lesotho,Lesotho,LSO,Lesotho,2010,8.0,8,0,8.0,7,7.0,,,
570_LSO,570,Lesotho,Lesotho,LSO,Lesotho,2011,8.0,8,0,8.0,7,7.0,,,
570_LSO,570,Lesotho,Lesotho,LSO,Lesotho,2012,8.0,9,1,8.0,7,8.0,1.0,,0.0
570_LSO,570,Lesotho,Lesotho,LSO,Lesotho,2013,8.0,9,1,8.0,7,8.0,,,0.0
570_LSO,570,Lesotho,Lesotho,LSO,Lesotho,2014,8.0,9,1,8.0,7,8.0,,,0.0
570_LSO,570,Lesotho,Lesotho,LSO,Lesotho,2015,8.0,9,1,8.0,7,8.0,,,
570_LSO,570,Lesotho,Lesotho,LSO,Lesotho,2016,8.0,9,1,8.0,7,8.0,,,
570_LSO,570,Lesotho,Lesotho,LSO,Lesotho,2017,8.0,9,1,8.0,7,8.0,,,
570_LSO,570,Lesotho,Lesotho,LSO,Lesotho,2018,8.0,9,1,8.0,7,8.0,,,
571_BWA,571,Botswana,Botswana,BWA,Botswana,1971,6.0,6,0,7.0,5,9.0,,,
571_BWA,571,Botswana,Botswana,BWA,Botswana,1972,6.0,6,0,7.0,5,9.0,,,
571_BWA,571,Botswana,Botswana,BWA,Botswana,1973,6.0,6,0,7.0,5,9.0,,,
571_BWA,571,Botswana,Botswana,BWA,Botswana,1974,6.0,6,0,7.0,5,9.0,,,
571_BWA,571,Botswana,Botswana,BWA,Botswana,1975,6.0,6,0,7.0,5,9.0,,,
571_BWA,571,Botswana,Botswana,BWA,Botswana,1976,6.0,6,0,7.0,5,9.0,,,
571_BWA,571,Botswana,Botswana,BWA,Botswana,1977,6.0,6,0,7.0,5,9.0,,,
571_BWA,571,Botswana,Botswana,BWA,Botswana,1978,6.0,6,0,7.0,5,9.0,,,
571_BWA,571,Botswana,Botswana,BWA,Botswana,1979,6.0,6,0,7.0,5,9.0,,,
571_BWA,571,Botswana,Botswana,BWA,Botswana,1980,6.0,6,0,7.0,5,9.0,,,
571_BWA,571,Botswana,Botswana,BWA,Botswana,1981,6.0,6,0,7.0,5,9.0,,,
571_BWA,571,Botswana,Botswana,BWA,Botswana,1982,6.0,6,0,7.0,5,9.0,,,
571_BWA,571,Botswana,Botswana,BWA,Botswana,1983,6.0,6,0,7.0,5,9.0,,,
571_BWA,571,Botswana,Botswana,BWA,Botswana,1984,6.0,6,0,7.0,5,9.0,,,
571_BWA,571,Botswana,Botswana,BWA,Botswana,1985,6.0,6,0,7.0,5,9.0,,,
571_BWA,571,Botswana,Botswana,BWA,Botswana,1986,6.0,6,0,7.0,5,9.0,,,
571_BWA,571,Botswana,Botswana,BWA,Botswana,1987,7.0,7,0,7.0,6,9.0,1.0,,0.0
571_BWA,571,Botswana,Botswana,BWA,Botswana,1988,7.0,7,0,7.0,6,9.0,,,
571_BWA,571,Botswana,Botswana,BWA,Botswana,1989,7.0,7,0,7.0,6,9.0,,,
571_BWA,571,Botswana,Botswana,BWA,Botswana,1990,7.0,7,0,7.0,6,9.0,,,
571_BWA,571,Botswana,Botswana,BWA,Botswana,1991,7.0,7,0,7.0,6,9.0,,,
571_BWA,571,Botswana,Botswana,BWA,Botswana,1992,7.0,7,0,7.0,6,9.0,,,
571_BWA,571,Botswana,Botswana,BWA,Botswana,1993,7.0,7,0,7.0,6,9.0,,,
571_BWA,571,Botswana,Botswana,BWA,Botswana,1994,7.0,7,0,7.0,6,9.0,,,
571_BWA,571,Botswana,Botswana,BWA,Botswana,1995,7.0,7,0,7.0,6,9.0,,,
571_BWA,571,Botswana,Botswana,BWA,Botswana,1996,7.0,7,0,7.0,6,9.0,,,
571_BWA,571,Botswana,Botswana,BWA,Botswana,1997,8.0,8,0,7.0,7,9.0,1.0,,0.0
571_BWA,571,Botswana,Botswana,BWA,Botswana,1998,8.0,8,0,7.0,7,9.0,,,
571_BWA,571,Botswana,Botswana,BWA,Botswana,1999,8.0,8,0,7.0,7,9.0,,,
571_BWA,571,Botswana,Botswana,BWA,Botswana,2000,8.0,8,0,7.0,7,9.0,,,
571_BWA,571,Botswana,Botswana,BWA,Botswana,2001,8.0,8,0,7.0,7,9.0,,,
571_BWA,571,Botswana,Botswana,BWA,Botswana,2002,8.0,8,0,7.0,7,9.0,,,
571_BWA,571,Botswana,Botswana,BWA,Botswana,2003,8.0,8,0,7.0,7,9.0,,,
571_BWA,571,Botswana,Botswana,BWA,Botswana,2004,8.0,8,0,7.0,7,9.0,,,
571_BWA,571,Botswana,Botswana,BWA,Botswana,2005,8.0,8,0,7.0,7,9.0,,,
571_BWA,571,Botswana,Botswana,BWA,Botswana,2006,8.0,8,0,7.0,7,9.0,,,
571_BWA,571,Botswana,Botswana,BWA,Botswana,2007,8.0,8,0,7.0,7,9.0,,,
571_BWA,571,Botswana,Botswana,BWA,Botswana,2008,8.0,8,0,7.0,7,9.0,,,
571_BWA,571,Botswana,Botswana,BWA,Botswana,2009,8.0,8,0,7.0,7,9.0,,,
571_BWA,571,Botswana,Botswana,BWA,Botswana,2010,8.0,8,0,7.0,7,9.0,,,
571_BWA,571,Botswana,Botswana,BWA,Botswana,2011,8.0,8,0,7.0,7,9.0,,,
571_BWA,571,Botswana,Botswana,BWA,Botswana,2012,8.0,8,0,7.0,7,9.0,,,
571_BWA,571,Botswana,Botswana,BWA,Botswana,2013,8.0,8,0,7.0,7,9.0,,,
571_BWA,571,Botswana,Botswana,BWA,Botswana,2014,8.0,8,0,7.0,7,9.0,,,
571_BWA,571,Botswana,Botswana,BWA,Botswana,2015,8.0,8,0,7.0,7,9.0,,,
571_BWA,571,Botswana,Botswana,BWA,Botswana,2016,8.0,8,0,7.0,7,9.0,,,
571_BWA,571,Botswana,Botswana,BWA,Botswana,2017,8.0,8,0,7.0,7,9.0,,,
571_BWA,571,Botswana,Botswana,BWA,Botswana,2018,8.0,8,0,7.0,7,9.0,,,
572_SWZ,572,Swaziland,Swaziland,SWZ,Eswatini,1971,-8.0,0,8,2.0,2,2.0,,,
572_SWZ,572,Swaziland,Swaziland,SWZ,Eswatini,1972,-8.0,0,8,2.0,2,2.0,,,
572_SWZ,572,Swaziland,Swaziland,SWZ,Eswatini,1973,-10.0,0,10,1.0,1,1.0,1.0,,0.0
572_SWZ,572,Swaziland,Swaziland,SWZ,Eswatini,1974,-10.0,0,10,1.0,1,1.0,,,
572_SWZ,572,Swaziland,Swaziland,SWZ,Eswatini,1975,-10.0,0,10,1.0,1,1.0,,,
572_SWZ,572,Swaziland,Swaziland,SWZ,Eswatini,1976,-10.0,0,10,1.0,1,1.0,,,
572_SWZ,572,Swaziland,Swaziland,SWZ,Eswatini,1977,-10.0,0,10,1.0,1,1.0,,,
572_SWZ,572,Swaziland,Swaziland,SWZ,Eswatini,1978,-10.0,0,10,1.0,1,1.0,,,
572_SWZ,572,Swaziland,Swaziland,SWZ,Eswatini,1979,-9.0,0,9,1.0,2,1.0,1.0,,0.0
572_SWZ,572,Swaziland,Swaziland,SWZ,Eswatini,1980,-9.0,0,9,1.0,2,1.0,,,
572_SWZ,572,Swaziland,Swaziland,SWZ,Eswatini,1981,-9.0,0,9,1.0,2,1.0,,,
572_SWZ,572,Swaziland,Swaziland,SWZ,Eswatini,1982,-7.0,0,7,3.0,3,1.0,1.0,,0.0
572_SWZ,572,Swaziland,Swaziland,SWZ,Eswatini,1983,-7.0,0,7,3.0,3,1.0,,,
572_SWZ,572,Swaziland,Swaziland,SWZ,Eswatini,1984,-7.0,0,7,3.0,3,1.0,,,
572_SWZ,572,Swaziland,Swaziland,SWZ,Eswatini,1985,-7.0,0,7,3.0,3,1.0,,,
572_SWZ,572,Swaziland,Swaziland,SWZ,Eswatini,1986,-9.0,0,9,1.0,2,1.0,1.0,,0.0
572_SWZ,572,Swaziland,Swaziland,SWZ,Eswatini,1987,-9.0,0,9,1.0,2,1.0,,,
572_SWZ,572,Swaziland,Swaziland,SWZ,Eswatini,1988,-9.0,0,9,1.0,2,1.0,,,
572_SWZ,572,Swaziland,Swaziland,SWZ,Eswatini,1989,-9.0,0,9,1.0,2,1.0,,,
572_SWZ,572,Swaziland,Swaziland,SWZ,Eswatini,1990,-9.0,0,9,1.0,2,1.0,,,
572_SWZ,572,Swaziland,Swaziland,SWZ,Eswatini,1991,-9.0,0,9,1.0,2,1.0,,,
572_SWZ,572,Swaziland,Swaziland,SWZ,Eswatini,1992,-6.0,0,6,5.0,2,1.0,1.0,,1.0
572_SWZ,572,Swaziland,Swaziland,SWZ,Eswatini,1993,-7.0,0,7,2.0,3,2.0,1.0,,0.0
572_SWZ,572,Swaziland,Swaziland,SWZ,Eswatini,1994,-7.0,0,7,2.0,3,2.0,,,
572_SWZ,572,Swaziland,Swaziland,SWZ,Eswatini,1995,-7.0,0,7,2.0,3,2.0,,,
572_SWZ,572,Swaziland,Swaziland,SWZ,Eswatini,1996,-7.0,0,7,2.0,3,2.0,,,
572_SWZ,572,Swaziland,Swaziland,SWZ,Eswatini,1997,-7.0,0,7,2.0,3,2.0,,,
572_SWZ,572,Swaziland,Swaziland,SWZ,Eswatini,1998,-7.0,0,7,2.0,3,2.0,,,
572_SWZ,572,Swaziland,Swaziland,SWZ,Eswatini,1999,-7.0,0,7,2.0,3,2.0,,,
572_SWZ,572,Swaziland,Swaziland,SWZ,Eswatini,2000,-7.0,0,7,2.0,3,2.0,,,
572_SWZ,572,Swaziland,Swaziland,SWZ,Eswatini,2001,-7.0,0,7,2.0,3,2.0,,,
572_SWZ,572,Swaziland,Swaziland,SWZ,Eswatini,2002,-7.0,0,7,2.0,3,2.0,,,
572_SWZ,572,Swaziland,Swaziland,SWZ,Eswatini,2003,-7.0,0,7,2.0,3,2.0,,,
572_SWZ,572,Swaziland,Swaziland,SWZ,Eswatini,2004,-7.0,0,7,2.0,3,2.0,,,
572_SWZ,572,Swaziland,Swaziland,SWZ,Eswatini,2005,-7.0,0,7,2.0,3,2.0,,,
572_SWZ,572,Swaziland,Swaziland,SWZ,Eswatini,2006,-7.0,0,7,2.0,3,2.0,,,
572_SWZ,572,Swaziland,Swaziland,SWZ,Eswatini,2007,-7.0,0,7,2.0,3,2.0,,,
572_SWZ,572,Swaziland,Swaziland,SWZ,Eswatini,2008,-7.0,0,7,2.0,3,2.0,,,
572_SWZ,572,Swaziland,Swaziland,SWZ,Eswatini,2009,-7.0,0,7,2.0,3,2.0,,,
572_SWZ,572,Swaziland,Swaziland,SWZ,Eswatini,2010,-7.0,0,7,2.0,3,2.0,,,
572_SWZ,572,Swaziland,Swaziland,SWZ,Eswatini,2011,-7.0,0,7,2.0,3,2.0,,,
572_SWZ,572,Swaziland,Swaziland,SWZ,Eswatini,2012,-7.0,0,7,2.0,3,2.0,,,
572_SWZ,572,Swaziland,Swaziland,SWZ,Eswatini,2013,-7.0,0,7,2.0,3,2.0,,,
572_SWZ,572,Swaziland,Swaziland,SWZ,Eswatini,2014,-7.0,0,7,2.0,3,2.0,,,
572_SWZ,572,Swaziland,Swaziland,SWZ,Eswatini,2015,-7.0,0,7,2.0,3,2.0,,,
572_SWZ,572,Swaziland,Swaziland,SWZ,Eswatini,2016,-7.0,0,7,2.0,3,2.0,,,
572_SWZ,572,Swaziland,Swaziland,SWZ,Eswatini,2017,-7.0,0,7,2.0,3,2.0,,,
572_SWZ,572,Swaziland,Swaziland,SWZ,Eswatini,2018,-7.0,0,7,2.0,3,2.0,,,
580_MDG,580,Madagascar,Madagascar,MDG,Madagascar,1971,1.0,2,1,7.0,3,5.0,,,
580_MDG,580,Madagascar,Madagascar,MDG,Madagascar,1972,-3.0,1,4,3.0,3,6.0,,,-2.0
580_MDG,580,Madagascar,Madagascar,MDG,Madagascar,1973,-3.0,1,4,3.0,3,6.0,,,-2.0
580_MDG,580,Madagascar,Madagascar,MDG,Madagascar,1974,-3.0,1,4,3.0,3,6.0,,,-2.0
580_MDG,580,Madagascar,Madagascar,MDG,Madagascar,1975,-6.0,0,6,3.0,3,2.0,1.0,,-2.0
580_MDG,580,Madagascar,Madagascar,MDG,Madagascar,1976,-6.0,0,6,3.0,3,2.0,,,
580_MDG,580,Madagascar,Madagascar,MDG,Madagascar,1977,-6.0,0,6,3.0,3,2.0,,,
580_MDG,580,Madagascar,Madagascar,MDG,Madagascar,1978,-6.0,0,6,3.0,3,2.0,,,
580_MDG,580,Madagascar,Madagascar,MDG,Madagascar,1979,-6.0,0,6,3.0,3,2.0,,,
580_MDG,580,Madagascar,Madagascar,MDG,Madagascar,1980,-6.0,0,6,3.0,3,2.0,,,
580_MDG,580,Madagascar,Madagascar,MDG,Madagascar,1981,-6.0,0,6,3.0,3,2.0,,,
580_MDG,580,Madagascar,Madagascar,MDG,Madagascar,1982,-6.0,0,6,3.0,3,2.0,,,
580_MDG,580,Madagascar,Madagascar,MDG,Madagascar,1983,-6.0,0,6,3.0,3,2.0,,,
580_MDG,580,Madagascar,Madagascar,MDG,Madagascar,1984,-6.0,0,6,3.0,3,2.0,,,
580_MDG,580,Madagascar,Madagascar,MDG,Madagascar,1985,-6.0,0,6,3.0,3,2.0,,,
580_MDG,580,Madagascar,Madagascar,MDG,Madagascar,1986,-6.0,0,6,3.0,3,2.0,,,
580_MDG,580,Madagascar,Madagascar,MDG,Madagascar,1987,-6.0,0,6,3.0,3,2.0,,,
580_MDG,580,Madagascar,Madagascar,MDG,Madagascar,1988,-6.0,0,6,3.0,3,2.0,,,
580_MDG,580,Madagascar,Madagascar,MDG,Madagascar,1989,-6.0,0,6,3.0,3,2.0,,,
580_MDG,580,Madagascar,Madagascar,MDG,Madagascar,1990,-6.0,0,6,3.0,3,2.0,,,
580_MDG,580,Madagascar,Madagascar,MDG,Madagascar,1991,1.0,-88,-88,-88.0,-88,-88.0,,,3.0
580_MDG,580,Madagascar,Madagascar,MDG,Madagascar,1992,9.0,9,0,8.0,7,9.0,1.0,,3.0
580_MDG,580,Madagascar,Madagascar,MDG,Madagascar,1993,9.0,9,0,8.0,7,9.0,,,
580_MDG,580,Madagascar,Madagascar,MDG,Madagascar,1994,9.0,9,0,8.0,7,9.0,,,
580_MDG,580,Madagascar,Madagascar,MDG,Madagascar,1995,9.0,9,0,8.0,7,9.0,,,
580_MDG,580,Madagascar,Madagascar,MDG,Madagascar,1996,9.0,9,0,8.0,7,9.0,,,
580_MDG,580,Madagascar,Madagascar,MDG,Madagascar,1997,9.0,9,0,8.0,7,9.0,,,
580_MDG,580,Madagascar,Madagascar,MDG,Madagascar,1998,7.0,7,0,8.0,5,9.0,1.0,,0.0
580_MDG,580,Madagascar,Madagascar,MDG,Madagascar,1999,7.0,7,0,8.0,5,9.0,,,
580_MDG,580,Madagascar,Madagascar,MDG,Madagascar,2000,7.0,7,0,8.0,5,9.0,,,
580_MDG,580,Madagascar,Madagascar,MDG,Madagascar,2001,7.0,7,0,8.0,5,9.0,,,
580_MDG,580,Madagascar,Madagascar,MDG,Madagascar,2002,7.0,7,0,8.0,5,9.0,,,
580_MDG,580,Madagascar,Madagascar,MDG,Madagascar,2003,7.0,7,0,8.0,5,9.0,,,
580_MDG,580,Madagascar,Madagascar,MDG,Madagascar,2004,7.0,7,0,8.0,5,9.0,,,
580_MDG,580,Madagascar,Madagascar,MDG,Madagascar,2005,7.0,7,0,8.0,5,9.0,,,
580_MDG,580,Madagascar,Madagascar,MDG,Madagascar,2006,7.0,7,0,8.0,5,9.0,,,
580_MDG,580,Madagascar,Madagascar,MDG,Madagascar,2007,7.0,7,0,8.0,5,9.0,,,
580_MDG,580,Madagascar,Madagascar,MDG,Madagascar,2008,7.0,7,0,8.0,5,9.0,,,
580_MDG,580,Madagascar,Madagascar,MDG,Madagascar,2009,0.0,3,3,3.0,5,6.0,1.0,,-2.0
580_MDG,580,Madagascar,Madagascar,MDG,Madagascar,2010,0.0,3,3,3.0,5,6.0,,,
580_MDG,580,Madagascar,Madagascar,MDG,Madagascar,2011,3.0,4,1,5.0,5,8.0,,,3.0
580_MDG,580,Madagascar,Madagascar,MDG,Madagascar,2012,3.0,4,1,5.0,5,8.0,,,3.0
580_MDG,580,Madagascar,Madagascar,MDG,Madagascar,2013,3.0,4,1,5.0,5,8.0,,,3.0
580_MDG,580,Madagascar,Madagascar,MDG,Madagascar,2014,6.0,6,0,7.0,6,7.0,1.0,,1.0
580_MDG,580,Madagascar,Madagascar,MDG,Madagascar,2015,6.0,6,0,7.0,6,7.0,,,
580_MDG,580,Madagascar,Madagascar,MDG,Madagascar,2016,6.0,6,0,7.0,6,7.0,,,
580_MDG,580,Madagascar,Madagascar,MDG,Madagascar,2017,6.0,6,0,7.0,6,7.0,,,
580_MDG,580,Madagascar,Madagascar,MDG,Madagascar,2018,6.0,6,0,7.0,6,7.0,,,
581_COM,581,Comoros,Comoros,COM,Comoros,1975,-5.0,0,5,3.0,1,5.0,1.0,,99.0
581_COM,581,Comoros,Comoros,COM,Comoros,1976,-5.0,0,5,3.0,1,5.0,,,
581_COM,581,Comoros,Comoros,COM,Comoros,1977,-5.0,0,5,3.0,1,5.0,,,
581_COM,581,Comoros,Comoros,COM,Comoros,1978,0.0,2,2,3.0,5,4.0,1.0,,1.0
581_COM,581,Comoros,Comoros,COM,Comoros,1979,0.0,2,2,3.0,5,4.0,,,
581_COM,581,Comoros,Comoros,COM,Comoros,1980,0.0,2,2,3.0,5,4.0,,,
581_COM,581,Comoros,Comoros,COM,Comoros,1981,0.0,2,2,3.0,5,4.0,,,
581_COM,581,Comoros,Comoros,COM,Comoros,1982,-3.0,0,3,3.0,3,5.0,,,-2.0
581_COM,581,Comoros,Comoros,COM,Comoros,1983,-3.0,0,3,3.0,3,5.0,,,-2.0
581_COM,581,Comoros,Comoros,COM,Comoros,1984,-9.0,0,9,3.0,1,1.0,1.0,,-2.0
581_COM,581,Comoros,Comoros,COM,Comoros,1985,-9.0,0,9,3.0,1,1.0,,,
581_COM,581,Comoros,Comoros,COM,Comoros,1986,-9.0,0,9,3.0,1,1.0,,,
581_COM,581,Comoros,Comoros,COM,Comoros,1987,-9.0,0,9,3.0,1,1.0,,,
581_COM,581,Comoros,Comoros,COM,Comoros,1988,-9.0,0,9,3.0,1,1.0,,,
581_COM,581,Comoros,Comoros,COM,Comoros,1989,-9.0,0,9,3.0,1,1.0,,,
581_COM,581,Comoros,Comoros,COM,Comoros,1990,4.0,5,1,7.0,5,6.0,1.0,,3.0
581_COM,581,Comoros,Comoros,COM,Comoros,1991,4.0,5,1,7.0,5,6.0,,,
581_COM,581,Comoros,Comoros,COM,Comoros,1992,4.0,5,1,7.0,5,6.0,,,
581_COM,581,Comoros,Comoros,COM,Comoros,1993,4.0,5,1,7.0,5,6.0,,,
581_COM,581,Comoros,Comoros,COM,Comoros,1994,4.0,5,1,7.0,5,6.0,,,
581_COM,581,Comoros,Comoros,COM,Comoros,1995,0.0,-77,-77,-77.0,-77,-77.0,,1.0,-77.0
581_COM,581,Comoros,Comoros,COM,Comoros,1996,4.0,5,1,7.0,5,6.0,1.0,1.0,0.0
581_COM,581,Comoros,Comoros,COM,Comoros,1997,4.0,5,1,7.0,5,6.0,,,
581_COM,581,Comoros,Comoros,COM,Comoros,1998,4.0,5,1,7.0,5,6.0,,,
581_COM,581,Comoros,Comoros,COM,Comoros,1999,-2.0,1,3,4.0,1,7.0,1.0,,-2.0
581_COM,581,Comoros,Comoros,COM,Comoros,2000,-1.0,1,2,4.0,2,7.0,,,3.0
581_COM,581,Comoros,Comoros,COM,Comoros,2001,0.0,2,2,4.0,2,9.0,,,3.0
581_COM,581,Comoros,Comoros,COM,Comoros,2002,4.0,4,0,5.0,5,9.0,,,3.0
581_COM,581,Comoros,Comoros,COM,Comoros,2003,4.0,4,0,5.0,5,9.0,,,3.0
581_COM,581,Comoros,Comoros,COM,Comoros,2004,6.0,6,0,5.0,7,9.0,,,3.0
581_COM,581,Comoros,Comoros,COM,Comoros,2005,6.0,6,0,5.0,7,9.0,,,3.0
581_COM,581,Comoros,Comoros,COM,Comoros,2006,9.0,9,0,8.0,7,9.0,1.0,,3.0
581_COM,581,Comoros,Comoros,COM,Comoros,2007,9.0,9,0,8.0,7,9.0,,,
581_COM,581,Comoros,Comoros,COM,Comoros,2008,9.0,9,0,8.0,7,9.0,,,
581_COM,581,Comoros,Comoros,COM,Comoros,2009,9.0,9,0,8.0,7,9.0,,,
581_COM,581,Comoros,Comoros,COM,Comoros,2010,9.0,9,0,8.0,7,9.0,,,
581_COM,581,Comoros,Comoros,COM,Comoros,2011,9.0,9,0,8.0,7,9.0,,,
581_COM,581,Comoros,Comoros,COM,Comoros,2012,9.0,9,0,8.0,7,9.0,,,
581_COM,581,Comoros,Comoros,COM,Comoros,2013,9.0,9,0,8.0,7,9.0,,,
581_COM,581,Comoros,Comoros,COM,Comoros,2014,9.0,9,0,8.0,7,9.0,,,
581_COM,581,Comoros,Comoros,COM,Comoros,2015,9.0,9,0,8.0,7,9.0,,,
581_COM,581,Comoros,Comoros,COM,Comoros,2016,9.0,9,0,8.0,7,9.0,,,
581_COM,581,Comoros,Comoros,COM,Comoros,2017,9.0,9,0,8.0,7,9.0,,,
581_COM,581,Comoros,Comoros,COM,Comoros,2018,-3.0,0,3,4.0,3,3.0,1.0,,-2.0
590_MUS,590,Mauritius,Mauritius,MUS,Mauritius,1971,9.0,9,0,8.0,7,9.0,,,
590_MUS,590,Mauritius,Mauritius,MUS,Mauritius,1972,9.0,9,0,8.0,7,9.0,,,
590_MUS,590,Mauritius,Mauritius,MUS,Mauritius,1973,9.0,9,0,8.0,7,9.0,,,
590_MUS,590,Mauritius,Mauritius,MUS,Mauritius,1974,9.0,9,0,8.0,7,9.0,,,
590_MUS,590,Mauritius,Mauritius,MUS,Mauritius,1975,9.0,9,0,8.0,7,9.0,,,
590_MUS,590,Mauritius,Mauritius,MUS,Mauritius,1976,9.0,9,0,8.0,7,9.0,,,
590_MUS,590,Mauritius,Mauritius,MUS,Mauritius,1977,9.0,9,0,8.0,7,9.0,,,
590_MUS,590,Mauritius,Mauritius,MUS,Mauritius,1978,9.0,9,0,8.0,7,9.0,,,
590_MUS,590,Mauritius,Mauritius,MUS,Mauritius,1979,9.0,9,0,8.0,7,9.0,,,
590_MUS,590,Mauritius,Mauritius,MUS,Mauritius,1980,9.0,9,0,8.0,7,9.0,,,
590_MUS,590,Mauritius,Mauritius,MUS,Mauritius,1981,9.0,9,0,8.0,7,9.0,,,
590_MUS,590,Mauritius,Mauritius,MUS,Mauritius,1982,10.0,10,0,8.0,7,10.0,1.0,,0.0
590_MUS,590,Mauritius,Mauritius,MUS,Mauritius,1983,10.0,10,0,8.0,7,10.0,,,
590_MUS,590,Mauritius,Mauritius,MUS,Mauritius,1984,10.0,10,0,8.0,7,10.0,,,
590_MUS,590,Mauritius,Mauritius,MUS,Mauritius,1985,10.0,10,0,8.0,7,10.0,,,
590_MUS,590,Mauritius,Mauritius,MUS,Mauritius,1986,10.0,10,0,8.0,7,10.0,,,
590_MUS,590,Mauritius,Mauritius,MUS,Mauritius,1987,10.0,10,0,8.0,7,10.0,,,
590_MUS,590,Mauritius,Mauritius,MUS,Mauritius,1988,10.0,10,0,8.0,7,10.0,,,
590_MUS,590,Mauritius,Mauritius,MUS,Mauritius,1989,10.0,10,0,8.0,7,10.0,,,
590_MUS,590,Mauritius,Mauritius,MUS,Mauritius,1990,10.0,10,0,8.0,7,10.0,,,
590_MUS,590,Mauritius,Mauritius,MUS,Mauritius,1991,10.0,10,0,8.0,7,10.0,,,
590_MUS,590,Mauritius,Mauritius,MUS,Mauritius,1992,10.0,10,0,8.0,7,10.0,,,
590_MUS,590,Mauritius,Mauritius,MUS,Mauritius,1993,10.0,10,0,8.0,7,10.0,,,
590_MUS,590,Mauritius,Mauritius,MUS,Mauritius,1994,10.0,10,0,8.0,7,10.0,,,
590_MUS,590,Mauritius,Mauritius,MUS,Mauritius,1995,10.0,10,0,8.0,7,10.0,,,
590_MUS,590,Mauritius,Mauritius,MUS,Mauritius,1996,10.0,10,0,8.0,7,10.0,,,
590_MUS,590,Mauritius,Mauritius,MUS,Mauritius,1997,10.0,10,0,8.0,7,10.0,,,
590_MUS,590,Mauritius,Mauritius,MUS,Mauritius,1998,10.0,10,0,8.0,7,10.0,,,
590_MUS,590,Mauritius,Mauritius,MUS,Mauritius,1999,10.0,10,0,8.0,7,10.0,,,
590_MUS,590,Mauritius,Mauritius,MUS,Mauritius,2000,10.0,10,0,8.0,7,10.0,,,
590_MUS,590,Mauritius,Mauritius,MUS,Mauritius,2001,10.0,10,0,8.0,7,10.0,,,
590_MUS,590,Mauritius,Mauritius,MUS,Mauritius,2002,10.0,10,0,8.0,7,10.0,,,
590_MUS,590,Mauritius,Mauritius,MUS,Mauritius,2003,10.0,10,0,8.0,7,10.0,,,
590_MUS,590,Mauritius,Mauritius,MUS,Mauritius,2004,10.0,10,0,8.0,7,10.0,,,
590_MUS,590,Mauritius,Mauritius,MUS,Mauritius,2005,10.0,10,0,8.0,7,10.0,,,
590_MUS,590,Mauritius,Mauritius,MUS,Mauritius,2006,10.0,10,0,8.0,7,10.0,,,
590_MUS,590,Mauritius,Mauritius,MUS,Mauritius,2007,10.0,10,0,8.0,7,10.0,,,
590_MUS,590,Mauritius,Mauritius,MUS,Mauritius,2008,10.0,10,0,8.0,7,10.0,,,
590_MUS,590,Mauritius,Mauritius,MUS,Mauritius,2009,10.0,10,0,8.0,7,10.0,,,
590_MUS,590,Mauritius,Mauritius,MUS,Mauritius,2010,10.0,10,0,8.0,7,10.0,,,
590_MUS,590,Mauritius,Mauritius,MUS,Mauritius,2011,10.0,10,0,8.0,7,10.0,,,
590_MUS,590,Mauritius,Mauritius,MUS,Mauritius,2012,10.0,10,0,8.0,7,10.0,,,
590_MUS,590,Mauritius,Mauritius,MUS,Mauritius,2013,10.0,10,0,8.0,7,10.0,,,
590_MUS,590,Mauritius,Mauritius,MUS,Mauritius,2014,10.0,10,0,8.0,7,10.0,,,
590_MUS,590,Mauritius,Mauritius,MUS,Mauritius,2015,10.0,10,0,8.0,7,10.0,,,
590_MUS,590,Mauritius,Mauritius,MUS,Mauritius,2016,10.0,10,0,8.0,7,10.0,,,
590_MUS,590,Mauritius,Mauritius,MUS,Mauritius,2017,10.0,10,0,8.0,7,10.0,,,
590_MUS,590,Mauritius,Mauritius,MUS,Mauritius,2018,10.0,10,0,8.0,7,10.0,,,
600_MAR,600,Morocco,Morocco,MAR,Morocco,1971,-9.0,0,9,1.0,1,2.0,,,
600_MAR,600,Morocco,Morocco,MAR,Morocco,1972,-9.0,0,9,1.0,1,2.0,,,
600_MAR,600,Morocco,Morocco,MAR,Morocco,1973,-9.0,0,9,1.0,1,2.0,,,
600_MAR,600,Morocco,Morocco,MAR,Morocco,1974,-9.0,0,9,1.0,1,2.0,,,
600_MAR,600,Morocco,Morocco,MAR,Morocco,1975,-9.0,0,9,1.0,1,2.0,,,
600_MAR,600,Morocco,Morocco,MAR,Morocco,1976,-9.0,0,9,1.0,1,2.0,,,
600_MAR,600,Morocco,Morocco,MAR,Morocco,1977,-8.0,0,8,2.0,2,2.0,1.0,,0.0
600_MAR,600,Morocco,Morocco,MAR,Morocco,1978,-8.0,0,8,2.0,2,2.0,,,
600_MAR,600,Morocco,Morocco,MAR,Morocco,1979,-8.0,0,8,2.0,2,2.0,,,
600_MAR,600,Morocco,Morocco,MAR,Morocco,1980,-8.0,0,8,2.0,2,2.0,,,
600_MAR,600,Morocco,Morocco,MAR,Morocco,1981,-8.0,0,8,2.0,2,2.0,,,
600_MAR,600,Morocco,Morocco,MAR,Morocco,1982,-8.0,0,8,2.0,2,2.0,,,
600_MAR,600,Morocco,Morocco,MAR,Morocco,1983,-8.0,0,8,2.0,2,2.0,,,
600_MAR,600,Morocco,Morocco,MAR,Morocco,1984,-8.0,0,8,2.0,2,2.0,,,
600_MAR,600,Morocco,Morocco,MAR,Morocco,1985,-8.0,0,8,2.0,2,2.0,,,
600_MAR,600,Morocco,Morocco,MAR,Morocco,1986,-8.0,0,8,2.0,2,2.0,,,
600_MAR,600,Morocco,Morocco,MAR,Morocco,1987,-8.0,0,8,2.0,2,2.0,,,
600_MAR,600,Morocco,Morocco,MAR,Morocco,1988,-8.0,0,8,2.0,2,2.0,,,
600_MAR,600,Morocco,Morocco,MAR,Morocco,1989,-8.0,0,8,2.0,2,2.0,,,
600_MAR,600,Morocco,Morocco,MAR,Morocco,1990,-8.0,0,8,2.0,2,2.0,,,
600_MAR,600,Morocco,Morocco,MAR,Morocco,1991,-8.0,0,8,2.0,2,2.0,,,
600_MAR,600,Morocco,Morocco,MAR,Morocco,1992,-7.0,0,7,2.0,3,2.0,1.0,,0.0
600_MAR,600,Morocco,Morocco,MAR,Morocco,1993,-7.0,0,7,2.0,3,2.0,,,
600_MAR,600,Morocco,Morocco,MAR,Morocco,1994,-7.0,0,7,2.0,3,2.0,,,
600_MAR,600,Morocco,Morocco,MAR,Morocco,1995,-7.0,0,7,2.0,3,2.0,,,
600_MAR,600,Morocco,Morocco,MAR,Morocco,1996,-7.0,0,7,2.0,3,2.0,,,
600_MAR,600,Morocco,Morocco,MAR,Morocco,1997,-7.0,0,7,2.0,3,2.0,,,
600_MAR,600,Morocco,Morocco,MAR,Morocco,1998,-6.0,0,6,2.0,3,3.0,1.0,,0.0
600_MAR,600,Morocco,Morocco,MAR,Morocco,1999,-6.0,0,6,2.0,3,3.0,,,
600_MAR,600,Morocco,Morocco,MAR,Morocco,2000,-6.0,0,6,2.0,3,3.0,,,
600_MAR,600,Morocco,Morocco,MAR,Morocco,2001,-6.0,0,6,2.0,3,3.0,,,
600_MAR,600,Morocco,Morocco,MAR,Morocco,2002,-6.0,0,6,2.0,3,3.0,,,
600_MAR,600,Morocco,Morocco,MAR,Morocco,2003,-6.0,0,6,2.0,3,3.0,,,
600_MAR,600,Morocco,Morocco,MAR,Morocco,2004,-6.0,0,6,2.0,3,3.0,,,
600_MAR,600,Morocco,Morocco,MAR,Morocco,2005,-6.0,0,6,2.0,3,3.0,,,
600_MAR,600,Morocco,Morocco,MAR,Morocco,2006,-6.0,0,6,2.0,3,3.0,,,
600_MAR,600,Morocco,Morocco,MAR,Morocco,2007,-6.0,0,6,2.0,3,3.0,,,
600_MAR,600,Morocco,Morocco,MAR,Morocco,2008,-6.0,0,6,2.0,3,3.0,,,
600_MAR,600,Morocco,Morocco,MAR,Morocco,2009,-6.0,0,6,2.0,3,3.0,,,
600_MAR,600,Morocco,Morocco,MAR,Morocco,2010,-6.0,0,6,2.0,3,3.0,,,
600_MAR,600,Morocco,Morocco,MAR,Morocco,2011,-4.0,1,5,2.0,4,3.0,1.0,,0.0
600_MAR,600,Morocco,Morocco,MAR,Morocco,2012,-4.0,1,5,2.0,4,3.0,,,
600_MAR,600,Morocco,Morocco,MAR,Morocco,2013,-4.0,1,5,2.0,4,3.0,,,
600_MAR,600,Morocco,Morocco,MAR,Morocco,2014,-4.0,1,5,2.0,4,3.0,,,
600_MAR,600,Morocco,Morocco,MAR,Morocco,2015,-4.0,1,5,2.0,4,3.0,,,
600_MAR,600,Morocco,Morocco,MAR,Morocco,2016,-4.0,1,5,2.0,4,3.0,,,
600_MAR,600,Morocco,Morocco,MAR,Morocco,2017,-4.0,1,5,2.0,4,3.0,,,
600_MAR,600,Morocco,Morocco,MAR,Morocco,2018,-4.0,1,5,2.0,4,3.0,,,
615_DZA,615,Algeria,Algeria,DZA,Algeria,1971,-9.0,0,9,3.0,1,1.0,,,
615_DZA,615,Algeria,Algeria,DZA,Algeria,1972,-9.0,0,9,3.0,1,1.0,,,
615_DZA,615,Algeria,Algeria,DZA,Algeria,1973,-9.0,0,9,3.0,1,1.0,,,
615_DZA,615,Algeria,Algeria,DZA,Algeria,1974,-9.0,0,9,3.0,1,1.0,,,
615_DZA,615,Algeria,Algeria,DZA,Algeria,1975,-9.0,0,9,3.0,1,1.0,,,
615_DZA,615,Algeria,Algeria,DZA,Algeria,1976,-9.0,0,9,3.0,1,1.0,,,
615_DZA,615,Algeria,Algeria,DZA,Algeria,1977,-9.0,0,9,3.0,1,1.0,,,
615_DZA,615,Algeria,Algeria,DZA,Algeria,1978,-9.0,0,9,3.0,1,1.0,,,
615_DZA,615,Algeria,Algeria,DZA,Algeria,1979,-9.0,0,9,3.0,1,1.0,,,
615_DZA,615,Algeria,Algeria,DZA,Algeria,1980,-9.0,0,9,3.0,1,1.0,,,
615_DZA,615,Algeria,Algeria,DZA,Algeria,1981,-9.0,0,9,3.0,1,1.0,,,
615_DZA,615,Algeria,Algeria,DZA,Algeria,1982,-9.0,0,9,3.0,1,1.0,,,
615_DZA,615,Algeria,Algeria,DZA,Algeria,1983,-9.0,0,9,3.0,1,1.0,,,
615_DZA,615,Algeria,Algeria,DZA,Algeria,1984,-9.0,0,9,3.0,1,1.0,,,
615_DZA,615,Algeria,Algeria,DZA,Algeria,1985,-9.0,0,9,3.0,1,1.0,,,
615_DZA,615,Algeria,Algeria,DZA,Algeria,1986,-9.0,0,9,3.0,1,1.0,,,
615_DZA,615,Algeria,Algeria,DZA,Algeria,1987,-9.0,0,9,3.0,1,1.0,,,
615_DZA,615,Algeria,Algeria,DZA,Algeria,1988,-9.0,0,9,3.0,1,1.0,,,
615_DZA,615,Algeria,Algeria,DZA,Algeria,1989,-2.0,1,3,3.0,3,7.0,1.0,,1.0
615_DZA,615,Algeria,Algeria,DZA,Algeria,1990,-2.0,1,3,3.0,3,7.0,,,
615_DZA,615,Algeria,Algeria,DZA,Algeria,1991,-2.0,1,3,3.0,3,7.0,,,
615_DZA,615,Algeria,Algeria,DZA,Algeria,1992,-7.0,0,7,5.0,1,1.0,1.0,,-1.0
615_DZA,615,Algeria,Algeria,DZA,Algeria,1993,-7.0,0,7,5.0,1,1.0,,,
615_DZA,615,Algeria,Algeria,DZA,Algeria,1994,-7.0,0,7,5.0,1,1.0,,,
615_DZA,615,Algeria,Algeria,DZA,Algeria,1995,-3.0,1,4,3.0,3,6.0,1.0,,1.0
615_DZA,615,Algeria,Algeria,DZA,Algeria,1996,-3.0,1,4,3.0,3,6.0,,,
615_DZA,615,Algeria,Algeria,DZA,Algeria,1997,-3.0,1,4,3.0,3,6.0,,,
615_DZA,615,Algeria,Algeria,DZA,Algeria,1998,-3.0,1,4,3.0,3,6.0,,,
615_DZA,615,Algeria,Algeria,DZA,Algeria,1999,-3.0,1,4,3.0,3,6.0,,,
615_DZA,615,Algeria,Algeria,DZA,Algeria,2000,-3.0,1,4,3.0,3,6.0,,,
615_DZA,615,Algeria,Algeria,DZA,Algeria,2001,-3.0,1,4,3.0,3,6.0,,,
615_DZA,615,Algeria,Algeria,DZA,Algeria,2002,-3.0,1,4,3.0,3,6.0,,,
615_DZA,615,Algeria,Algeria,DZA,Algeria,2003,-3.0,1,4,3.0,3,6.0,,,
615_DZA,615,Algeria,Algeria,DZA,Algeria,2004,2.0,3,1,5.0,5,6.0,1.0,,2.0
615_DZA,615,Algeria,Algeria,DZA,Algeria,2005,2.0,3,1,5.0,5,6.0,,,
615_DZA,615,Algeria,Algeria,DZA,Algeria,2006,2.0,3,1,5.0,5,6.0,,,
615_DZA,615,Algeria,Algeria,DZA,Algeria,2007,2.0,3,1,5.0,5,6.0,,,
615_DZA,615,Algeria,Algeria,DZA,Algeria,2008,2.0,3,1,5.0,5,6.0,,,
615_DZA,615,Algeria,Algeria,DZA,Algeria,2009,2.0,3,1,5.0,5,6.0,,,
615_DZA,615,Algeria,Algeria,DZA,Algeria,2010,2.0,3,1,5.0,5,6.0,,,
615_DZA,615,Algeria,Algeria,DZA,Algeria,2011,2.0,3,1,5.0,5,6.0,,,
615_DZA,615,Algeria,Algeria,DZA,Algeria,2012,2.0,3,1,5.0,5,6.0,,,
615_DZA,615,Algeria,Algeria,DZA,Algeria,2013,2.0,3,1,5.0,5,6.0,,,
615_DZA,615,Algeria,Algeria,DZA,Algeria,2014,2.0,3,1,5.0,5,6.0,,,
615_DZA,615,Algeria,Algeria,DZA,Algeria,2015,2.0,3,1,5.0,5,6.0,,,
615_DZA,615,Algeria,Algeria,DZA,Algeria,2016,2.0,3,1,5.0,5,6.0,,,
615_DZA,615,Algeria,Algeria,DZA,Algeria,2017,2.0,3,1,5.0,5,6.0,,,
615_DZA,615,Algeria,Algeria,DZA,Algeria,2018,2.0,3,1,5.0,5,6.0,,,
616_TUN,616,Tunisia,Tunisia,TUN,Tunisia,1971,-9.0,0,9,3.0,1,1.0,,,
616_TUN,616,Tunisia,Tunisia,TUN,Tunisia,1972,-9.0,0,9,3.0,1,1.0,,,
616_TUN,616,Tunisia,Tunisia,TUN,Tunisia,1973,-9.0,0,9,3.0,1,1.0,,,
616_TUN,616,Tunisia,Tunisia,TUN,Tunisia,1974,-9.0,0,9,3.0,1,1.0,,,
616_TUN,616,Tunisia,Tunisia,TUN,Tunisia,1975,-9.0,0,9,3.0,1,1.0,,,
616_TUN,616,Tunisia,Tunisia,TUN,Tunisia,1976,-9.0,0,9,3.0,1,1.0,,,
616_TUN,616,Tunisia,Tunisia,TUN,Tunisia,1977,-8.0,0,8,3.0,1,2.0,1.0,,0.0
616_TUN,616,Tunisia,Tunisia,TUN,Tunisia,1978,-8.0,0,8,3.0,1,2.0,,,
616_TUN,616,Tunisia,Tunisia,TUN,Tunisia,1979,-8.0,0,8,3.0,1,2.0,,,
616_TUN,616,Tunisia,Tunisia,TUN,Tunisia,1980,-8.0,0,8,3.0,1,2.0,,,
616_TUN,616,Tunisia,Tunisia,TUN,Tunisia,1981,-8.0,0,8,3.0,1,2.0,,,
616_TUN,616,Tunisia,Tunisia,TUN,Tunisia,1982,-8.0,0,8,3.0,1,2.0,,,
616_TUN,616,Tunisia,Tunisia,TUN,Tunisia,1983,-8.0,0,8,3.0,1,2.0,,,
616_TUN,616,Tunisia,Tunisia,TUN,Tunisia,1984,-8.0,0,8,3.0,1,2.0,,,
616_TUN,616,Tunisia,Tunisia,TUN,Tunisia,1985,-8.0,0,8,3.0,1,2.0,,,
616_TUN,616,Tunisia,Tunisia,TUN,Tunisia,1986,-8.0,0,8,3.0,1,2.0,,,
616_TUN,616,Tunisia,Tunisia,TUN,Tunisia,1987,-6.0,0,6,3.0,2,3.0,1.0,,0.0
616_TUN,616,Tunisia,Tunisia,TUN,Tunisia,1988,-6.0,0,6,3.0,2,3.0,,,
616_TUN,616,Tunisia,Tunisia,TUN,Tunisia,1989,-6.0,0,6,3.0,2,3.0,,,
616_TUN,616,Tunisia,Tunisia,TUN,Tunisia,1990,-6.0,0,6,3.0,2,3.0,,,
616_TUN,616,Tunisia,Tunisia,TUN,Tunisia,1991,-6.0,0,6,3.0,2,3.0,,,
616_TUN,616,Tunisia,Tunisia,TUN,Tunisia,1992,-6.0,0,6,3.0,2,3.0,,,
616_TUN,616,Tunisia,Tunisia,TUN,Tunisia,1993,-3.0,1,4,3.0,3,6.0,1.0,,1.0
616_TUN,616,Tunisia,Tunisia,TUN,Tunisia,1994,-3.0,1,4,3.0,3,6.0,,,
616_TUN,616,Tunisia,Tunisia,TUN,Tunisia,1995,-3.0,1,4,3.0,3,6.0,,,
616_TUN,616,Tunisia,Tunisia,TUN,Tunisia,1996,-3.0,1,4,3.0,3,6.0,,,
616_TUN,616,Tunisia,Tunisia,TUN,Tunisia,1997,-3.0,1,4,3.0,3,6.0,,,
616_TUN,616,Tunisia,Tunisia,TUN,Tunisia,1998,-3.0,1,4,3.0,3,6.0,,,
616_TUN,616,Tunisia,Tunisia,TUN,Tunisia,1999,-3.0,1,4,3.0,3,6.0,,,
616_TUN,616,Tunisia,Tunisia,TUN,Tunisia,2000,-3.0,1,4,3.0,3,6.0,,,
616_TUN,616,Tunisia,Tunisia,TUN,Tunisia,2001,-3.0,1,4,3.0,3,6.0,,,
616_TUN,616,Tunisia,Tunisia,TUN,Tunisia,2002,-4.0,1,5,3.0,2,6.0,1.0,,0.0
616_TUN,616,Tunisia,Tunisia,TUN,Tunisia,2003,-4.0,1,5,3.0,2,6.0,,,
616_TUN,616,Tunisia,Tunisia,TUN,Tunisia,2004,-4.0,1,5,3.0,2,6.0,,,
616_TUN,616,Tunisia,Tunisia,TUN,Tunisia,2005,-4.0,1,5,3.0,2,6.0,,,
616_TUN,616,Tunisia,Tunisia,TUN,Tunisia,2006,-4.0,1,5,3.0,2,6.0,,,
616_TUN,616,Tunisia,Tunisia,TUN,Tunisia,2007,-4.0,1,5,3.0,2,6.0,,,
616_TUN,616,Tunisia,Tunisia,TUN,Tunisia,2008,-4.0,1,5,3.0,2,6.0,,,
616_TUN,616,Tunisia,Tunisia,TUN,Tunisia,2009,-4.0,1,5,3.0,2,6.0,,,
616_TUN,616,Tunisia,Tunisia,TUN,Tunisia,2010,-4.0,1,5,3.0,2,6.0,,,
616_TUN,616,Tunisia,Tunisia,TUN,Tunisia,2011,4.0,-88,-88,-88.0,-88,-88.0,,,3.0
616_TUN,616,Tunisia,Tunisia,TUN,Tunisia,2012,5.0,-88,-88,-88.0,-88,-88.0,,,3.0
616_TUN,616,Tunisia,Tunisia,TUN,Tunisia,2013,6.0,-88,-88,-88.0,-88,-88.0,,,3.0
616_TUN,616,Tunisia,Tunisia,TUN,Tunisia,2014,7.0,7,0,7.0,6,9.0,1.0,,3.0
616_TUN,616,Tunisia,Tunisia,TUN,Tunisia,2015,7.0,7,0,7.0,6,9.0,,,
616_TUN,616,Tunisia,Tunisia,TUN,Tunisia,2016,7.0,7,0,7.0,6,9.0,,,
616_TUN,616,Tunisia,Tunisia,TUN,Tunisia,2017,7.0,7,0,7.0,6,9.0,,,
616_TUN,616,Tunisia,Tunisia,TUN,Tunisia,2018,7.0,7,0,7.0,6,9.0,,,
620_LBY,620,Libya,Libya,LBY,Libya,1971,-7.0,0,7,4.0,1,1.0,,,
620_LBY,620,Libya,Libya,LBY,Libya,1972,-7.0,0,7,4.0,1,1.0,,,
620_LBY,620,Libya,Libya,LBY,Libya,1973,-7.0,0,7,4.0,1,1.0,,,
620_LBY,620,Libya,Libya,LBY,Libya,1974,-7.0,0,7,4.0,1,1.0,,,
620_LBY,620,Libya,Libya,LBY,Libya,1975,-7.0,0,7,4.0,1,1.0,,,
620_LBY,620,Libya,Libya,LBY,Libya,1976,-7.0,0,7,4.0,1,1.0,,,
620_LBY,620,Libya,Libya,LBY,Libya,1977,-7.0,0,7,5.0,1,1.0,,,
620_LBY,620,Libya,Libya,LBY,Libya,1978,-7.0,0,7,5.0,1,1.0,,,
620_LBY,620,Libya,Libya,LBY,Libya,1979,-7.0,0,7,5.0,1,1.0,,,
620_LBY,620,Libya,Libya,LBY,Libya,1980,-7.0,0,7,5.0,1,1.0,,,
620_LBY,620,Libya,Libya,LBY,Libya,1981,-7.0,0,7,5.0,1,1.0,,,
620_LBY,620,Libya,Libya,LBY,Libya,1982,-7.0,0,7,5.0,1,1.0,,,
620_LBY,620,Libya,Libya,LBY,Libya,1983,-7.0,0,7,5.0,1,1.0,,,
620_LBY,620,Libya,Libya,LBY,Libya,1984,-7.0,0,7,5.0,1,1.0,,,
620_LBY,620,Libya,Libya,LBY,Libya,1985,-7.0,0,7,5.0,1,1.0,,,
620_LBY,620,Libya,Libya,LBY,Libya,1986,-7.0,0,7,5.0,1,1.0,,,
620_LBY,620,Libya,Libya,LBY,Libya,1987,-7.0,0,7,5.0,1,1.0,,,
620_LBY,620,Libya,Libya,LBY,Libya,1988,-7.0,0,7,5.0,1,1.0,,,
620_LBY,620,Libya,Libya,LBY,Libya,1989,-7.0,0,7,5.0,1,1.0,,,
620_LBY,620,Libya,Libya,LBY,Libya,1990,-7.0,0,7,5.0,1,1.0,,,
620_LBY,620,Libya,Libya,LBY,Libya,1991,-7.0,0,7,5.0,1,1.0,,,
620_LBY,620,Libya,Libya,LBY,Libya,1992,-7.0,0,7,5.0,1,1.0,,,
620_LBY,620,Libya,Libya,LBY,Libya,1993,-7.0,0,7,5.0,1,1.0,,,
620_LBY,620,Libya,Libya,LBY,Libya,1994,-7.0,0,7,5.0,1,1.0,,,
620_LBY,620,Libya,Libya,LBY,Libya,1995,-7.0,0,7,5.0,1,1.0,,,
620_LBY,620,Libya,Libya,LBY,Libya,1996,-7.0,0,7,5.0,1,1.0,,,
620_LBY,620,Libya,Libya,LBY,Libya,1997,-7.0,0,7,5.0,1,1.0,,,
620_LBY,620,Libya,Libya,LBY,Libya,1998,-7.0,0,7,5.0,1,1.0,,,
620_LBY,620,Libya,Libya,LBY,Libya,1999,-7.0,0,7,4.0,1,1.0,,,
620_LBY,620,Libya,Libya,LBY,Libya,2000,-7.0,0,7,4.0,1,1.0,,,
620_LBY,620,Libya,Libya,LBY,Libya,2001,-7.0,0,7,4.0,1,1.0,,,
620_LBY,620,Libya,Libya,LBY,Libya,2002,-7.0,0,7,4.0,1,1.0,,,
620_LBY,620,Libya,Libya,LBY,Libya,2003,-7.0,0,7,4.0,1,1.0,,,
620_LBY,620,Libya,Libya,LBY,Libya,2004,-7.0,0,7,4.0,1,1.0,,,
620_LBY,620,Libya,Libya,LBY,Libya,2005,-7.0,0,7,4.0,1,1.0,,,
620_LBY,620,Libya,Libya,LBY,Libya,2006,-7.0,0,7,4.0,1,1.0,,,
620_LBY,620,Libya,Libya,LBY,Libya,2007,-7.0,0,7,4.0,1,1.0,,,
620_LBY,620,Libya,Libya,LBY,Libya,2008,-7.0,0,7,4.0,1,1.0,,,
620_LBY,620,Libya,Libya,LBY,Libya,2009,-7.0,0,7,4.0,1,1.0,,,
620_LBY,620,Libya,Libya,LBY,Libya,2010,-7.0,0,7,4.0,1,1.0,,,
620_LBY,620,Libya,Libya,LBY,Libya,2011,0.0,-77,-77,-77.0,-77,-77.0,,1.0,-77.0
620_LBY,620,Libya,Libya,LBY,Libya,2012,0.0,-77,-77,-77.0,-77,-77.0,,1.0,-77.0
620_LBY,620,Libya,Libya,LBY,Libya,2013,0.0,-77,-77,-77.0,-77,-77.0,,1.0,-77.0
620_LBY,620,Libya,Libya,LBY,Libya,2014,0.0,-77,-77,-77.0,-77,-77.0,,1.0,-77.0
620_LBY,620,Libya,Libya,LBY,Libya,2015,0.0,-77,-77,-77.0,-77,-77.0,,1.0,-77.0
620_LBY,620,Libya,Libya,LBY,Libya,2016,0.0,-77,-77,-77.0,-77,-77.0,,1.0,-77.0
620_LBY,620,Libya,Libya,LBY,Libya,2017,0.0,-77,-77,-77.0,-77,-77.0,,1.0,-77.0
620_LBY,620,Libya,Libya,LBY,Libya,2018,0.0,-77,-77,-77.0,-77,-77.0,,1.0,-77.0
625_SDN,625,Sudan,Sudan,SDN,Sudan,1971,-7.0,0,7,4.0,1,1.0,1.0,,-2.0
625_SDN,625,Sudan,Sudan,SDN,Sudan,1972,-7.0,0,7,4.0,1,1.0,,,
625_SDN,625,Sudan,Sudan,SDN,Sudan,1973,-6.0,0,6,4.0,2,1.0,1.0,,0.0
625_SDN,625,Sudan,Sudan,SDN,Sudan,1974,-6.0,0,6,4.0,2,1.0,,,
625_SDN,625,Sudan,Sudan,SDN,Sudan,1975,-6.0,0,6,4.0,2,1.0,,,
625_SDN,625,Sudan,Sudan,SDN,Sudan,1976,-6.0,0,6,4.0,2,1.0,,,
625_SDN,625,Sudan,Sudan,SDN,Sudan,1977,-6.0,0,6,4.0,2,1.0,,,
625_SDN,625,Sudan,Sudan,SDN,Sudan,1978,-6.0,0,6,4.0,2,1.0,,,
625_SDN,625,Sudan,Sudan,SDN,Sudan,1979,-6.0,0,6,4.0,2,1.0,,,
625_SDN,625,Sudan,Sudan,SDN,Sudan,1980,-6.0,0,6,4.0,2,1.0,,,
625_SDN,625,Sudan,Sudan,SDN,Sudan,1981,-6.0,0,6,4.0,2,1.0,,,
625_SDN,625,Sudan,Sudan,SDN,Sudan,1982,-6.0,0,6,4.0,2,1.0,,,
625_SDN,625,Sudan,Sudan,SDN,Sudan,1983,-6.0,0,6,4.0,2,1.0,,,
625_SDN,625,Sudan,Sudan,SDN,Sudan,1984,-6.0,0,6,4.0,2,1.0,,,
625_SDN,625,Sudan,Sudan,SDN,Sudan,1985,-3.0,0,3,5.0,3,3.0,,,3.0
625_SDN,625,Sudan,Sudan,SDN,Sudan,1986,7.0,8,1,7.0,7,8.0,1.0,,3.0
625_SDN,625,Sudan,Sudan,SDN,Sudan,1987,7.0,8,1,7.0,7,8.0,,,
625_SDN,625,Sudan,Sudan,SDN,Sudan,1988,7.0,8,1,7.0,7,8.0,,,
625_SDN,625,Sudan,Sudan,SDN,Sudan,1989,-7.0,0,7,4.0,1,1.0,1.0,,-2.0
625_SDN,625,Sudan,Sudan,SDN,Sudan,1990,-7.0,0,7,4.0,1,1.0,,,
625_SDN,625,Sudan,Sudan,SDN,Sudan,1991,-7.0,0,7,4.0,1,1.0,,,
625_SDN,625,Sudan,Sudan,SDN,Sudan,1992,-7.0,0,7,4.0,1,1.0,,,
625_SDN,625,Sudan,Sudan,SDN,Sudan,1993,-7.0,0,7,4.0,1,1.0,,,
625_SDN,625,Sudan,Sudan,SDN,Sudan,1994,-7.0,0,7,4.0,1,1.0,,,
625_SDN,625,Sudan,Sudan,SDN,Sudan,1995,-7.0,0,7,4.0,1,1.0,,,
625_SDN,625,Sudan,Sudan,SDN,Sudan,1996,-7.0,0,7,4.0,1,1.0,,,
625_SDN,625,Sudan,Sudan,SDN,Sudan,1997,-7.0,0,7,4.0,1,1.0,,,
625_SDN,625,Sudan,Sudan,SDN,Sudan,1998,-7.0,0,7,4.0,1,1.0,1.0,,1.0
625_SDN,625,Sudan,Sudan,SDN,Sudan,1999,-6.0,0,6,4.0,1,2.0,1.0,,0.0
625_SDN,625,Sudan,Sudan,SDN,Sudan,2000,-6.0,0,6,4.0,1,2.0,,,
625_SDN,625,Sudan,Sudan,SDN,Sudan,2001,-6.0,0,6,4.0,1,2.0,,,
625_SDN,625,Sudan,Sudan,SDN,Sudan,2002,-6.0,0,6,4.0,1,2.0,,,
625_SDN,625,Sudan,Sudan,SDN,Sudan,2003,-6.0,0,6,4.0,1,2.0,,,
625_SDN,625,Sudan,Sudan,SDN,Sudan,2004,-6.0,0,6,4.0,1,2.0,,,
625_SDN,625,Sudan,Sudan,SDN,Sudan,2005,-3.0,0,3,5.0,3,3.0,1.0,,1.0
625_SDN,625,Sudan,Sudan,SDN,Sudan,2006,-3.0,0,3,5.0,3,3.0,,,
625_SDN,625,Sudan,Sudan,SDN,Sudan,2007,-3.0,0,3,5.0,3,3.0,,,
625_SDN,625,Sudan,Sudan,SDN,Sudan,2008,-3.0,0,3,5.0,3,3.0,,,
625_SDN,625,Sudan,Sudan,SDN,Sudan,2009,-3.0,0,3,5.0,3,3.0,,,
625_SDN,625,Sudan,Sudan,SDN,Sudan,2010,-2.0,1,3,4.0,2,6.0,1.0,,0.0
625_SDN,625,Sudan,Sudan,SDN,Sudan,2011,-2.0,1,3,4.0,2,6.0,1.0,,98.0
625_SDN,625,Sudan,Sudan-North,SDN,Sudan,2011,-4.0,0,4,4.0,2,3.0,1.0,,97.0
625_SDN,625,Sudan,Sudan-North,SDN,Sudan,2012,-4.0,0,4,4.0,2,3.0,,,
625_SDN,625,Sudan,Sudan-North,SDN,Sudan,2013,-4.0,0,4,4.0,2,3.0,,,
625_SDN,625,Sudan,Sudan-North,SDN,Sudan,2014,-4.0,0,4,4.0,2,3.0,,,
625_SDN,625,Sudan,Sudan-North,SDN,Sudan,2015,-4.0,0,4,4.0,2,3.0,,,
625_SDN,625,Sudan,Sudan-North,SDN,Sudan,2016,-4.0,0,4,4.0,2,3.0,,,
625_SDN,625,Sudan,Sudan-North,SDN,Sudan,2017,-4.0,0,4,4.0,2,3.0,,,
625_SDN,625,Sudan,Sudan-North,SDN,Sudan,2018,-4.0,0,4,4.0,2,3.0,,,
625_SSD,625,Sudan,Sudan,SSD,South Sudan,1971,-7.0,0,7,4.0,1,1.0,1.0,,-2.0
625_SSD,625,Sudan,Sudan,SSD,South Sudan,1972,-7.0,0,7,4.0,1,1.0,,,
625_SSD,625,Sudan,Sudan,SSD,South Sudan,1973,-6.0,0,6,4.0,2,1.0,1.0,,0.0
625_SSD,625,Sudan,Sudan,SSD,South Sudan,1974,-6.0,0,6,4.0,2,1.0,,,
625_SSD,625,Sudan,Sudan,SSD,South Sudan,1975,-6.0,0,6,4.0,2,1.0,,,
625_SSD,625,Sudan,Sudan,SSD,South Sudan,1976,-6.0,0,6,4.0,2,1.0,,,
625_SSD,625,Sudan,Sudan,SSD,South Sudan,1977,-6.0,0,6,4.0,2,1.0,,,
625_SSD,625,Sudan,Sudan,SSD,South Sudan,1978,-6.0,0,6,4.0,2,1.0,,,
625_SSD,625,Sudan,Sudan,SSD,South Sudan,1979,-6.0,0,6,4.0,2,1.0,,,
625_SSD,625,Sudan,Sudan,SSD,South Sudan,1980,-6.0,0,6,4.0,2,1.0,,,
625_SSD,625,Sudan,Sudan,SSD,South Sudan,1981,-6.0,0,6,4.0,2,1.0,,,
625_SSD,625,Sudan,Sudan,SSD,South Sudan,1982,-6.0,0,6,4.0,2,1.0,,,
625_SSD,625,Sudan,Sudan,SSD,South Sudan,1983,-6.0,0,6,4.0,2,1.0,,,
625_SSD,625,Sudan,Sudan,SSD,South Sudan,1984,-6.0,0,6,4.0,2,1.0,,,
625_SSD,625,Sudan,Sudan,SSD,South Sudan,1985,-3.0,0,3,5.0,3,3.0,,,3.0
625_SSD,625,Sudan,Sudan,SSD,South Sudan,1986,7.0,8,1,7.0,7,8.0,1.0,,3.0
625_SSD,625,Sudan,Sudan,SSD,South Sudan,1987,7.0,8,1,7.0,7,8.0,,,
625_SSD,625,Sudan,Sudan,SSD,South Sudan,1988,7.0,8,1,7.0,7,8.0,,,
625_SSD,625,Sudan,Sudan,SSD,South Sudan,1989,-7.0,0,7,4.0,1,1.0,1.0,,-2.0
625_SSD,625,Sudan,Sudan,SSD,South Sudan,1990,-7.0,0,7,4.0,1,1.0,,,
625_SSD,625,Sudan,Sudan,SSD,South Sudan,1991,-7.0,0,7,4.0,1,1.0,,,
625_SSD,625,Sudan,Sudan,SSD,South Sudan,1992,-7.0,0,7,4.0,1,1.0,,,
625_SSD,625,Sudan,Sudan,SSD,South Sudan,1993,-7.0,0,7,4.0,1,1.0,,,
625_SSD,625,Sudan,Sudan,SSD,South Sudan,1994,-7.0,0,7,4.0,1,1.0,,,
625_SSD,625,Sudan,Sudan,SSD,South Sudan,1995,-7.0,0,7,4.0,1,1.0,,,
625_SSD,625,Sudan,Sudan,SSD,South Sudan,1996,-7.0,0,7,4.0,1,1.0,,,
625_SSD,625,Sudan,Sudan,SSD,South Sudan,1997,-7.0,0,7,4.0,1,1.0,,,
625_SSD,625,Sudan,Sudan,SSD,South Sudan,1998,-7.0,0,7,4.0,1,1.0,1.0,,1.0
625_SSD,625,Sudan,Sudan,SSD,South Sudan,1999,-6.0,0,6,4.0,1,2.0,1.0,,0.0
625_SSD,625,Sudan,Sudan,SSD,South Sudan,2000,-6.0,0,6,4.0,1,2.0,,,
625_SSD,625,Sudan,Sudan,SSD,South Sudan,2001,-6.0,0,6,4.0,1,2.0,,,
625_SSD,625,Sudan,Sudan,SSD,South Sudan,2002,-6.0,0,6,4.0,1,2.0,,,
625_SSD,625,Sudan,Sudan,SSD,South Sudan,2003,-6.0,0,6,4.0,1,2.0,,,
625_SSD,625,Sudan,Sudan,SSD,South Sudan,2004,-6.0,0,6,4.0,1,2.0,,,
625_SSD,625,Sudan,Sudan,SSD,South Sudan,2005,-3.0,0,3,5.0,3,3.0,1.0,,1.0
625_SSD,625,Sudan,Sudan,SSD,South Sudan,2006,-3.0,0,3,5.0,3,3.0,,,
625_SSD,625,Sudan,Sudan,SSD,South Sudan,2007,-3.0,0,3,5.0,3,3.0,,,
625_SSD,625,Sudan,Sudan,SSD,South Sudan,2008,-3.0,0,3,5.0,3,3.0,,,
625_SSD,625,Sudan,Sudan,SSD,South Sudan,2009,-3.0,0,3,5.0,3,3.0,,,
625_SSD,625,Sudan,Sudan,SSD,South Sudan,2010,-2.0,1,3,4.0,2,6.0,1.0,,0.0
625_SSD,625,Sudan,South Sudan,SSD,South Sudan,2011,0.0,2,2,3.0,5,5.0,1.0,,99.0
625_SSD,625,Sudan,South Sudan,SSD,South Sudan,2012,0.0,2,2,3.0,5,5.0,,,
625_SSD,625,Sudan,South Sudan,SSD,South Sudan,2013,0.0,-77,-77,-77.0,-77,-77.0,,1.0,-77.0
625_SSD,625,Sudan,South Sudan,SSD,South Sudan,2014,0.0,-77,-77,-77.0,-77,-77.0,,1.0,-77.0
625_SSD,625,Sudan,South Sudan,SSD,South Sudan,2015,0.0,-77,-77,-77.0,-77,-77.0,,1.0,-77.0
625_SSD,625,Sudan,South Sudan,SSD,South Sudan,2016,0.0,-77,-77,-77.0,-77,-77.0,,1.0,-77.0
625_SSD,625,Sudan,South Sudan,SSD,South Sudan,2017,0.0,-77,-77,-77.0,-77,-77.0,,1.0,-77.0
625_SSD,625,Sudan,South Sudan,SSD,South Sudan,2018,0.0,-77,-77,-77.0,-77,-77.0,,1.0,-77.0
630_IRN,630,Iran,Iran,IRN,Iran,1971,-10.0,0,10,1.0,1,1.0,,,
630_IRN,630,Iran,Iran,IRN,Iran,1972,-10.0,0,10,1.0,1,1.0,,,
630_IRN,630,Iran,Iran,IRN,Iran,1973,-10.0,0,10,1.0,1,1.0,,,
630_IRN,630,Iran,Iran,IRN,Iran,1974,-10.0,0,10,1.0,1,1.0,,,
630_IRN,630,Iran,Iran,IRN,Iran,1975,-10.0,0,10,1.0,1,1.0,,,
630_IRN,630,Iran,Iran,IRN,Iran,1976,-10.0,0,10,1.0,1,1.0,,,
630_IRN,630,Iran,Iran,IRN,Iran,1977,-10.0,0,10,1.0,1,1.0,,,
630_IRN,630,Iran,Iran,IRN,Iran,1978,-10.0,0,10,1.0,1,1.0,,,
630_IRN,630,Iran,Iran,IRN,Iran,1979,-6.0,0,6,3.0,3,2.0,1.0,1.0,1.0
630_IRN,630,Iran,Iran,IRN,Iran,1980,-6.0,0,6,3.0,3,2.0,,,
630_IRN,630,Iran,Iran,IRN,Iran,1981,-6.0,0,6,3.0,3,2.0,,,
630_IRN,630,Iran,Iran,IRN,Iran,1982,-6.0,0,6,3.0,3,2.0,,,
630_IRN,630,Iran,Iran,IRN,Iran,1983,-6.0,0,6,3.0,3,2.0,,,
630_IRN,630,Iran,Iran,IRN,Iran,1984,-6.0,0,6,3.0,3,2.0,,,
630_IRN,630,Iran,Iran,IRN,Iran,1985,-6.0,0,6,3.0,3,2.0,,,
630_IRN,630,Iran,Iran,IRN,Iran,1986,-6.0,0,6,3.0,3,2.0,,,
630_IRN,630,Iran,Iran,IRN,Iran,1987,-6.0,0,6,3.0,3,2.0,,,
630_IRN,630,Iran,Iran,IRN,Iran,1988,-6.0,0,6,3.0,3,2.0,,,
630_IRN,630,Iran,Iran,IRN,Iran,1989,-6.0,0,6,3.0,3,2.0,,,
630_IRN,630,Iran,Iran,IRN,Iran,1990,-6.0,0,6,3.0,3,2.0,,,
630_IRN,630,Iran,Iran,IRN,Iran,1991,-6.0,0,6,3.0,3,2.0,,,
630_IRN,630,Iran,Iran,IRN,Iran,1992,-6.0,0,6,3.0,3,2.0,,,
630_IRN,630,Iran,Iran,IRN,Iran,1993,-6.0,0,6,3.0,3,2.0,,,
630_IRN,630,Iran,Iran,IRN,Iran,1994,-6.0,0,6,3.0,3,2.0,,,
630_IRN,630,Iran,Iran,IRN,Iran,1995,-6.0,0,6,3.0,3,2.0,,,
630_IRN,630,Iran,Iran,IRN,Iran,1996,-6.0,0,6,3.0,3,2.0,,,
630_IRN,630,Iran,Iran,IRN,Iran,1997,3.0,4,1,6.0,4,6.0,1.0,,3.0
630_IRN,630,Iran,Iran,IRN,Iran,1998,3.0,4,1,6.0,4,6.0,,,
630_IRN,630,Iran,Iran,IRN,Iran,1999,3.0,4,1,6.0,4,6.0,,,
630_IRN,630,Iran,Iran,IRN,Iran,2000,3.0,4,1,6.0,4,6.0,,,
630_IRN,630,Iran,Iran,IRN,Iran,2001,3.0,4,1,6.0,4,6.0,,,
630_IRN,630,Iran,Iran,IRN,Iran,2002,3.0,4,1,6.0,4,6.0,,,
630_IRN,630,Iran,Iran,IRN,Iran,2003,3.0,4,1,6.0,4,6.0,,,
630_IRN,630,Iran,Iran,IRN,Iran,2004,-7.0,0,7,3.0,2,2.0,1.0,,-2.0
630_IRN,630,Iran,Iran,IRN,Iran,2005,-6.0,0,6,3.0,2,3.0,,,
630_IRN,630,Iran,Iran,IRN,Iran,2006,-6.0,0,6,3.0,2,3.0,,,
630_IRN,630,Iran,Iran,IRN,Iran,2007,-6.0,0,6,3.0,2,3.0,,,
630_IRN,630,Iran,Iran,IRN,Iran,2008,-6.0,0,6,3.0,2,3.0,,,
630_IRN,630,Iran,Iran,IRN,Iran,2009,-7.0,0,7,3.0,2,2.0,1.0,,0.0
630_IRN,630,Iran,Iran,IRN,Iran,2010,-7.0,0,7,3.0,2,2.0,,,
630_IRN,630,Iran,Iran,IRN,Iran,2011,-7.0,0,7,3.0,2,2.0,,,
630_IRN,630,Iran,Iran,IRN,Iran,2012,-7.0,0,7,3.0,2,2.0,,,
630_IRN,630,Iran,Iran,IRN,Iran,2013,-7.0,0,7,3.0,2,2.0,,,
630_IRN,630,Iran,Iran,IRN,Iran,2014,-7.0,0,7,3.0,2,2.0,,,
630_IRN,630,Iran,Iran,IRN,Iran,2015,-7.0,0,7,3.0,2,2.0,,,
630_IRN,630,Iran,Iran,IRN,Iran,2016,-7.0,0,7,3.0,2,2.0,,,
630_IRN,630,Iran,Iran,IRN,Iran,2017,-7.0,0,7,3.0,2,2.0,,,
630_IRN,630,Iran,Iran,IRN,Iran,2018,-7.0,0,7,3.0,2,2.0,,,
640_TUR,640,Turkey,Turkey,TUR,Türkiye,1971,-2.0,2,4,7.0,3,2.0,1.0,,-2.0
640_TUR,640,Turkey,Turkey,TUR,Türkiye,1972,-2.0,2,4,7.0,3,2.0,,,
640_TUR,640,Turkey,Turkey,TUR,Türkiye,1973,9.0,9,0,8.0,7,9.0,1.0,,3.0
640_TUR,640,Turkey,Turkey,TUR,Türkiye,1974,9.0,9,0,8.0,7,9.0,,,
640_TUR,640,Turkey,Turkey,TUR,Türkiye,1975,9.0,9,0,8.0,7,9.0,,,
640_TUR,640,Turkey,Turkey,TUR,Türkiye,1976,9.0,9,0,8.0,7,9.0,,,
640_TUR,640,Turkey,Turkey,TUR,Türkiye,1977,9.0,9,0,8.0,7,9.0,,,
640_TUR,640,Turkey,Turkey,TUR,Türkiye,1978,9.0,9,0,8.0,7,9.0,,,
640_TUR,640,Turkey,Turkey,TUR,Türkiye,1979,9.0,9,0,8.0,7,9.0,,,
640_TUR,640,Turkey,Turkey,TUR,Türkiye,1980,-5.0,2,7,7.0,1,1.0,1.0,,-2.0
640_TUR,640,Turkey,Turkey,TUR,Türkiye,1981,-5.0,2,7,7.0,1,1.0,,,
640_TUR,640,Turkey,Turkey,TUR,Türkiye,1982,-5.0,2,7,7.0,1,1.0,,,
640_TUR,640,Turkey,Turkey,TUR,Türkiye,1983,7.0,7,0,7.0,6,9.0,1.0,,3.0
640_TUR,640,Turkey,Turkey,TUR,Türkiye,1984,7.0,7,0,7.0,6,9.0,,,
640_TUR,640,Turkey,Turkey,TUR,Türkiye,1985,7.0,7,0,7.0,6,9.0,,,
640_TUR,640,Turkey,Turkey,TUR,Türkiye,1986,7.0,7,0,7.0,6,9.0,,,
640_TUR,640,Turkey,Turkey,TUR,Türkiye,1987,7.0,7,0,7.0,6,9.0,,,
640_TUR,640,Turkey,Turkey,TUR,Türkiye,1988,7.0,7,0,7.0,6,9.0,,,
640_TUR,640,Turkey,Turkey,TUR,Türkiye,1989,9.0,9,0,8.0,7,9.0,1.0,,0.0
640_TUR,640,Turkey,Turkey,TUR,Türkiye,1990,9.0,9,0,8.0,7,9.0,,,
640_TUR,640,Turkey,Turkey,TUR,Türkiye,1991,9.0,9,0,8.0,7,9.0,,,
640_TUR,640,Turkey,Turkey,TUR,Türkiye,1992,9.0,9,0,8.0,7,9.0,,,
640_TUR,640,Turkey,Turkey,TUR,Türkiye,1993,8.0,9,1,8.0,7,8.0,1.0,,0.0
640_TUR,640,Turkey,Turkey,TUR,Türkiye,1994,8.0,9,1,8.0,7,8.0,,,
640_TUR,640,Turkey,Turkey,TUR,Türkiye,1995,8.0,9,1,8.0,7,8.0,,,
640_TUR,640,Turkey,Turkey,TUR,Türkiye,1996,8.0,9,1,8.0,7,8.0,,,
640_TUR,640,Turkey,Turkey,TUR,Türkiye,1997,7.0,8,1,8.0,7,6.0,1.0,,0.0
640_TUR,640,Turkey,Turkey,TUR,Türkiye,1998,7.0,8,1,8.0,7,6.0,,,
640_TUR,640,Turkey,Turkey,TUR,Türkiye,1999,7.0,8,1,8.0,7,6.0,,,
640_TUR,640,Turkey,Turkey,TUR,Türkiye,2000,7.0,8,1,8.0,7,6.0,,,
640_TUR,640,Turkey,Turkey,TUR,Türkiye,2001,7.0,8,1,8.0,7,6.0,,,
640_TUR,640,Turkey,Turkey,TUR,Türkiye,2002,7.0,8,1,8.0,7,6.0,,,
640_TUR,640,Turkey,Turkey,TUR,Türkiye,2003,7.0,8,1,8.0,7,6.0,,,
640_TUR,640,Turkey,Turkey,TUR,Türkiye,2004,7.0,8,1,8.0,7,6.0,,,
640_TUR,640,Turkey,Turkey,TUR,Türkiye,2005,7.0,8,1,8.0,7,6.0,,,
640_TUR,640,Turkey,Turkey,TUR,Türkiye,2006,7.0,8,1,8.0,7,6.0,,,
640_TUR,640,Turkey,Turkey,TUR,Türkiye,2007,7.0,8,1,8.0,7,6.0,,,
640_TUR,640,Turkey,Turkey,TUR,Türkiye,2008,7.0,8,1,8.0,7,6.0,,,
640_TUR,640,Turkey,Turkey,TUR,Türkiye,2009,7.0,8,1,8.0,7,6.0,,,
640_TUR,640,Turkey,Turkey,TUR,Türkiye,2010,7.0,8,1,8.0,7,6.0,,,
640_TUR,640,Turkey,Turkey,TUR,Türkiye,2011,9.0,9,0,8.0,7,9.0,1.0,,0.0
640_TUR,640,Turkey,Turkey,TUR,Türkiye,2012,9.0,9,0,8.0,7,9.0,,,
640_TUR,640,Turkey,Turkey,TUR,Türkiye,2013,9.0,9,0,8.0,7,9.0,,,
640_TUR,640,Turkey,Turkey,TUR,Türkiye,2014,3.0,4,1,7.0,5,6.0,,,0.0
640_TUR,640,Turkey,Turkey,TUR,Türkiye,2015,3.0,4,1,7.0,5,6.0,,,0.0
640_TUR,640,Turkey,Turkey,TUR,Türkiye,2016,-4.0,0,4,4.0,3,2.0,1.0,,-2.0
640_TUR,640,Turkey,Turkey,TUR,Türkiye,2017,-4.0,0,4,4.0,3,2.0,,,
640_TUR,640,Turkey,Turkey,TUR,Türkiye,2018,-4.0,0,4,4.0,3,2.0,,,
645_IRQ,645,Iraq,Iraq,IRQ,Iraq,1971,-7.0,0,7,5.0,1,1.0,,,
645_IRQ,645,Iraq,Iraq,IRQ,Iraq,1972,-7.0,0,7,5.0,1,1.0,,,
645_IRQ,645,Iraq,Iraq,IRQ,Iraq,1973,-7.0,0,7,5.0,1,1.0,,,
645_IRQ,645,Iraq,Iraq,IRQ,Iraq,1974,-7.0,0,7,5.0,1,1.0,,,
645_IRQ,645,Iraq,Iraq,IRQ,Iraq,1975,-7.0,0,7,5.0,1,1.0,,,
645_IRQ,645,Iraq,Iraq,IRQ,Iraq,1976,-7.0,0,7,5.0,1,1.0,,,
645_IRQ,645,Iraq,Iraq,IRQ,Iraq,1977,-7.0,0,7,5.0,1,1.0,,,
645_IRQ,645,Iraq,Iraq,IRQ,Iraq,1978,-7.0,0,7,5.0,1,1.0,,,
645_IRQ,645,Iraq,Iraq,IRQ,Iraq,1979,-9.0,0,9,3.0,1,1.0,1.0,,0.0
645_IRQ,645,Iraq,Iraq,IRQ,Iraq,1980,-9.0,0,9,3.0,1,1.0,,,
645_IRQ,645,Iraq,Iraq,IRQ,Iraq,1981,-9.0,0,9,3.0,1,1.0,,,
645_IRQ,645,Iraq,Iraq,IRQ,Iraq,1982,-9.0,0,9,3.0,1,1.0,,,
645_IRQ,645,Iraq,Iraq,IRQ,Iraq,1983,-9.0,0,9,3.0,1,1.0,,,
645_IRQ,645,Iraq,Iraq,IRQ,Iraq,1984,-9.0,0,9,3.0,1,1.0,,,
645_IRQ,645,Iraq,Iraq,IRQ,Iraq,1985,-9.0,0,9,3.0,1,1.0,,,
645_IRQ,645,Iraq,Iraq,IRQ,Iraq,1986,-9.0,0,9,3.0,1,1.0,,,
645_IRQ,645,Iraq,Iraq,IRQ,Iraq,1987,-9.0,0,9,3.0,1,1.0,,,
645_IRQ,645,Iraq,Iraq,IRQ,Iraq,1988,-9.0,0,9,3.0,1,1.0,,,
645_IRQ,645,Iraq,Iraq,IRQ,Iraq,1989,-9.0,0,9,3.0,1,1.0,,,
645_IRQ,645,Iraq,Iraq,IRQ,Iraq,1990,-9.0,0,9,3.0,1,1.0,,,
645_IRQ,645,Iraq,Iraq,IRQ,Iraq,1991,-9.0,0,9,3.0,1,1.0,,,
645_IRQ,645,Iraq,Iraq,IRQ,Iraq,1992,-9.0,0,9,3.0,1,1.0,,,
645_IRQ,645,Iraq,Iraq,IRQ,Iraq,1993,-9.0,0,9,3.0,1,1.0,,,
645_IRQ,645,Iraq,Iraq,IRQ,Iraq,1994,-9.0,0,9,3.0,1,1.0,,,
645_IRQ,645,Iraq,Iraq,IRQ,Iraq,1995,-9.0,0,9,3.0,1,1.0,,,
645_IRQ,645,Iraq,Iraq,IRQ,Iraq,1996,-9.0,0,9,3.0,1,1.0,,,
645_IRQ,645,Iraq,Iraq,IRQ,Iraq,1997,-9.0,0,9,3.0,1,1.0,,,
645_IRQ,645,Iraq,Iraq,IRQ,Iraq,1998,-9.0,0,9,3.0,1,1.0,,,
645_IRQ,645,Iraq,Iraq,IRQ,Iraq,1999,-9.0,0,9,3.0,1,1.0,,,
645_IRQ,645,Iraq,Iraq,IRQ,Iraq,2000,-9.0,0,9,3.0,1,1.0,,,
645_IRQ,645,Iraq,Iraq,IRQ,Iraq,2001,-9.0,0,9,3.0,1,1.0,,,
645_IRQ,645,Iraq,Iraq,IRQ,Iraq,2002,-9.0,0,9,3.0,1,1.0,,,
645_IRQ,645,Iraq,Iraq,IRQ,Iraq,2003,,-66,-66,-66.0,-66,-66.0,,1.0,-66.0
645_IRQ,645,Iraq,Iraq,IRQ,Iraq,2004,,-66,-66,-66.0,-66,-66.0,,,-66.0
645_IRQ,645,Iraq,Iraq,IRQ,Iraq,2005,,-66,-66,-66.0,-66,-66.0,,,-66.0
645_IRQ,645,Iraq,Iraq,IRQ,Iraq,2006,,-66,-66,-66.0,-66,-66.0,,,-66.0
645_IRQ,645,Iraq,Iraq,IRQ,Iraq,2007,,-66,-66,-66.0,-66,-66.0,,,-66.0
645_IRQ,645,Iraq,Iraq,IRQ,Iraq,2008,,-66,-66,-66.0,-66,-66.0,,,-66.0
645_IRQ,645,Iraq,Iraq,IRQ,Iraq,2009,,-66,-66,-66.0,-66,-66.0,,,-66.0
645_IRQ,645,Iraq,Iraq,IRQ,Iraq,2010,3.0,4,1,7.0,4,6.0,1.0,,3.0
645_IRQ,645,Iraq,Iraq,IRQ,Iraq,2011,3.0,4,1,7.0,4,6.0,,,
645_IRQ,645,Iraq,Iraq,IRQ,Iraq,2012,3.0,4,1,7.0,4,6.0,,,
645_IRQ,645,Iraq,Iraq,IRQ,Iraq,2013,3.0,4,1,7.0,4,6.0,,,
645_IRQ,645,Iraq,Iraq,IRQ,Iraq,2014,6.0,6,0,7.0,6,7.0,1.0,,1.0
645_IRQ,645,Iraq,Iraq,IRQ,Iraq,2015,6.0,6,0,7.0,6,7.0,,,
645_IRQ,645,Iraq,Iraq,IRQ,Iraq,2016,6.0,6,0,7.0,6,7.0,,,
645_IRQ,645,Iraq,Iraq,IRQ,Iraq,2017,6.0,6,0,7.0,6,7.0,,,
645_IRQ,645,Iraq,Iraq,IRQ,Iraq,2018,6.0,6,0,7.0,6,7.0,,,
651_EGY,651,Egypt,Egypt,EGY,Egypt,1971,-7.0,0,7,3.0,3,1.0,,,
651_EGY,651,Egypt,Egypt,EGY,Egypt,1972,-7.0,0,7,3.0,3,1.0,,,
651_EGY,651,Egypt,Egypt,EGY,Egypt,1973,-7.0,0,7,3.0,3,1.0,,,
651_EGY,651,Egypt,Egypt,EGY,Egypt,1974,-7.0,0,7,3.0,3,1.0,,,
651_EGY,651,Egypt,Egypt,EGY,Egypt,1975,-7.0,0,7,3.0,3,1.0,,,
651_EGY,651,Egypt,Egypt,EGY,Egypt,1976,-6.0,0,6,3.0,3,2.0,1.0,,0.0
651_EGY,651,Egypt,Egypt,EGY,Egypt,1977,-6.0,0,6,3.0,3,2.0,,,
651_EGY,651,Egypt,Egypt,EGY,Egypt,1978,-6.0,0,6,3.0,3,2.0,,,
651_EGY,651,Egypt,Egypt,EGY,Egypt,1979,-6.0,0,6,3.0,3,2.0,,,
651_EGY,651,Egypt,Egypt,EGY,Egypt,1980,-6.0,0,6,3.0,3,2.0,,,
651_EGY,651,Egypt,Egypt,EGY,Egypt,1981,-6.0,0,6,3.0,3,2.0,,,
651_EGY,651,Egypt,Egypt,EGY,Egypt,1982,-6.0,0,6,3.0,3,2.0,,,
651_EGY,651,Egypt,Egypt,EGY,Egypt,1983,-6.0,0,6,3.0,3,2.0,,,
651_EGY,651,Egypt,Egypt,EGY,Egypt,1984,-6.0,0,6,3.0,3,2.0,,,
651_EGY,651,Egypt,Egypt,EGY,Egypt,1985,-6.0,0,6,3.0,3,2.0,,,
651_EGY,651,Egypt,Egypt,EGY,Egypt,1986,-6.0,0,6,3.0,3,2.0,,,
651_EGY,651,Egypt,Egypt,EGY,Egypt,1987,-6.0,0,6,3.0,3,2.0,,,
651_EGY,651,Egypt,Egypt,EGY,Egypt,1988,-6.0,0,6,3.0,3,2.0,,,
651_EGY,651,Egypt,Egypt,EGY,Egypt,1989,-6.0,0,6,3.0,3,2.0,,,
651_EGY,651,Egypt,Egypt,EGY,Egypt,1990,-6.0,0,6,3.0,3,2.0,,,
651_EGY,651,Egypt,Egypt,EGY,Egypt,1991,-6.0,0,6,3.0,3,2.0,,,
651_EGY,651,Egypt,Egypt,EGY,Egypt,1992,-6.0,0,6,3.0,3,2.0,,,
651_EGY,651,Egypt,Egypt,EGY,Egypt,1993,-6.0,0,6,3.0,3,2.0,,,
651_EGY,651,Egypt,Egypt,EGY,Egypt,1994,-6.0,0,6,3.0,3,2.0,,,
651_EGY,651,Egypt,Egypt,EGY,Egypt,1995,-6.0,0,6,3.0,3,2.0,,,
651_EGY,651,Egypt,Egypt,EGY,Egypt,1996,-6.0,0,6,3.0,3,2.0,,,
651_EGY,651,Egypt,Egypt,EGY,Egypt,1997,-6.0,0,6,3.0,3,2.0,,,
651_EGY,651,Egypt,Egypt,EGY,Egypt,1998,-6.0,0,6,3.0,3,2.0,,,
651_EGY,651,Egypt,Egypt,EGY,Egypt,1999,-6.0,0,6,3.0,3,2.0,,,
651_EGY,651,Egypt,Egypt,EGY,Egypt,2000,-6.0,0,6,3.0,3,2.0,,,
651_EGY,651,Egypt,Egypt,EGY,Egypt,2001,-6.0,0,6,3.0,3,2.0,,,
651_EGY,651,Egypt,Egypt,EGY,Egypt,2002,-6.0,0,6,3.0,3,2.0,,,
651_EGY,651,Egypt,Egypt,EGY,Egypt,2003,-6.0,0,6,3.0,3,2.0,,,
651_EGY,651,Egypt,Egypt,EGY,Egypt,2004,-6.0,0,6,3.0,3,2.0,,,
651_EGY,651,Egypt,Egypt,EGY,Egypt,2005,-3.0,1,4,3.0,3,6.0,1.0,,1.0
651_EGY,651,Egypt,Egypt,EGY,Egypt,2006,-3.0,1,4,3.0,3,6.0,,,
651_EGY,651,Egypt,Egypt,EGY,Egypt,2007,-3.0,1,4,3.0,3,6.0,,,
651_EGY,651,Egypt,Egypt,EGY,Egypt,2008,-3.0,1,4,3.0,3,6.0,,,
651_EGY,651,Egypt,Egypt,EGY,Egypt,2009,-3.0,1,4,3.0,3,6.0,,,
651_EGY,651,Egypt,Egypt,EGY,Egypt,2010,-3.0,1,4,3.0,3,6.0,,,
651_EGY,651,Egypt,Egypt,EGY,Egypt,2011,-2.0,0,2,5.0,2,5.0,1.0,,0.0
651_EGY,651,Egypt,Egypt,EGY,Egypt,2012,-3.0,-88,-88,-88.0,-88,-88.0,,,
651_EGY,651,Egypt,Egypt,EGY,Egypt,2013,-4.0,0,4,5.0,3,2.0,1.0,,0.0
651_EGY,651,Egypt,Egypt,EGY,Egypt,2014,-4.0,0,4,5.0,3,2.0,,,0.0
651_EGY,651,Egypt,Egypt,EGY,Egypt,2015,-4.0,0,4,5.0,3,2.0,,,
651_EGY,651,Egypt,Egypt,EGY,Egypt,2016,-4.0,0,4,5.0,3,2.0,,,
651_EGY,651,Egypt,Egypt,EGY,Egypt,2017,-4.0,0,4,5.0,3,2.0,,,
651_EGY,651,Egypt,Egypt,EGY,Egypt,2018,-4.0,0,4,5.0,3,2.0,,,
652_SYR,652,Syria,Syria,SYR,Syria,1971,-9.0,0,9,3.0,1,1.0,,,
652_SYR,652,Syria,Syria,SYR,Syria,1972,-9.0,0,9,3.0,1,1.0,,,
652_SYR,652,Syria,Syria,SYR,Syria,1973,-9.0,0,9,3.0,1,1.0,,,
652_SYR,652,Syria,Syria,SYR,Syria,1974,-9.0,0,9,3.0,1,1.0,,,
652_SYR,652,Syria,Syria,SYR,Syria,1975,-9.0,0,9,3.0,1,1.0,,,
652_SYR,652,Syria,Syria,SYR,Syria,1976,-9.0,0,9,3.0,1,1.0,,,
652_SYR,652,Syria,Syria,SYR,Syria,1977,-9.0,0,9,3.0,1,1.0,,,
652_SYR,652,Syria,Syria,SYR,Syria,1978,-9.0,0,9,3.0,1,1.0,,,
652_SYR,652,Syria,Syria,SYR,Syria,1979,-9.0,0,9,3.0,1,1.0,,,
652_SYR,652,Syria,Syria,SYR,Syria,1980,-9.0,0,9,3.0,1,1.0,,,
652_SYR,652,Syria,Syria,SYR,Syria,1981,-9.0,0,9,3.0,1,1.0,,,
652_SYR,652,Syria,Syria,SYR,Syria,1982,-9.0,0,9,3.0,1,1.0,,,
652_SYR,652,Syria,Syria,SYR,Syria,1983,-9.0,0,9,3.0,1,1.0,,,
652_SYR,652,Syria,Syria,SYR,Syria,1984,-9.0,0,9,3.0,1,1.0,,,
652_SYR,652,Syria,Syria,SYR,Syria,1985,-9.0,0,9,3.0,1,1.0,,,
652_SYR,652,Syria,Syria,SYR,Syria,1986,-9.0,0,9,3.0,1,1.0,,,
652_SYR,652,Syria,Syria,SYR,Syria,1987,-9.0,0,9,3.0,1,1.0,,,
652_SYR,652,Syria,Syria,SYR,Syria,1988,-9.0,0,9,3.0,1,1.0,,,
652_SYR,652,Syria,Syria,SYR,Syria,1989,-9.0,0,9,3.0,1,1.0,,,
652_SYR,652,Syria,Syria,SYR,Syria,1990,-9.0,0,9,3.0,1,1.0,,,
652_SYR,652,Syria,Syria,SYR,Syria,1991,-9.0,0,9,3.0,1,1.0,,,
652_SYR,652,Syria,Syria,SYR,Syria,1992,-9.0,0,9,3.0,1,1.0,,,
652_SYR,652,Syria,Syria,SYR,Syria,1993,-9.0,0,9,3.0,1,1.0,,,
652_SYR,652,Syria,Syria,SYR,Syria,1994,-9.0,0,9,3.0,1,1.0,,,
652_SYR,652,Syria,Syria,SYR,Syria,1995,-9.0,0,9,3.0,1,1.0,,,
652_SYR,652,Syria,Syria,SYR,Syria,1996,-9.0,0,9,3.0,1,1.0,,,
652_SYR,652,Syria,Syria,SYR,Syria,1997,-9.0,0,9,3.0,1,1.0,,,
652_SYR,652,Syria,Syria,SYR,Syria,1998,-9.0,0,9,3.0,1,1.0,,,
652_SYR,652,Syria,Syria,SYR,Syria,1999,-9.0,0,9,3.0,1,1.0,,,
652_SYR,652,Syria,Syria,SYR,Syria,2000,-6.0,0,6,3.0,3,2.0,1.0,,1.0
652_SYR,652,Syria,Syria,SYR,Syria,2001,-6.0,0,6,3.0,3,2.0,,,
652_SYR,652,Syria,Syria,SYR,Syria,2002,-6.0,0,6,3.0,3,2.0,,,
652_SYR,652,Syria,Syria,SYR,Syria,2003,-6.0,0,6,3.0,3,2.0,,,
652_SYR,652,Syria,Syria,SYR,Syria,2004,-6.0,0,6,3.0,3,2.0,,,
652_SYR,652,Syria,Syria,SYR,Syria,2005,-6.0,0,6,3.0,3,2.0,,,
652_SYR,652,Syria,Syria,SYR,Syria,2006,-6.0,0,6,3.0,3,2.0,,,
652_SYR,652,Syria,Syria,SYR,Syria,2007,-6.0,0,6,3.0,3,2.0,,,
652_SYR,652,Syria,Syria,SYR,Syria,2008,-6.0,0,6,3.0,3,2.0,,,
652_SYR,652,Syria,Syria,SYR,Syria,2009,-6.0,0,6,3.0,3,2.0,,,
652_SYR,652,Syria,Syria,SYR,Syria,2010,-6.0,0,6,3.0,3,2.0,,,
652_SYR,652,Syria,Syria,SYR,Syria,2011,-6.0,0,6,3.0,3,2.0,,,
652_SYR,652,Syria,Syria,SYR,Syria,2012,-9.0,0,9,3.0,1,1.0,1.0,,-1.0
652_SYR,652,Syria,Syria,SYR,Syria,2013,-9.0,0,9,3.0,1,1.0,,,
652_SYR,652,Syria,Syria,SYR,Syria,2014,-9.0,0,9,3.0,1,1.0,,,
652_SYR,652,Syria,Syria,SYR,Syria,2015,-9.0,0,9,3.0,1,1.0,,,
652_SYR,652,Syria,Syria,SYR,Syria,2016,-9.0,0,9,3.0,1,1.0,,,
652_SYR,652,Syria,Syria,SYR,Syria,2017,-9.0,0,9,3.0,1,1.0,,,
652_SYR,652,Syria,Syria,SYR,Syria,2018,-9.0,0,9,3.0,1,1.0,,,
660_LBN,660,Lebanon,Lebanon,LBN,Lebanon,1971,3.0,4,1,7.0,4,6.0,,,
660_LBN,660,Lebanon,Lebanon,LBN,Lebanon,1972,3.0,4,1,7.0,4,6.0,,,
660_LBN,660,Lebanon,Lebanon,LBN,Lebanon,1973,3.0,4,1,7.0,4,6.0,,,
660_LBN,660,Lebanon,Lebanon,LBN,Lebanon,1974,3.0,4,1,7.0,4,6.0,,,
660_LBN,660,Lebanon,Lebanon,LBN,Lebanon,1975,0.0,-77,-77,-77.0,-77,-77.0,,1.0,-77.0
660_LBN,660,Lebanon,Lebanon,LBN,Lebanon,1976,0.0,-77,-77,-77.0,-77,-77.0,,1.0,-77.0
660_LBN,660,Lebanon,Lebanon,LBN,Lebanon,1977,0.0,-77,-77,-77.0,-77,-77.0,,1.0,-77.0
660_LBN,660,Lebanon,Lebanon,LBN,Lebanon,1978,0.0,-77,-77,-77.0,-77,-77.0,,1.0,-77.0
660_LBN,660,Lebanon,Lebanon,LBN,Lebanon,1979,0.0,-77,-77,-77.0,-77,-77.0,,1.0,-77.0
660_LBN,660,Lebanon,Lebanon,LBN,Lebanon,1980,0.0,-77,-77,-77.0,-77,-77.0,,1.0,-77.0
660_LBN,660,Lebanon,Lebanon,LBN,Lebanon,1981,0.0,-77,-77,-77.0,-77,-77.0,,1.0,-77.0
660_LBN,660,Lebanon,Lebanon,LBN,Lebanon,1982,0.0,-77,-77,-77.0,-77,-77.0,,1.0,-77.0
660_LBN,660,Lebanon,Lebanon,LBN,Lebanon,1983,0.0,-77,-77,-77.0,-77,-77.0,,1.0,-77.0
660_LBN,660,Lebanon,Lebanon,LBN,Lebanon,1984,0.0,-77,-77,-77.0,-77,-77.0,,1.0,-77.0
660_LBN,660,Lebanon,Lebanon,LBN,Lebanon,1985,0.0,-77,-77,-77.0,-77,-77.0,,1.0,-77.0
660_LBN,660,Lebanon,Lebanon,LBN,Lebanon,1986,0.0,-77,-77,-77.0,-77,-77.0,,1.0,-77.0
660_LBN,660,Lebanon,Lebanon,LBN,Lebanon,1987,0.0,-77,-77,-77.0,-77,-77.0,,1.0,-77.0
660_LBN,660,Lebanon,Lebanon,LBN,Lebanon,1988,0.0,-77,-77,-77.0,-77,-77.0,,1.0,-77.0
660_LBN,660,Lebanon,Lebanon,LBN,Lebanon,1989,0.0,-77,-77,-77.0,-77,-77.0,,1.0,-77.0
660_LBN,660,Lebanon,Lebanon,LBN,Lebanon,1990,,-66,-66,-66.0,-66,-66.0,,1.0,-66.0
660_LBN,660,Lebanon,Lebanon,LBN,Lebanon,1991,,-66,-66,-66.0,-66,-66.0,,,-66.0
660_LBN,660,Lebanon,Lebanon,LBN,Lebanon,1992,,-66,-66,-66.0,-66,-66.0,,,-66.0
660_LBN,660,Lebanon,Lebanon,LBN,Lebanon,1993,,-66,-66,-66.0,-66,-66.0,,,-66.0
660_LBN,660,Lebanon,Lebanon,LBN,Lebanon,1994,,-66,-66,-66.0,-66,-66.0,,,-66.0
660_LBN,660,Lebanon,Lebanon,LBN,Lebanon,1995,,-66,-66,-66.0,-66,-66.0,,,-66.0
660_LBN,660,Lebanon,Lebanon,LBN,Lebanon,1996,,-66,-66,-66.0,-66,-66.0,,,-66.0
660_LBN,660,Lebanon,Lebanon,LBN,Lebanon,1997,,-66,-66,-66.0,-66,-66.0,,,-66.0
660_LBN,660,Lebanon,Lebanon,LBN,Lebanon,1998,,-66,-66,-66.0,-66,-66.0,,,-66.0
660_LBN,660,Lebanon,Lebanon,LBN,Lebanon,1999,,-66,-66,-66.0,-66,-66.0,,,-66.0
660_LBN,660,Lebanon,Lebanon,LBN,Lebanon,2000,,-66,-66,-66.0,-66,-66.0,,,-66.0
660_LBN,660,Lebanon,Lebanon,LBN,Lebanon,2001,,-66,-66,-66.0,-66,-66.0,,,-66.0
660_LBN,660,Lebanon,Lebanon,LBN,Lebanon,2002,,-66,-66,-66.0,-66,-66.0,,,-66.0
660_LBN,660,Lebanon,Lebanon,LBN,Lebanon,2003,,-66,-66,-66.0,-66,-66.0,,,-66.0
660_LBN,660,Lebanon,Lebanon,LBN,Lebanon,2004,,-66,-66,-66.0,-66,-66.0,,,-66.0
660_LBN,660,Lebanon,Lebanon,LBN,Lebanon,2005,6.0,6,0,7.0,6,7.0,1.0,,0.0
660_LBN,660,Lebanon,Lebanon,LBN,Lebanon,2006,6.0,6,0,7.0,6,7.0,,,
660_LBN,660,Lebanon,Lebanon,LBN,Lebanon,2007,6.0,6,0,7.0,6,7.0,,,
660_LBN,660,Lebanon,Lebanon,LBN,Lebanon,2008,6.0,6,0,7.0,6,7.0,,,
660_LBN,660,Lebanon,Lebanon,LBN,Lebanon,2009,6.0,6,0,7.0,6,7.0,,,
660_LBN,660,Lebanon,Lebanon,LBN,Lebanon,2010,6.0,6,0,7.0,6,7.0,,,
660_LBN,660,Lebanon,Lebanon,LBN,Lebanon,2011,6.0,6,0,7.0,6,7.0,,,
660_LBN,660,Lebanon,Lebanon,LBN,Lebanon,2012,6.0,6,0,7.0,6,7.0,,,
660_LBN,660,Lebanon,Lebanon,LBN,Lebanon,2013,6.0,6,0,7.0,6,7.0,,,
660_LBN,660,Lebanon,Lebanon,LBN,Lebanon,2014,6.0,6,0,7.0,6,7.0,,,
660_LBN,660,Lebanon,Lebanon,LBN,Lebanon,2015,6.0,6,0,7.0,6,7.0,,,
660_LBN,660,Lebanon,Lebanon,LBN,Lebanon,2016,6.0,6,0,7.0,6,7.0,,,
660_LBN,660,Lebanon,Lebanon,LBN,Lebanon,2017,6.0,6,0,7.0,6,7.0,,,
660_LBN,660,Lebanon,Lebanon,LBN,Lebanon,2018,6.0,6,0,7.0,6,7.0,,,
663_JOR,663,Jordan,Jordan,JOR,Jordan,1971,-9.0,0,9,2.0,2,1.0,,,
663_JOR,663,Jordan,Jordan,JOR,Jordan,1972,-9.0,0,9,2.0,2,1.0,,,
663_JOR,663,Jordan,Jordan,JOR,Jordan,1973,-9.0,0,9,2.0,2,1.0,,,
663_JOR,663,Jordan,Jordan,JOR,Jordan,1974,-10.0,0,10,2.0,1,1.0,1.0,,0.0
663_JOR,663,Jordan,Jordan,JOR,Jordan,1975,-10.0,0,10,2.0,1,1.0,,,
663_JOR,663,Jordan,Jordan,JOR,Jordan,1976,-10.0,0,10,2.0,1,1.0,,,
663_JOR,663,Jordan,Jordan,JOR,Jordan,1977,-10.0,0,10,2.0,1,1.0,,,
663_JOR,663,Jordan,Jordan,JOR,Jordan,1978,-10.0,0,10,2.0,1,1.0,,,
663_JOR,663,Jordan,Jordan,JOR,Jordan,1979,-10.0,0,10,2.0,1,1.0,,,
663_JOR,663,Jordan,Jordan,JOR,Jordan,1980,-10.0,0,10,2.0,1,1.0,,,
663_JOR,663,Jordan,Jordan,JOR,Jordan,1981,-10.0,0,10,2.0,1,1.0,,,
663_JOR,663,Jordan,Jordan,JOR,Jordan,1982,-10.0,0,10,2.0,1,1.0,,,
663_JOR,663,Jordan,Jordan,JOR,Jordan,1983,-10.0,0,10,2.0,1,1.0,,,
663_JOR,663,Jordan,Jordan,JOR,Jordan,1984,-9.0,0,9,2.0,2,1.0,1.0,,0.0
663_JOR,663,Jordan,Jordan,JOR,Jordan,1985,-9.0,0,9,2.0,2,1.0,,,
663_JOR,663,Jordan,Jordan,JOR,Jordan,1986,-9.0,0,9,2.0,2,1.0,,,
663_JOR,663,Jordan,Jordan,JOR,Jordan,1987,-9.0,0,9,2.0,2,1.0,,,
663_JOR,663,Jordan,Jordan,JOR,Jordan,1988,-9.0,0,9,2.0,2,1.0,,,
663_JOR,663,Jordan,Jordan,JOR,Jordan,1989,-4.0,1,5,2.0,3,6.0,,,1.0
663_JOR,663,Jordan,Jordan,JOR,Jordan,1990,-4.0,1,5,2.0,3,6.0,,,1.0
663_JOR,663,Jordan,Jordan,JOR,Jordan,1991,-4.0,1,5,2.0,3,6.0,,,1.0
663_JOR,663,Jordan,Jordan,JOR,Jordan,1992,-2.0,2,4,2.0,3,9.0,1.0,,1.0
663_JOR,663,Jordan,Jordan,JOR,Jordan,1993,-2.0,2,4,2.0,3,9.0,,,
663_JOR,663,Jordan,Jordan,JOR,Jordan,1994,-2.0,2,4,2.0,3,9.0,,,
663_JOR,663,Jordan,Jordan,JOR,Jordan,1995,-2.0,2,4,2.0,3,9.0,,,
663_JOR,663,Jordan,Jordan,JOR,Jordan,1996,-2.0,2,4,2.0,3,9.0,,,
663_JOR,663,Jordan,Jordan,JOR,Jordan,1997,-2.0,2,4,2.0,3,9.0,,,
663_JOR,663,Jordan,Jordan,JOR,Jordan,1998,-2.0,2,4,2.0,3,9.0,,,
663_JOR,663,Jordan,Jordan,JOR,Jordan,1999,-2.0,2,4,2.0,3,9.0,,,
663_JOR,663,Jordan,Jordan,JOR,Jordan,2000,-2.0,2,4,2.0,3,9.0,,,
663_JOR,663,Jordan,Jordan,JOR,Jordan,2001,-2.0,2,4,2.0,3,9.0,,,
663_JOR,663,Jordan,Jordan,JOR,Jordan,2002,-2.0,2,4,2.0,3,9.0,,,
663_JOR,663,Jordan,Jordan,JOR,Jordan,2003,-2.0,2,4,2.0,3,9.0,,,
663_JOR,663,Jordan,Jordan,JOR,Jordan,2004,-2.0,2,4,2.0,3,9.0,,,
663_JOR,663,Jordan,Jordan,JOR,Jordan,2005,-2.0,2,4,2.0,3,9.0,,,
663_JOR,663,Jordan,Jordan,JOR,Jordan,2006,-2.0,2,4,2.0,3,9.0,,,
663_JOR,663,Jordan,Jordan,JOR,Jordan,2007,-3.0,2,5,2.0,3,8.0,1.0,,0.0
663_JOR,663,Jordan,Jordan,JOR,Jordan,2008,-3.0,2,5,2.0,3,8.0,,,
663_JOR,663,Jordan,Jordan,JOR,Jordan,2009,-3.0,2,5,2.0,3,8.0,,,
663_JOR,663,Jordan,Jordan,JOR,Jordan,2010,-3.0,2,5,2.0,3,8.0,,,
663_JOR,663,Jordan,Jordan,JOR,Jordan,2011,-3.0,2,5,2.0,3,8.0,,,
663_JOR,663,Jordan,Jordan,JOR,Jordan,2012,-3.0,2,5,2.0,3,8.0,,,
663_JOR,663,Jordan,Jordan,JOR,Jordan,2013,-3.0,2,5,2.0,3,8.0,,,
663_JOR,663,Jordan,Jordan,JOR,Jordan,2014,-3.0,2,5,2.0,3,8.0,,,
663_JOR,663,Jordan,Jordan,JOR,Jordan,2015,-3.0,2,5,2.0,3,8.0,,,
663_JOR,663,Jordan,Jordan,JOR,Jordan,2016,-3.0,2,5,2.0,3,8.0,,,
663_JOR,663,Jordan,Jordan,JOR,Jordan,2017,-3.0,2,5,2.0,3,8.0,,,
663_JOR,663,Jordan,Jordan,JOR,Jordan,2018,-3.0,2,5,2.0,3,8.0,,,
666_ISR,666,Israel,Israel,ISR,Israel,1971,9.0,9,0,8.0,7,9.0,,,
666_ISR,666,Israel,Israel,ISR,Israel,1972,9.0,9,0,8.0,7,9.0,,,
666_ISR,666,Israel,Israel,ISR,Israel,1973,9.0,9,0,8.0,7,9.0,,,
666_ISR,666,Israel,Israel,ISR,Israel,1974,9.0,9,0,8.0,7,9.0,,,
666_ISR,666,Israel,Israel,ISR,Israel,1975,9.0,9,0,8.0,7,9.0,,,
666_ISR,666,Israel,Israel,ISR,Israel,1976,9.0,9,0,8.0,7,9.0,,,
666_ISR,666,Israel,Israel,ISR,Israel,1977,9.0,9,0,8.0,7,9.0,,,
666_ISR,666,Israel,Israel,ISR,Israel,1978,9.0,9,0,8.0,7,9.0,,,
666_ISR,666,Israel,Israel,ISR,Israel,1979,9.0,9,0,8.0,7,9.0,,,
666_ISR,666,Israel,Israel,ISR,Israel,1980,9.0,9,0,8.0,7,9.0,,,
666_ISR,666,Israel,Israel,ISR,Israel,1981,6.0,7,1,7.0,7,6.0,1.0,,-1.0
666_ISR,666,Israel,Israel,ISR,Israel,1982,6.0,7,1,7.0,7,6.0,,,
666_ISR,666,Israel,Israel,ISR,Israel,1983,6.0,7,1,7.0,7,6.0,,,
666_ISR,666,Israel,Israel,ISR,Israel,1984,6.0,7,1,7.0,7,6.0,,,
666_ISR,666,Israel,Israel,ISR,Israel,1985,6.0,7,1,7.0,7,6.0,,,
666_ISR,666,Israel,Israel,ISR,Israel,1986,6.0,7,1,7.0,7,6.0,,,
666_ISR,666,Israel,Israel,ISR,Israel,1987,6.0,7,1,7.0,7,6.0,,,
666_ISR,666,Israel,Israel,ISR,Israel,1988,6.0,7,1,7.0,7,6.0,,,
666_ISR,666,Israel,Israel,ISR,Israel,1989,6.0,7,1,7.0,7,6.0,,,
666_ISR,666,Israel,Israel,ISR,Israel,1990,6.0,7,1,7.0,7,6.0,,,
666_ISR,666,Israel,Israel,ISR,Israel,1991,6.0,7,1,7.0,7,6.0,,,
666_ISR,666,Israel,Israel,ISR,Israel,1992,6.0,7,1,7.0,7,6.0,,,
666_ISR,666,Israel,Israel,ISR,Israel,1993,6.0,7,1,7.0,7,6.0,,,
666_ISR,666,Israel,Israel,ISR,Israel,1994,6.0,7,1,7.0,7,6.0,,,
666_ISR,666,Israel,Israel,ISR,Israel,1995,6.0,7,1,7.0,7,6.0,,,
666_ISR,666,Israel,Israel,ISR,Israel,1996,6.0,7,1,7.0,7,6.0,,,
666_ISR,666,Israel,Israel,ISR,Israel,1997,6.0,7,1,7.0,7,6.0,,,
666_ISR,666,Israel,Israel,ISR,Israel,1998,6.0,7,1,7.0,7,6.0,,,
666_ISR,666,Israel,Israel,ISR,Israel,1999,6.0,7,1,7.0,7,6.0,,,
666_ISR,666,Israel,Israel,ISR,Israel,2000,6.0,7,1,7.0,7,6.0,,,
666_ISR,666,Israel,Israel,ISR,Israel,2001,6.0,7,1,7.0,7,6.0,,,
666_ISR,666,Israel,Israel,ISR,Israel,2002,6.0,7,1,7.0,7,6.0,,,
666_ISR,666,Israel,Israel,ISR,Israel,2003,6.0,7,1,7.0,7,6.0,,,
666_ISR,666,Israel,Israel,ISR,Israel,2004,6.0,7,1,7.0,7,6.0,,,
666_ISR,666,Israel,Israel,ISR,Israel,2005,6.0,7,1,7.0,7,6.0,,,
666_ISR,666,Israel,Israel,ISR,Israel,2006,6.0,7,1,7.0,7,6.0,,,
666_ISR,666,Israel,Israel,ISR,Israel,2007,6.0,7,1,7.0,7,6.0,,,
666_ISR,666,Israel,Israel,ISR,Israel,2008,6.0,7,1,7.0,7,6.0,,,
666_ISR,666,Israel,Israel,ISR,Israel,2009,6.0,7,1,7.0,7,6.0,,,
666_ISR,666,Israel,Israel,ISR,Israel,2010,6.0,7,1,7.0,7,6.0,,,
666_ISR,666,Israel,Israel,ISR,Israel,2011,6.0,7,1,7.0,7,6.0,,,
666_ISR,666,Israel,Israel,ISR,Israel,2012,6.0,7,1,7.0,7,6.0,,,
666_ISR,666,Israel,Israel,ISR,Israel,2013,6.0,7,1,7.0,7,6.0,,,
666_ISR,666,Israel,Israel,ISR,Israel,2014,6.0,7,1,7.0,7,6.0,,,
666_ISR,666,Israel,Israel,ISR,Israel,2015,6.0,7,1,7.0,7,6.0,,,
666_ISR,666,Israel,Israel,ISR,Israel,2016,6.0,7,1,7.0,7,6.0,,,
666_ISR,666,Israel,Israel,ISR,Israel,2017,6.0,7,1,7.0,7,6.0,,,
666_ISR,666,Israel,Israel,ISR,Israel,2018,6.0,7,1,7.0,7,6.0,,,
670_SAU,670,Saudi Arabia,Saudi Arabia,SAU,Saudi Arabia,1971,-10.0,0,10,1.0,1,1.0,,,
670_SAU,670,Saudi Arabia,Saudi Arabia,SAU,Saudi Arabia,1972,-10.0,0,10,1.0,1,1.0,,,
670_SAU,670,Saudi Arabia,Saudi Arabia,SAU,Saudi Arabia,1973,-10.0,0,10,1.0,1,1.0,,,
670_SAU,670,Saudi Arabia,Saudi Arabia,SAU,Saudi Arabia,1974,-10.0,0,10,1.0,1,1.0,,,
670_SAU,670,Saudi Arabia,Saudi Arabia,SAU,Saudi Arabia,1975,-10.0,0,10,1.0,1,1.0,,,
670_SAU,670,Saudi Arabia,Saudi Arabia,SAU,Saudi Arabia,1976,-10.0,0,10,1.0,1,1.0,,,
670_SAU,670,Saudi Arabia,Saudi Arabia,SAU,Saudi Arabia,1977,-10.0,0,10,1.0,1,1.0,,,
670_SAU,670,Saudi Arabia,Saudi Arabia,SAU,Saudi Arabia,1978,-10.0,0,10,1.0,1,1.0,,,
670_SAU,670,Saudi Arabia,Saudi Arabia,SAU,Saudi Arabia,1979,-10.0,0,10,1.0,1,1.0,,,
670_SAU,670,Saudi Arabia,Saudi Arabia,SAU,Saudi Arabia,1980,-10.0,0,10,1.0,1,1.0,,,
670_SAU,670,Saudi Arabia,Saudi Arabia,SAU,Saudi Arabia,1981,-10.0,0,10,1.0,1,1.0,,,
670_SAU,670,Saudi Arabia,Saudi Arabia,SAU,Saudi Arabia,1982,-10.0,0,10,1.0,1,1.0,,,
670_SAU,670,Saudi Arabia,Saudi Arabia,SAU,Saudi Arabia,1983,-10.0,0,10,1.0,1,1.0,,,
670_SAU,670,Saudi Arabia,Saudi Arabia,SAU,Saudi Arabia,1984,-10.0,0,10,1.0,1,1.0,,,
670_SAU,670,Saudi Arabia,Saudi Arabia,SAU,Saudi Arabia,1985,-10.0,0,10,1.0,1,1.0,,,
670_SAU,670,Saudi Arabia,Saudi Arabia,SAU,Saudi Arabia,1986,-10.0,0,10,1.0,1,1.0,,,
670_SAU,670,Saudi Arabia,Saudi Arabia,SAU,Saudi Arabia,1987,-10.0,0,10,1.0,1,1.0,,,
670_SAU,670,Saudi Arabia,Saudi Arabia,SAU,Saudi Arabia,1988,-10.0,0,10,1.0,1,1.0,,,
670_SAU,670,Saudi Arabia,Saudi Arabia,SAU,Saudi Arabia,1989,-10.0,0,10,1.0,1,1.0,,,
670_SAU,670,Saudi Arabia,Saudi Arabia,SAU,Saudi Arabia,1990,-10.0,0,10,1.0,1,1.0,,,
670_SAU,670,Saudi Arabia,Saudi Arabia,SAU,Saudi Arabia,1991,-10.0,0,10,1.0,1,1.0,,,
670_SAU,670,Saudi Arabia,Saudi Arabia,SAU,Saudi Arabia,1992,-10.0,0,10,1.0,1,1.0,,,
670_SAU,670,Saudi Arabia,Saudi Arabia,SAU,Saudi Arabia,1993,-10.0,0,10,1.0,1,1.0,,,
670_SAU,670,Saudi Arabia,Saudi Arabia,SAU,Saudi Arabia,1994,-10.0,0,10,1.0,1,1.0,,,
670_SAU,670,Saudi Arabia,Saudi Arabia,SAU,Saudi Arabia,1995,-10.0,0,10,1.0,1,1.0,,,
670_SAU,670,Saudi Arabia,Saudi Arabia,SAU,Saudi Arabia,1996,-10.0,0,10,1.0,1,1.0,,,
670_SAU,670,Saudi Arabia,Saudi Arabia,SAU,Saudi Arabia,1997,-10.0,0,10,1.0,1,1.0,,,
670_SAU,670,Saudi Arabia,Saudi Arabia,SAU,Saudi Arabia,1998,-10.0,0,10,1.0,1,1.0,,,
670_SAU,670,Saudi Arabia,Saudi Arabia,SAU,Saudi Arabia,1999,-10.0,0,10,1.0,1,1.0,,,
670_SAU,670,Saudi Arabia,Saudi Arabia,SAU,Saudi Arabia,2000,-10.0,0,10,1.0,1,1.0,,,
670_SAU,670,Saudi Arabia,Saudi Arabia,SAU,Saudi Arabia,2001,-10.0,0,10,1.0,1,1.0,,,
670_SAU,670,Saudi Arabia,Saudi Arabia,SAU,Saudi Arabia,2002,-10.0,0,10,1.0,1,1.0,,,
670_SAU,670,Saudi Arabia,Saudi Arabia,SAU,Saudi Arabia,2003,-10.0,0,10,1.0,1,1.0,,,
670_SAU,670,Saudi Arabia,Saudi Arabia,SAU,Saudi Arabia,2004,-10.0,0,10,1.0,1,1.0,,,
670_SAU,670,Saudi Arabia,Saudi Arabia,SAU,Saudi Arabia,2005,-10.0,0,10,1.0,1,1.0,,,
670_SAU,670,Saudi Arabia,Saudi Arabia,SAU,Saudi Arabia,2006,-10.0,0,10,1.0,1,1.0,,,
670_SAU,670,Saudi Arabia,Saudi Arabia,SAU,Saudi Arabia,2007,-10.0,0,10,1.0,1,1.0,,,
670_SAU,670,Saudi Arabia,Saudi Arabia,SAU,Saudi Arabia,2008,-10.0,0,10,1.0,1,1.0,,,
670_SAU,670,Saudi Arabia,Saudi Arabia,SAU,Saudi Arabia,2009,-10.0,0,10,1.0,1,1.0,,,
670_SAU,670,Saudi Arabia,Saudi Arabia,SAU,Saudi Arabia,2010,-10.0,0,10,1.0,1,1.0,,,
670_SAU,670,Saudi Arabia,Saudi Arabia,SAU,Saudi Arabia,2011,-10.0,0,10,1.0,1,1.0,,,
670_SAU,670,Saudi Arabia,Saudi Arabia,SAU,Saudi Arabia,2012,-10.0,0,10,1.0,1,1.0,,,
670_SAU,670,Saudi Arabia,Saudi Arabia,SAU,Saudi Arabia,2013,-10.0,0,10,1.0,1,1.0,,,
670_SAU,670,Saudi Arabia,Saudi Arabia,SAU,Saudi Arabia,2014,-10.0,0,10,1.0,1,1.0,,,
670_SAU,670,Saudi Arabia,Saudi Arabia,SAU,Saudi Arabia,2015,-10.0,0,10,1.0,1,1.0,,,
670_SAU,670,Saudi Arabia,Saudi Arabia,SAU,Saudi Arabia,2016,-10.0,0,10,1.0,1,1.0,,,
670_SAU,670,Saudi Arabia,Saudi Arabia,SAU,Saudi Arabia,2017,-10.0,0,10,1.0,1,1.0,,,
670_SAU,670,Saudi Arabia,Saudi Arabia,SAU,Saudi Arabia,2018,-10.0,0,10,1.0,1,1.0,,,
678_YEM,678,Yemen North,Yemen North,YEM,Yemen,1971,-3.0,0,3,4.0,3,3.0,,,
678_YEM,678,Yemen North,Yemen North,YEM,Yemen,1972,-3.0,0,3,4.0,3,3.0,,,
678_YEM,678,Yemen North,Yemen North,YEM,Yemen,1973,-3.0,0,3,4.0,3,3.0,,,
678_YEM,678,Yemen North,Yemen North,YEM,Yemen,1974,-4.0,0,4,5.0,3,2.0,1.0,,0.0
678_YEM,678,Yemen North,Yemen North,YEM,Yemen,1975,-4.0,0,4,5.0,3,2.0,,,
678_YEM,678,Yemen North,Yemen North,YEM,Yemen,1976,-4.0,0,4,5.0,3,2.0,,,
678_YEM,678,Yemen North,Yemen North,YEM,Yemen,1977,-6.0,0,6,3.0,3,2.0,1.0,,0.0
678_YEM,678,Yemen North,Yemen North,YEM,Yemen,1978,-6.0,0,6,3.0,3,2.0,,,
678_YEM,678,Yemen North,Yemen North,YEM,Yemen,1979,-6.0,0,6,3.0,3,2.0,,,
678_YEM,678,Yemen North,Yemen North,YEM,Yemen,1980,-6.0,0,6,3.0,3,2.0,,,
678_YEM,678,Yemen North,Yemen North,YEM,Yemen,1981,-6.0,0,6,3.0,3,2.0,,,
678_YEM,678,Yemen North,Yemen North,YEM,Yemen,1982,-6.0,0,6,3.0,3,2.0,,,
678_YEM,678,Yemen North,Yemen North,YEM,Yemen,1983,-6.0,0,6,3.0,3,2.0,,,
678_YEM,678,Yemen North,Yemen North,YEM,Yemen,1984,-6.0,0,6,3.0,3,2.0,,,
678_YEM,678,Yemen North,Yemen North,YEM,Yemen,1985,-6.0,0,6,3.0,3,2.0,,,
678_YEM,678,Yemen North,Yemen North,YEM,Yemen,1986,-6.0,0,6,3.0,3,2.0,,,
678_YEM,678,Yemen North,Yemen North,YEM,Yemen,1987,-6.0,0,6,3.0,3,2.0,,,
678_YEM,678,Yemen North,Yemen North,YEM,Yemen,1988,-5.0,0,5,3.0,3,3.0,1.0,,0.0
678_YEM,678,Yemen North,Yemen North,YEM,Yemen,1989,-5.0,0,5,3.0,3,3.0,,,
678_YEM,678,Yemen North,Yemen North,YEM,Yemen,1990,-5.0,0,5,3.0,3,3.0,1.0,,98.0
678_YEM,678,Yemen North,Yemen,YEM,Yemen,1991,0.0,-88,-88,-88.0,-88,-88.0,,,0.0
678_YEM,678,Yemen North,Yemen,YEM,Yemen,1992,0.0,-88,-88,-88.0,-88,-88.0,,,0.0
678_YEM,678,Yemen North,Yemen,YEM,Yemen,1993,-2.0,1,3,5.0,2,6.0,1.0,,0.0
678_YEM,678,Yemen North,Yemen,YEM,Yemen,1994,-2.0,1,3,5.0,2,6.0,,,
678_YEM,678,Yemen North,Yemen,YEM,Yemen,1995,-2.0,1,3,5.0,2,6.0,,,
678_YEM,678,Yemen North,Yemen,YEM,Yemen,1996,-2.0,1,3,5.0,2,6.0,,,
678_YEM,678,Yemen North,Yemen,YEM,Yemen,1997,-2.0,1,3,5.0,2,6.0,,,
678_YEM,678,Yemen North,Yemen,YEM,Yemen,1998,-2.0,1,3,5.0,2,6.0,,,
678_YEM,678,Yemen North,Yemen,YEM,Yemen,1999,-2.0,1,3,5.0,2,6.0,,,
678_YEM,678,Yemen North,Yemen,YEM,Yemen,2000,-2.0,1,3,5.0,2,6.0,,,
678_YEM,678,Yemen North,Yemen,YEM,Yemen,2001,-2.0,1,3,5.0,2,6.0,,,
678_YEM,678,Yemen North,Yemen,YEM,Yemen,2002,-2.0,1,3,5.0,2,6.0,,,
678_YEM,678,Yemen North,Yemen,YEM,Yemen,2003,-2.0,1,3,5.0,2,6.0,,,
678_YEM,678,Yemen North,Yemen,YEM,Yemen,2004,-2.0,1,3,5.0,2,6.0,,,
678_YEM,678,Yemen North,Yemen,YEM,Yemen,2005,-2.0,1,3,4.0,2,6.0,,,
678_YEM,678,Yemen North,Yemen,YEM,Yemen,2006,-2.0,1,3,4.0,2,6.0,,,
678_YEM,678,Yemen North,Yemen,YEM,Yemen,2007,-2.0,1,3,4.0,2,6.0,,,
678_YEM,678,Yemen North,Yemen,YEM,Yemen,2008,-2.0,1,3,4.0,2,6.0,,,
678_YEM,678,Yemen North,Yemen,YEM,Yemen,2009,-2.0,1,3,4.0,2,6.0,,,
678_YEM,678,Yemen North,Yemen,YEM,Yemen,2010,-2.0,1,3,4.0,2,6.0,,,
678_YEM,678,Yemen North,Yemen,YEM,Yemen,2011,-2.0,1,3,4.0,2,6.0,,,
678_YEM,678,Yemen North,Yemen,YEM,Yemen,2012,3.0,3,0,5.0,5,7.0,1.0,,2.0
678_YEM,678,Yemen North,Yemen,YEM,Yemen,2013,3.0,3,0,5.0,5,7.0,,,
678_YEM,678,Yemen North,Yemen,YEM,Yemen,2014,0.0,-77,-77,-77.0,-77,-77.0,,1.0,-77.0
678_YEM,678,Yemen North,Yemen,YEM,Yemen,2015,0.0,-77,-77,-77.0,-77,-77.0,,1.0,-77.0
678_YEM,678,Yemen North,Yemen,YEM,Yemen,2016,0.0,-77,-77,-77.0,-77,-77.0,,1.0,-77.0
678_YEM,678,Yemen North,Yemen,YEM,Yemen,2017,0.0,-77,-77,-77.0,-77,-77.0,,1.0,-77.0
678_YEM,678,Yemen North,Yemen,YEM,Yemen,2018,0.0,-77,-77,-77.0,-77,-77.0,,1.0,-77.0
680_YEM,680,Yemen South,Yemen South,YEM,Yemen,1971,-6.0,0,6,3.0,3,2.0,,,
680_YEM,680,Yemen South,Yemen South,YEM,Yemen,1972,-6.0,0,6,3.0,3,2.0,,,
680_YEM,680,Yemen South,Yemen South,YEM,Yemen,1973,-6.0,0,6,3.0,3,2.0,,,
680_YEM,680,Yemen South,Yemen South,YEM,Yemen,1974,-7.0,0,7,3.0,3,1.0,1.0,,0.0
680_YEM,680,Yemen South,Yemen South,YEM,Yemen,1975,-7.0,0,7,3.0,3,1.0,,,
680_YEM,680,Yemen South,Yemen South,YEM,Yemen,1976,-7.0,0,7,3.0,3,1.0,,,
680_YEM,680,Yemen South,Yemen South,YEM,Yemen,1977,-7.0,0,7,3.0,3,1.0,,,
680_YEM,680,Yemen South,Yemen South,YEM,Yemen,1978,-8.0,0,8,3.0,2,1.0,1.0,,0.0
680_YEM,680,Yemen South,Yemen South,YEM,Yemen,1979,-8.0,0,8,3.0,2,1.0,,,
680_YEM,680,Yemen South,Yemen South,YEM,Yemen,1980,-8.0,0,8,3.0,2,1.0,,,
680_YEM,680,Yemen South,Yemen South,YEM,Yemen,1981,-8.0,0,8,3.0,2,1.0,,,
680_YEM,680,Yemen South,Yemen South,YEM,Yemen,1982,-8.0,0,8,3.0,2,1.0,,,
680_YEM,680,Yemen South,Yemen South,YEM,Yemen,1983,-8.0,0,8,3.0,2,1.0,,,
680_YEM,680,Yemen South,Yemen South,YEM,Yemen,1984,-8.0,0,8,3.0,2,1.0,,,
680_YEM,680,Yemen South,Yemen South,YEM,Yemen,1985,-8.0,0,8,3.0,2,1.0,,,
680_YEM,680,Yemen South,Yemen South,YEM,Yemen,1986,-7.0,0,7,3.0,3,1.0,1.0,,0.0
680_YEM,680,Yemen South,Yemen South,YEM,Yemen,1987,-7.0,0,7,3.0,3,1.0,,,
680_YEM,680,Yemen South,Yemen South,YEM,Yemen,1988,-7.0,0,7,3.0,3,1.0,,,
680_YEM,680,Yemen South,Yemen South,YEM,Yemen,1989,-7.0,0,7,3.0,3,1.0,,,
680_YEM,680,Yemen South,Yemen South,YEM,Yemen,1990,-7.0,0,7,3.0,3,1.0,1.0,,98.0
680_YEM,680,Yemen South,Yemen,YEM,Yemen,1991,0.0,-88,-88,-88.0,-88,-88.0,,,0.0
680_YEM,680,Yemen South,Yemen,YEM,Yemen,1992,0.0,-88,-88,-88.0,-88,-88.0,,,0.0
680_YEM,680,Yemen South,Yemen,YEM,Yemen,1993,-2.0,1,3,5.0,2,6.0,1.0,,0.0
680_YEM,680,Yemen South,Yemen,YEM,Yemen,1994,-2.0,1,3,5.0,2,6.0,,,
680_YEM,680,Yemen South,Yemen,YEM,Yemen,1995,-2.0,1,3,5.0,2,6.0,,,
680_YEM,680,Yemen South,Yemen,YEM,Yemen,1996,-2.0,1,3,5.0,2,6.0,,,
680_YEM,680,Yemen South,Yemen,YEM,Yemen,1997,-2.0,1,3,5.0,2,6.0,,,
680_YEM,680,Yemen South,Yemen,YEM,Yemen,1998,-2.0,1,3,5.0,2,6.0,,,
680_YEM,680,Yemen South,Yemen,YEM,Yemen,1999,-2.0,1,3,5.0,2,6.0,,,
680_YEM,680,Yemen South,Yemen,YEM,Yemen,2000,-2.0,1,3,5.0,2,6.0,,,
680_YEM,680,Yemen South,Yemen,YEM,Yemen,2001,-2.0,1,3,5.0,2,6.0,,,
680_YEM,680,Yemen South,Yemen,YEM,Yemen,2002,-2.0,1,3,5.0,2,6.0,,,
680_YEM,680,Yemen South,Yemen,YEM,Yemen,2003,-2.0,1,3,5.0,2,6.0,,,
680_YEM,680,Yemen South,Yemen,YEM,Yemen,2004,-2.0,1,3,5.0,2,6.0,,,
680_YEM,680,Yemen South,Yemen,YEM,Yemen,2005,-2.0,1,3,4.0,2,6.0,,,
680_YEM,680,Yemen South,Yemen,YEM,Yemen,2006,-2.0,1,3,4.0,2,6.0,,,
680_YEM,680,Yemen South,Yemen,YEM,Yemen,2007,-2.0,1,3,4.0,2,6.0,,,
680_YEM,680,Yemen South,Yemen,YEM,Yemen,2008,-2.0,1,3,4.0,2,6.0,,,
680_YEM,680,Yemen South,Yemen,YEM,Yemen,2009,-2.0,1,3,4.0,2,6.0,,,
680_YEM,680,Yemen South,Yemen,YEM,Yemen,2010,-2.0,1,3,4.0,2,6.0,,,
680_YEM,680,Yemen South,Yemen,YEM,Yemen,2011,-2.0,1,3,4.0,2,6.0,,,
680_YEM,680,Yemen South,Yemen,YEM,Yemen,2012,3.0,3,0,5.0,5,7.0,1.0,,2.0
680_YEM,680,Yemen South,Yemen,YEM,Yemen,2013,3.0,3,0,5.0,5,7.0,,,
680_YEM,680,Yemen South,Yemen,YEM,Yemen,2014,0.0,-77,-77,-77.0,-77,-77.0,,1.0,-77.0
680_YEM,680,Yemen South,Yemen,YEM,Yemen,2015,0.0,-77,-77,-77.0,-77,-77.0,,1.0,-77.0
680_YEM,680,Yemen South,Yemen,YEM,Yemen,2016,0.0,-77,-77,-77.0,-77,-77.0,,1.0,-77.0
680_YEM,680,Yemen South,Yemen,YEM,Yemen,2017,0.0,-77,-77,-77.0,-77,-77.0,,1.0,-77.0
680_YEM,680,Yemen South,Yemen,YEM,Yemen,2018,0.0,-77,-77,-77.0,-77,-77.0,,1.0,-77.0
690_KWT,690,Kuwait,Kuwait,KWT,Kuwait,1971,-8.0,0,8,2.0,3,1.0,1.0,,0.0
690_KWT,690,Kuwait,Kuwait,KWT,Kuwait,1972,-8.0,0,8,2.0,3,1.0,,,
690_KWT,690,Kuwait,Kuwait,KWT,Kuwait,1973,-8.0,0,8,2.0,3,1.0,,,
690_KWT,690,Kuwait,Kuwait,KWT,Kuwait,1974,-8.0,0,8,2.0,3,1.0,,,
690_KWT,690,Kuwait,Kuwait,KWT,Kuwait,1975,-8.0,0,8,2.0,3,1.0,,,
690_KWT,690,Kuwait,Kuwait,KWT,Kuwait,1976,-10.0,0,10,2.0,1,1.0,1.0,,0.0
690_KWT,690,Kuwait,Kuwait,KWT,Kuwait,1977,-10.0,0,10,2.0,1,1.0,,,
690_KWT,690,Kuwait,Kuwait,KWT,Kuwait,1978,-10.0,0,10,2.0,1,1.0,,,
690_KWT,690,Kuwait,Kuwait,KWT,Kuwait,1979,-10.0,0,10,2.0,1,1.0,,,
690_KWT,690,Kuwait,Kuwait,KWT,Kuwait,1980,-10.0,0,10,2.0,1,1.0,,,
690_KWT,690,Kuwait,Kuwait,KWT,Kuwait,1981,-8.0,0,8,2.0,3,1.0,1.0,,0.0
690_KWT,690,Kuwait,Kuwait,KWT,Kuwait,1982,-8.0,0,8,2.0,3,1.0,,,
690_KWT,690,Kuwait,Kuwait,KWT,Kuwait,1983,-8.0,0,8,2.0,3,1.0,,,
690_KWT,690,Kuwait,Kuwait,KWT,Kuwait,1984,-8.0,0,8,2.0,3,1.0,,,
690_KWT,690,Kuwait,Kuwait,KWT,Kuwait,1985,-8.0,0,8,2.0,3,1.0,,,
690_KWT,690,Kuwait,Kuwait,KWT,Kuwait,1986,-10.0,0,10,2.0,1,1.0,1.0,,0.0
690_KWT,690,Kuwait,Kuwait,KWT,Kuwait,1987,-10.0,0,10,2.0,1,1.0,,,
690_KWT,690,Kuwait,Kuwait,KWT,Kuwait,1988,-10.0,0,10,2.0,1,1.0,,,
690_KWT,690,Kuwait,Kuwait,KWT,Kuwait,1989,-10.0,0,10,2.0,1,1.0,,,
690_KWT,690,Kuwait,Kuwait,KWT,Kuwait,1990,,-66,-66,-66.0,-66,-66.0,,,-66.0
690_KWT,690,Kuwait,Kuwait,KWT,Kuwait,1991,-9.0,0,9,2.0,1,2.0,,,1.0
690_KWT,690,Kuwait,Kuwait,KWT,Kuwait,1992,-7.0,0,7,2.0,3,2.0,1.0,,1.0
690_KWT,690,Kuwait,Kuwait,KWT,Kuwait,1993,-7.0,0,7,2.0,3,2.0,,,
690_KWT,690,Kuwait,Kuwait,KWT,Kuwait,1994,-7.0,0,7,2.0,3,2.0,,,
690_KWT,690,Kuwait,Kuwait,KWT,Kuwait,1995,-7.0,0,7,2.0,3,2.0,,,
690_KWT,690,Kuwait,Kuwait,KWT,Kuwait,1996,-7.0,0,7,2.0,3,2.0,,,
690_KWT,690,Kuwait,Kuwait,KWT,Kuwait,1997,-7.0,0,7,2.0,3,2.0,,,
690_KWT,690,Kuwait,Kuwait,KWT,Kuwait,1998,-7.0,0,7,2.0,3,2.0,,,
690_KWT,690,Kuwait,Kuwait,KWT,Kuwait,1999,-7.0,0,7,2.0,3,2.0,,,
690_KWT,690,Kuwait,Kuwait,KWT,Kuwait,2000,-7.0,0,7,2.0,3,2.0,,,
690_KWT,690,Kuwait,Kuwait,KWT,Kuwait,2001,-7.0,0,7,2.0,3,2.0,,,
690_KWT,690,Kuwait,Kuwait,KWT,Kuwait,2002,-7.0,0,7,2.0,3,2.0,,,
690_KWT,690,Kuwait,Kuwait,KWT,Kuwait,2003,-7.0,0,7,2.0,3,2.0,,,
690_KWT,690,Kuwait,Kuwait,KWT,Kuwait,2004,-7.0,0,7,2.0,3,2.0,,,
690_KWT,690,Kuwait,Kuwait,KWT,Kuwait,2005,-7.0,0,7,2.0,3,2.0,,,
690_KWT,690,Kuwait,Kuwait,KWT,Kuwait,2006,-7.0,0,7,2.0,3,2.0,,,
690_KWT,690,Kuwait,Kuwait,KWT,Kuwait,2007,-7.0,0,7,2.0,3,2.0,,,
690_KWT,690,Kuwait,Kuwait,KWT,Kuwait,2008,-7.0,0,7,2.0,3,2.0,,,
690_KWT,690,Kuwait,Kuwait,KWT,Kuwait,2009,-7.0,0,7,2.0,3,2.0,,,
690_KWT,690,Kuwait,Kuwait,KWT,Kuwait,2010,-7.0,0,7,2.0,3,2.0,,,
690_KWT,690,Kuwait,Kuwait,KWT,Kuwait,2011,-7.0,0,7,2.0,3,2.0,,,
690_KWT,690,Kuwait,Kuwait,KWT,Kuwait,2012,-7.0,0,7,2.0,3,2.0,,,
690_KWT,690,Kuwait,Kuwait,KWT,Kuwait,2013,-7.0,0,7,2.0,3,2.0,,,
690_KWT,690,Kuwait,Kuwait,KWT,Kuwait,2014,-7.0,0,7,2.0,3,2.0,,,
690_KWT,690,Kuwait,Kuwait,KWT,Kuwait,2015,-7.0,0,7,2.0,3,2.0,,,
690_KWT,690,Kuwait,Kuwait,KWT,Kuwait,2016,-7.0,0,7,2.0,3,2.0,,,
690_KWT,690,Kuwait,Kuwait,KWT,Kuwait,2017,-7.0,0,7,2.0,3,2.0,,,
690_KWT,690,Kuwait,Kuwait,KWT,Kuwait,2018,-7.0,0,7,2.0,3,2.0,,,
692_BHR,692,Bahrain,Bahrain,BHR,Bahrain,1971,-10.0,0,10,2.0,1,1.0,1.0,,99.0
692_BHR,692,Bahrain,Bahrain,BHR,Bahrain,1972,-10.0,0,10,2.0,1,1.0,,,
692_BHR,692,Bahrain,Bahrain,BHR,Bahrain,1973,-7.0,0,7,2.0,3,2.0,1.0,,1.0
692_BHR,692,Bahrain,Bahrain,BHR,Bahrain,1974,-7.0,0,7,2.0,3,2.0,,,
692_BHR,692,Bahrain,Bahrain,BHR,Bahrain,1975,-10.0,0,10,2.0,1,1.0,1.0,,-1.0
692_BHR,692,Bahrain,Bahrain,BHR,Bahrain,1976,-10.0,0,10,2.0,1,1.0,,,
692_BHR,692,Bahrain,Bahrain,BHR,Bahrain,1977,-10.0,0,10,2.0,1,1.0,,,
692_BHR,692,Bahrain,Bahrain,BHR,Bahrain,1978,-10.0,0,10,2.0,1,1.0,,,
692_BHR,692,Bahrain,Bahrain,BHR,Bahrain,1979,-10.0,0,10,2.0,1,1.0,,,
692_BHR,692,Bahrain,Bahrain,BHR,Bahrain,1980,-10.0,0,10,2.0,1,1.0,,,
692_BHR,692,Bahrain,Bahrain,BHR,Bahrain,1981,-10.0,0,10,2.0,1,1.0,,,
692_BHR,692,Bahrain,Bahrain,BHR,Bahrain,1982,-10.0,0,10,2.0,1,1.0,,,
692_BHR,692,Bahrain,Bahrain,BHR,Bahrain,1983,-10.0,0,10,2.0,1,1.0,,,
692_BHR,692,Bahrain,Bahrain,BHR,Bahrain,1984,-10.0,0,10,2.0,1,1.0,,,
692_BHR,692,Bahrain,Bahrain,BHR,Bahrain,1985,-10.0,0,10,2.0,1,1.0,,,
692_BHR,692,Bahrain,Bahrain,BHR,Bahrain,1986,-10.0,0,10,2.0,1,1.0,,,
692_BHR,692,Bahrain,Bahrain,BHR,Bahrain,1987,-10.0,0,10,2.0,1,1.0,,,
692_BHR,692,Bahrain,Bahrain,BHR,Bahrain,1988,-10.0,0,10,2.0,1,1.0,,,
692_BHR,692,Bahrain,Bahrain,BHR,Bahrain,1989,-10.0,0,10,2.0,1,1.0,,,
692_BHR,692,Bahrain,Bahrain,BHR,Bahrain,1990,-10.0,0,10,2.0,1,1.0,,,
692_BHR,692,Bahrain,Bahrain,BHR,Bahrain,1991,-10.0,0,10,2.0,1,1.0,,,
692_BHR,692,Bahrain,Bahrain,BHR,Bahrain,1992,-10.0,0,10,2.0,1,1.0,,,
692_BHR,692,Bahrain,Bahrain,BHR,Bahrain,1993,-9.0,0,9,2.0,2,1.0,1.0,,0.0
692_BHR,692,Bahrain,Bahrain,BHR,Bahrain,1994,-9.0,0,9,2.0,2,1.0,,,
692_BHR,692,Bahrain,Bahrain,BHR,Bahrain,1995,-9.0,0,9,2.0,2,1.0,,,
692_BHR,692,Bahrain,Bahrain,BHR,Bahrain,1996,-9.0,0,9,2.0,2,1.0,,,
692_BHR,692,Bahrain,Bahrain,BHR,Bahrain,1997,-9.0,0,9,2.0,2,1.0,,,
692_BHR,692,Bahrain,Bahrain,BHR,Bahrain,1998,-9.0,0,9,2.0,2,1.0,,,
692_BHR,692,Bahrain,Bahrain,BHR,Bahrain,1999,-9.0,0,9,1.0,2,1.0,,,
692_BHR,692,Bahrain,Bahrain,BHR,Bahrain,2000,-9.0,0,9,1.0,2,1.0,,,
692_BHR,692,Bahrain,Bahrain,BHR,Bahrain,2001,-8.0,0,8,1.0,2,2.0,,,0.0
692_BHR,692,Bahrain,Bahrain,BHR,Bahrain,2002,-7.0,0,7,1.0,2,3.0,1.0,,0.0
692_BHR,692,Bahrain,Bahrain,BHR,Bahrain,2003,-7.0,0,7,1.0,2,3.0,,,
692_BHR,692,Bahrain,Bahrain,BHR,Bahrain,2004,-7.0,0,7,1.0,2,3.0,,,
692_BHR,692,Bahrain,Bahrain,BHR,Bahrain,2005,-7.0,0,7,1.0,2,3.0,,,
692_BHR,692,Bahrain,Bahrain,BHR,Bahrain,2006,-7.0,0,7,1.0,2,3.0,,,
692_BHR,692,Bahrain,Bahrain,BHR,Bahrain,2007,-7.0,0,7,1.0,2,3.0,,,
692_BHR,692,Bahrain,Bahrain,BHR,Bahrain,2008,-7.0,0,7,1.0,2,3.0,,,
692_BHR,692,Bahrain,Bahrain,BHR,Bahrain,2009,-7.0,0,7,1.0,2,3.0,,,
692_BHR,692,Bahrain,Bahrain,BHR,Bahrain,2010,-5.0,1,6,1.0,2,6.0,1.0,,0.0
692_BHR,692,Bahrain,Bahrain,BHR,Bahrain,2011,-8.0,0,8,1.0,2,2.0,,,-1.0
692_BHR,692,Bahrain,Bahrain,BHR,Bahrain,2012,-10.0,0,10,1.0,1,1.0,1.0,,-1.0
692_BHR,692,Bahrain,Bahrain,BHR,Bahrain,2013,-10.0,0,10,1.0,1,1.0,,,-1.0
692_BHR,692,Bahrain,Bahrain,BHR,Bahrain,2014,-10.0,0,10,1.0,1,1.0,,,-1.0
692_BHR,692,Bahrain,Bahrain,BHR,Bahrain,2015,-10.0,0,10,1.0,1,1.0,,,
692_BHR,692,Bahrain,Bahrain,BHR,Bahrain,2016,-10.0,0,10,1.0,1,1.0,,,
692_BHR,692,Bahrain,Bahrain,BHR,Bahrain,2017,-10.0,0,10,1.0,1,1.0,,,
692_BHR,692,Bahrain,Bahrain,BHR,Bahrain,2018,-10.0,0,10,1.0,1,1.0,,,
694_QAT,694,Qatar,Qatar,QAT,Qatar,1971,-10.0,0,10,1.0,1,1.0,1.0,,99.0
694_QAT,694,Qatar,Qatar,QAT,Qatar,1972,-10.0,0,10,1.0,1,1.0,,,
694_QAT,694,Qatar,Qatar,QAT,Qatar,1973,-10.0,0,10,1.0,1,1.0,,,
694_QAT,694,Qatar,Qatar,QAT,Qatar,1974,-10.0,0,10,1.0,1,1.0,,,
694_QAT,694,Qatar,Qatar,QAT,Qatar,1975,-10.0,0,10,1.0,1,1.0,,,
694_QAT,694,Qatar,Qatar,QAT,Qatar,1976,-10.0,0,10,1.0,1,1.0,,,
694_QAT,694,Qatar,Qatar,QAT,Qatar,1977,-10.0,0,10,1.0,1,1.0,,,
694_QAT,694,Qatar,Qatar,QAT,Qatar,1978,-10.0,0,10,1.0,1,1.0,,,
694_QAT,694,Qatar,Qatar,QAT,Qatar,1979,-10.0,0,10,1.0,1,1.0,,,
694_QAT,694,Qatar,Qatar,QAT,Qatar,1980,-10.0,0,10,1.0,1,1.0,,,
694_QAT,694,Qatar,Qatar,QAT,Qatar,1981,-10.0,0,10,1.0,1,1.0,,,
694_QAT,694,Qatar,Qatar,QAT,Qatar,1982,-10.0,0,10,1.0,1,1.0,,,
694_QAT,694,Qatar,Qatar,QAT,Qatar,1983,-10.0,0,10,1.0,1,1.0,,,
694_QAT,694,Qatar,Qatar,QAT,Qatar,1984,-10.0,0,10,1.0,1,1.0,,,
694_QAT,694,Qatar,Qatar,QAT,Qatar,1985,-10.0,0,10,1.0,1,1.0,,,
694_QAT,694,Qatar,Qatar,QAT,Qatar,1986,-10.0,0,10,1.0,1,1.0,,,
694_QAT,694,Qatar,Qatar,QAT,Qatar,1987,-10.0,0,10,1.0,1,1.0,,,
694_QAT,694,Qatar,Qatar,QAT,Qatar,1988,-10.0,0,10,1.0,1,1.0,,,
694_QAT,694,Qatar,Qatar,QAT,Qatar,1989,-10.0,0,10,1.0,1,1.0,,,
694_QAT,694,Qatar,Qatar,QAT,Qatar,1990,-10.0,0,10,1.0,1,1.0,,,
694_QAT,694,Qatar,Qatar,QAT,Qatar,1991,-10.0,0,10,1.0,1,1.0,,,
694_QAT,694,Qatar,Qatar,QAT,Qatar,1992,-10.0,0,10,1.0,1,1.0,,,
694_QAT,694,Qatar,Qatar,QAT,Qatar,1993,-10.0,0,10,1.0,1,1.0,,,
694_QAT,694,Qatar,Qatar,QAT,Qatar,1994,-10.0,0,10,1.0,1,1.0,,,
694_QAT,694,Qatar,Qatar,QAT,Qatar,1995,-10.0,0,10,1.0,1,1.0,,,
694_QAT,694,Qatar,Qatar,QAT,Qatar,1996,-10.0,0,10,1.0,1,1.0,,,
694_QAT,694,Qatar,Qatar,QAT,Qatar,1997,-10.0,0,10,1.0,1,1.0,,,
694_QAT,694,Qatar,Qatar,QAT,Qatar,1998,-10.0,0,10,1.0,1,1.0,,,
694_QAT,694,Qatar,Qatar,QAT,Qatar,1999,-10.0,0,10,1.0,1,1.0,,,
694_QAT,694,Qatar,Qatar,QAT,Qatar,2000,-10.0,0,10,1.0,1,1.0,,,
694_QAT,694,Qatar,Qatar,QAT,Qatar,2001,-10.0,0,10,1.0,1,1.0,,,
694_QAT,694,Qatar,Qatar,QAT,Qatar,2002,-10.0,0,10,1.0,1,1.0,,,
694_QAT,694,Qatar,Qatar,QAT,Qatar,2003,-10.0,0,10,1.0,1,1.0,,,
694_QAT,694,Qatar,Qatar,QAT,Qatar,2004,-10.0,0,10,1.0,1,1.0,,,
694_QAT,694,Qatar,Qatar,QAT,Qatar,2005,-10.0,0,10,1.0,1,1.0,,,
694_QAT,694,Qatar,Qatar,QAT,Qatar,2006,-10.0,0,10,1.0,1,1.0,,,
694_QAT,694,Qatar,Qatar,QAT,Qatar,2007,-10.0,0,10,1.0,1,1.0,,,
694_QAT,694,Qatar,Qatar,QAT,Qatar,2008,-10.0,0,10,1.0,1,1.0,,,
694_QAT,694,Qatar,Qatar,QAT,Qatar,2009,-10.0,0,10,1.0,1,1.0,,,
694_QAT,694,Qatar,Qatar,QAT,Qatar,2010,-10.0,0,10,1.0,1,1.0,,,
694_QAT,694,Qatar,Qatar,QAT,Qatar,2011,-10.0,0,10,1.0,1,1.0,,,
694_QAT,694,Qatar,Qatar,QAT,Qatar,2012,-10.0,0,10,1.0,1,1.0,,,
694_QAT,694,Qatar,Qatar,QAT,Qatar,2013,-10.0,0,10,1.0,1,1.0,,,
694_QAT,694,Qatar,Qatar,QAT,Qatar,2014,-10.0,0,10,1.0,1,1.0,,,
694_QAT,694,Qatar,Qatar,QAT,Qatar,2015,-10.0,0,10,1.0,1,1.0,,,
694_QAT,694,Qatar,Qatar,QAT,Qatar,2016,-10.0,0,10,1.0,1,1.0,,,
694_QAT,694,Qatar,Qatar,QAT,Qatar,2017,-10.0,0,10,1.0,1,1.0,,,
694_QAT,694,Qatar,Qatar,QAT,Qatar,2018,-10.0,0,10,1.0,1,1.0,,,
696_ARE,696,UAE,UAE,ARE,United Arab Emirates,1971,-8.0,0,8,2.0,3,1.0,1.0,,99.0
696_ARE,696,UAE,UAE,ARE,United Arab Emirates,1972,-8.0,0,8,2.0,3,1.0,,,
696_ARE,696,UAE,UAE,ARE,United Arab Emirates,1973,-8.0,0,8,2.0,3,1.0,,,
696_ARE,696,UAE,UAE,ARE,United Arab Emirates,1974,-8.0,0,8,2.0,3,1.0,,,
696_ARE,696,UAE,UAE,ARE,United Arab Emirates,1975,-8.0,0,8,2.0,3,1.0,,,
696_ARE,696,UAE,UAE,ARE,United Arab Emirates,1976,-8.0,0,8,2.0,3,1.0,,,
696_ARE,696,UAE,UAE,ARE,United Arab Emirates,1977,-8.0,0,8,2.0,3,1.0,,,
696_ARE,696,UAE,UAE,ARE,United Arab Emirates,1978,-8.0,0,8,2.0,3,1.0,,,
696_ARE,696,UAE,UAE,ARE,United Arab Emirates,1979,-8.0,0,8,2.0,3,1.0,,,
696_ARE,696,UAE,UAE,ARE,United Arab Emirates,1980,-8.0,0,8,2.0,3,1.0,,,
696_ARE,696,UAE,UAE,ARE,United Arab Emirates,1981,-8.0,0,8,2.0,3,1.0,,,
696_ARE,696,UAE,UAE,ARE,United Arab Emirates,1982,-8.0,0,8,2.0,3,1.0,,,
696_ARE,696,UAE,UAE,ARE,United Arab Emirates,1983,-8.0,0,8,2.0,3,1.0,,,
696_ARE,696,UAE,UAE,ARE,United Arab Emirates,1984,-8.0,0,8,2.0,3,1.0,,,
696_ARE,696,UAE,UAE,ARE,United Arab Emirates,1985,-8.0,0,8,2.0,3,1.0,,,
696_ARE,696,UAE,UAE,ARE,United Arab Emirates,1986,-8.0,0,8,2.0,3,1.0,,,
696_ARE,696,UAE,UAE,ARE,United Arab Emirates,1987,-8.0,0,8,2.0,3,1.0,,,
696_ARE,696,UAE,UAE,ARE,United Arab Emirates,1988,-8.0,0,8,2.0,3,1.0,,,
696_ARE,696,UAE,UAE,ARE,United Arab Emirates,1989,-8.0,0,8,2.0,3,1.0,,,
696_ARE,696,UAE,UAE,ARE,United Arab Emirates,1990,-8.0,0,8,2.0,3,1.0,,,
696_ARE,696,UAE,UAE,ARE,United Arab Emirates,1991,-8.0,0,8,2.0,3,1.0,,,
696_ARE,696,UAE,UAE,ARE,United Arab Emirates,1992,-8.0,0,8,2.0,3,1.0,,,
696_ARE,696,UAE,UAE,ARE,United Arab Emirates,1993,-8.0,0,8,2.0,3,1.0,,,
696_ARE,696,UAE,UAE,ARE,United Arab Emirates,1994,-8.0,0,8,2.0,3,1.0,,,
696_ARE,696,UAE,UAE,ARE,United Arab Emirates,1995,-8.0,0,8,2.0,3,1.0,,,
696_ARE,696,UAE,UAE,ARE,United Arab Emirates,1996,-8.0,0,8,2.0,3,1.0,,,
696_ARE,696,UAE,UAE,ARE,United Arab Emirates,1997,-8.0,0,8,2.0,3,1.0,,,
696_ARE,696,UAE,UAE,ARE,United Arab Emirates,1998,-8.0,0,8,2.0,3,1.0,,,
696_ARE,696,UAE,UAE,ARE,United Arab Emirates,1999,-8.0,0,8,2.0,3,1.0,,,
696_ARE,696,UAE,UAE,ARE,United Arab Emirates,2000,-8.0,0,8,2.0,3,1.0,,,
696_ARE,696,UAE,UAE,ARE,United Arab Emirates,2001,-8.0,0,8,2.0,3,1.0,,,
696_ARE,696,UAE,UAE,ARE,United Arab Emirates,2002,-8.0,0,8,2.0,3,1.0,,,
696_ARE,696,UAE,UAE,ARE,United Arab Emirates,2003,-8.0,0,8,2.0,3,1.0,,,
696_ARE,696,UAE,UAE,ARE,United Arab Emirates,2004,-8.0,0,8,2.0,3,1.0,,,
696_ARE,696,UAE,UAE,ARE,United Arab Emirates,2005,-8.0,0,8,2.0,3,1.0,,,
696_ARE,696,UAE,UAE,ARE,United Arab Emirates,2006,-8.0,0,8,2.0,3,1.0,,,
696_ARE,696,UAE,UAE,ARE,United Arab Emirates,2007,-8.0,0,8,2.0,3,1.0,,,
696_ARE,696,UAE,UAE,ARE,United Arab Emirates,2008,-8.0,0,8,2.0,3,1.0,,,
696_ARE,696,UAE,UAE,ARE,United Arab Emirates,2009,-8.0,0,8,2.0,3,1.0,,,
696_ARE,696,UAE,UAE,ARE,United Arab Emirates,2010,-8.0,0,8,2.0,3,1.0,,,
696_ARE,696,UAE,UAE,ARE,United Arab Emirates,2011,-8.0,0,8,2.0,3,1.0,,,
696_ARE,696,UAE,UAE,ARE,United Arab Emirates,2012,-8.0,0,8,2.0,3,1.0,,,
696_ARE,696,UAE,UAE,ARE,United Arab Emirates,2013,-8.0,0,8,2.0,3,1.0,,,
696_ARE,696,UAE,UAE,ARE,United Arab Emirates,2014,-8.0,0,8,2.0,3,1.0,,,
696_ARE,696,UAE,UAE,ARE,United Arab Emirates,2015,-8.0,0,8,2.0,3,1.0,,,
696_ARE,696,UAE,UAE,ARE,United Arab Emirates,2016,-8.0,0,8,2.0,3,1.0,,,
696_ARE,696,UAE,UAE,ARE,United Arab Emirates,2017,-8.0,0,8,2.0,3,1.0,,,
696_ARE,696,UAE,UAE,ARE,United Arab Emirates,2018,-8.0,0,8,2.0,3,1.0,,,
698_OMN,698,Oman,Oman,OMN,Oman,1971,-10.0,0,10,1.0,1,1.0,,,
698_OMN,698,Oman,Oman,OMN,Oman,1972,-10.0,0,10,1.0,1,1.0,,,
698_OMN,698,Oman,Oman,OMN,Oman,1973,-10.0,0,10,1.0,1,1.0,,,
698_OMN,698,Oman,Oman,OMN,Oman,1974,-10.0,0,10,1.0,1,1.0,,,
698_OMN,698,Oman,Oman,OMN,Oman,1975,-10.0,0,10,1.0,1,1.0,,,
698_OMN,698,Oman,Oman,OMN,Oman,1976,-10.0,0,10,1.0,1,1.0,,,
698_OMN,698,Oman,Oman,OMN,Oman,1977,-10.0,0,10,1.0,1,1.0,,,
698_OMN,698,Oman,Oman,OMN,Oman,1978,-10.0,0,10,1.0,1,1.0,,,
698_OMN,698,Oman,Oman,OMN,Oman,1979,-10.0,0,10,1.0,1,1.0,,,
698_OMN,698,Oman,Oman,OMN,Oman,1980,-10.0,0,10,1.0,1,1.0,,,
698_OMN,698,Oman,Oman,OMN,Oman,1981,-10.0,0,10,1.0,1,1.0,,,
698_OMN,698,Oman,Oman,OMN,Oman,1982,-10.0,0,10,1.0,1,1.0,,,
698_OMN,698,Oman,Oman,OMN,Oman,1983,-10.0,0,10,1.0,1,1.0,,,
698_OMN,698,Oman,Oman,OMN,Oman,1984,-10.0,0,10,1.0,1,1.0,,,
698_OMN,698,Oman,Oman,OMN,Oman,1985,-10.0,0,10,1.0,1,1.0,,,
698_OMN,698,Oman,Oman,OMN,Oman,1986,-10.0,0,10,1.0,1,1.0,,,
698_OMN,698,Oman,Oman,OMN,Oman,1987,-10.0,0,10,1.0,1,1.0,,,
698_OMN,698,Oman,Oman,OMN,Oman,1988,-10.0,0,10,1.0,1,1.0,,,
698_OMN,698,Oman,Oman,OMN,Oman,1989,-10.0,0,10,1.0,1,1.0,,,
698_OMN,698,Oman,Oman,OMN,Oman,1990,-10.0,0,10,1.0,1,1.0,,,
698_OMN,698,Oman,Oman,OMN,Oman,1991,-9.0,0,9,1.0,2,1.0,1.0,,0.0
698_OMN,698,Oman,Oman,OMN,Oman,1992,-9.0,0,9,1.0,2,1.0,,,
698_OMN,698,Oman,Oman,OMN,Oman,1993,-9.0,0,9,1.0,2,1.0,,,
698_OMN,698,Oman,Oman,OMN,Oman,1994,-9.0,0,9,1.0,2,1.0,,,
698_OMN,698,Oman,Oman,OMN,Oman,1995,-9.0,0,9,1.0,2,1.0,,,
698_OMN,698,Oman,Oman,OMN,Oman,1996,-9.0,0,9,1.0,2,1.0,,,
698_OMN,698,Oman,Oman,OMN,Oman,1997,-9.0,0,9,1.0,2,1.0,,,
698_OMN,698,Oman,Oman,OMN,Oman,1998,-9.0,0,9,1.0,2,1.0,,,
698_OMN,698,Oman,Oman,OMN,Oman,1999,-9.0,0,9,1.0,2,1.0,,,
698_OMN,698,Oman,Oman,OMN,Oman,2000,-9.0,0,9,1.0,2,1.0,,,
698_OMN,698,Oman,Oman,OMN,Oman,2001,-9.0,0,9,1.0,2,1.0,,,
698_OMN,698,Oman,Oman,OMN,Oman,2002,-8.0,0,8,1.0,2,2.0,1.0,,0.0
698_OMN,698,Oman,Oman,OMN,Oman,2003,-8.0,0,8,1.0,2,2.0,,,
698_OMN,698,Oman,Oman,OMN,Oman,2004,-8.0,0,8,1.0,2,2.0,,,
698_OMN,698,Oman,Oman,OMN,Oman,2005,-8.0,0,8,1.0,2,2.0,,,
698_OMN,698,Oman,Oman,OMN,Oman,2006,-8.0,0,8,1.0,2,2.0,,,
698_OMN,698,Oman,Oman,OMN,Oman,2007,-8.0,0,8,1.0,2,2.0,,,
698_OMN,698,Oman,Oman,OMN,Oman,2008,-8.0,0,8,1.0,2,2.0,,,
698_OMN,698,Oman,Oman,OMN,Oman,2009,-8.0,0,8,1.0,2,2.0,,,
698_OMN,698,Oman,Oman,OMN,Oman,2010,-8.0,0,8,1.0,2,2.0,,,
698_OMN,698,Oman,Oman,OMN,Oman,2011,-8.0,0,8,1.0,2,2.0,,,
698_OMN,698,Oman,Oman,OMN,Oman,2012,-8.0,0,8,1.0,2,2.0,,,
698_OMN,698,Oman,Oman,OMN,Oman,2013,-8.0,0,8,1.0,2,2.0,,,
698_OMN,698,Oman,Oman,OMN,Oman,2014,-8.0,0,8,1.0,2,2.0,,,
698_OMN,698,Oman,Oman,OMN,Oman,2015,-8.0,0,8,1.0,2,2.0,,,
698_OMN,698,Oman,Oman,OMN,Oman,2016,-8.0,0,8,1.0,2,2.0,,,
698_OMN,698,Oman,Oman,OMN,Oman,2017,-8.0,0,8,1.0,2,2.0,,,
698_OMN,698,Oman,Oman,OMN,Oman,2018,-8.0,0,8,1.0,2,2.0,,,
700_AFG,700,Afghanistan,Afghanistan,AFG,Afghanistan,1971,-7.0,0,7,2.0,3,2.0,,,
700_AFG,700,Afghanistan,Afghanistan,AFG,Afghanistan,1972,-7.0,0,7,2.0,3,2.0,,,
700_AFG,700,Afghanistan,Afghanistan,AFG,Afghanistan,1973,-7.0,0,7,4.0,1,1.0,,,
700_AFG,700,Afghanistan,Afghanistan,AFG,Afghanistan,1974,-7.0,0,7,4.0,1,1.0,,,
700_AFG,700,Afghanistan,Afghanistan,AFG,Afghanistan,1975,-7.0,0,7,4.0,1,1.0,,,
700_AFG,700,Afghanistan,Afghanistan,AFG,Afghanistan,1976,-7.0,0,7,4.0,1,1.0,,,
700_AFG,700,Afghanistan,Afghanistan,AFG,Afghanistan,1977,-7.0,0,7,5.0,1,1.0,,,
700_AFG,700,Afghanistan,Afghanistan,AFG,Afghanistan,1978,0.0,-77,-77,-77.0,-77,-77.0,,1.0,-77.0
700_AFG,700,Afghanistan,Afghanistan,AFG,Afghanistan,1979,,-66,-66,-66.0,-66,-66.0,,1.0,-66.0
700_AFG,700,Afghanistan,Afghanistan,AFG,Afghanistan,1980,,-66,-66,-66.0,-66,-66.0,,,-66.0
700_AFG,700,Afghanistan,Afghanistan,AFG,Afghanistan,1981,,-66,-66,-66.0,-66,-66.0,,,-66.0
700_AFG,700,Afghanistan,Afghanistan,AFG,Afghanistan,1982,,-66,-66,-66.0,-66,-66.0,,,-66.0
700_AFG,700,Afghanistan,Afghanistan,AFG,Afghanistan,1983,,-66,-66,-66.0,-66,-66.0,,,-66.0
700_AFG,700,Afghanistan,Afghanistan,AFG,Afghanistan,1984,,-66,-66,-66.0,-66,-66.0,,,-66.0
700_AFG,700,Afghanistan,Afghanistan,AFG,Afghanistan,1985,,-66,-66,-66.0,-66,-66.0,,,-66.0
700_AFG,700,Afghanistan,Afghanistan,AFG,Afghanistan,1986,,-66,-66,-66.0,-66,-66.0,,,-66.0
700_AFG,700,Afghanistan,Afghanistan,AFG,Afghanistan,1987,,-66,-66,-66.0,-66,-66.0,,,-66.0
700_AFG,700,Afghanistan,Afghanistan,AFG,Afghanistan,1988,,-66,-66,-66.0,-66,-66.0,,,-66.0
700_AFG,700,Afghanistan,Afghanistan,AFG,Afghanistan,1989,-8.0,0,8,3.0,2,1.0,1.0,,0.0
700_AFG,700,Afghanistan,Afghanistan,AFG,Afghanistan,1990,-8.0,0,8,3.0,2,1.0,,,
700_AFG,700,Afghanistan,Afghanistan,AFG,Afghanistan,1991,-8.0,0,8,3.0,2,1.0,,,
700_AFG,700,Afghanistan,Afghanistan,AFG,Afghanistan,1992,0.0,-77,-77,-77.0,-77,-77.0,,1.0,-77.0
700_AFG,700,Afghanistan,Afghanistan,AFG,Afghanistan,1993,0.0,-77,-77,-77.0,-77,-77.0,,1.0,-77.0
700_AFG,700,Afghanistan,Afghanistan,AFG,Afghanistan,1994,0.0,-77,-77,-77.0,-77,-77.0,,1.0,-77.0
700_AFG,700,Afghanistan,Afghanistan,AFG,Afghanistan,1995,0.0,-77,-77,-77.0,-77,-77.0,,1.0,-77.0
700_AFG,700,Afghanistan,Afghanistan,AFG,Afghanistan,1996,-7.0,0,7,4.0,1,1.0,1.0,1.0,0.0
700_AFG,700,Afghanistan,Afghanistan,AFG,Afghanistan,1997,-7.0,0,7,4.0,1,1.0,,,
700_AFG,700,Afghanistan,Afghanistan,AFG,Afghanistan,1998,-7.0,0,7,4.0,1,1.0,,,
700_AFG,700,Afghanistan,Afghanistan,AFG,Afghanistan,1999,-7.0,0,7,4.0,1,1.0,,,
700_AFG,700,Afghanistan,Afghanistan,AFG,Afghanistan,2000,-7.0,0,7,4.0,1,1.0,,,
700_AFG,700,Afghanistan,Afghanistan,AFG,Afghanistan,2001,,-66,-66,-66.0,-66,-66.0,,1.0,-66.0
700_AFG,700,Afghanistan,Afghanistan,AFG,Afghanistan,2002,,-66,-66,-66.0,-66,-66.0,,,-66.0
700_AFG,700,Afghanistan,Afghanistan,AFG,Afghanistan,2003,,-66,-66,-66.0,-66,-66.0,,,-66.0
700_AFG,700,Afghanistan,Afghanistan,AFG,Afghanistan,2004,,-66,-66,-66.0,-66,-66.0,,,-66.0
700_AFG,700,Afghanistan,Afghanistan,AFG,Afghanistan,2005,,-66,-66,-66.0,-66,-66.0,,,-66.0
700_AFG,700,Afghanistan,Afghanistan,AFG,Afghanistan,2006,,-66,-66,-66.0,-66,-66.0,,,-66.0
700_AFG,700,Afghanistan,Afghanistan,AFG,Afghanistan,2007,,-66,-66,-66.0,-66,-66.0,,,-66.0
700_AFG,700,Afghanistan,Afghanistan,AFG,Afghanistan,2008,,-66,-66,-66.0,-66,-66.0,,,-66.0
700_AFG,700,Afghanistan,Afghanistan,AFG,Afghanistan,2009,,-66,-66,-66.0,-66,-66.0,,,-66.0
700_AFG,700,Afghanistan,Afghanistan,AFG,Afghanistan,2010,,-66,-66,-66.0,-66,-66.0,,,-66.0
700_AFG,700,Afghanistan,Afghanistan,AFG,Afghanistan,2011,,-66,-66,-66.0,-66,-66.0,,,-66.0
700_AFG,700,Afghanistan,Afghanistan,AFG,Afghanistan,2012,,-66,-66,-66.0,-66,-66.0,,,-66.0
700_AFG,700,Afghanistan,Afghanistan,AFG,Afghanistan,2013,,-66,-66,-66.0,-66,-66.0,,,-66.0
700_AFG,700,Afghanistan,Afghanistan,AFG,Afghanistan,2014,-1.0,1,2,3.0,4,4.0,1.0,,1.0
700_AFG,700,Afghanistan,Afghanistan,AFG,Afghanistan,2015,-1.0,1,2,3.0,4,4.0,,,
700_AFG,700,Afghanistan,Afghanistan,AFG,Afghanistan,2016,-1.0,1,2,3.0,4,4.0,,,
700_AFG,700,Afghanistan,Afghanistan,AFG,Afghanistan,2017,-1.0,1,2,3.0,4,4.0,,,
700_AFG,700,Afghanistan,Afghanistan,AFG,Afghanistan,2018,-1.0,1,2,3.0,4,4.0,,,
70_MEX,70,Mexico,Mexico,MEX,Mexico,1971,-6.0,0,6,3.0,3,2.0,,,
70_MEX,70,Mexico,Mexico,MEX,Mexico,1972,-6.0,0,6,3.0,3,2.0,,,
70_MEX,70,Mexico,Mexico,MEX,Mexico,1973,-6.0,0,6,3.0,3,2.0,,,
70_MEX,70,Mexico,Mexico,MEX,Mexico,1974,-6.0,0,6,3.0,3,2.0,,,
70_MEX,70,Mexico,Mexico,MEX,Mexico,1975,-6.0,0,6,3.0,3,2.0,,,
70_MEX,70,Mexico,Mexico,MEX,Mexico,1976,-6.0,0,6,3.0,3,2.0,,,
70_MEX,70,Mexico,Mexico,MEX,Mexico,1977,-3.0,1,4,3.0,3,6.0,1.0,,1.0
70_MEX,70,Mexico,Mexico,MEX,Mexico,1978,-3.0,1,4,3.0,3,6.0,,,
70_MEX,70,Mexico,Mexico,MEX,Mexico,1979,-3.0,1,4,3.0,3,6.0,,,
70_MEX,70,Mexico,Mexico,MEX,Mexico,1980,-3.0,1,4,3.0,3,6.0,,,
70_MEX,70,Mexico,Mexico,MEX,Mexico,1981,-3.0,1,4,3.0,3,6.0,,,
70_MEX,70,Mexico,Mexico,MEX,Mexico,1982,-3.0,1,4,3.0,3,6.0,,,
70_MEX,70,Mexico,Mexico,MEX,Mexico,1983,-3.0,1,4,3.0,3,6.0,,,
70_MEX,70,Mexico,Mexico,MEX,Mexico,1984,-3.0,1,4,3.0,3,6.0,,,
70_MEX,70,Mexico,Mexico,MEX,Mexico,1985,-3.0,1,4,3.0,3,6.0,,,
70_MEX,70,Mexico,Mexico,MEX,Mexico,1986,-3.0,1,4,3.0,3,6.0,,,
70_MEX,70,Mexico,Mexico,MEX,Mexico,1987,-3.0,1,4,3.0,3,6.0,,,
70_MEX,70,Mexico,Mexico,MEX,Mexico,1988,0.0,2,2,3.0,4,7.0,1.0,,1.0
70_MEX,70,Mexico,Mexico,MEX,Mexico,1989,0.0,2,2,3.0,4,7.0,,,
70_MEX,70,Mexico,Mexico,MEX,Mexico,1990,0.0,2,2,3.0,4,7.0,,,
70_MEX,70,Mexico,Mexico,MEX,Mexico,1991,0.0,2,2,3.0,4,7.0,,,
70_MEX,70,Mexico,Mexico,MEX,Mexico,1992,0.0,2,2,3.0,4,7.0,,,
70_MEX,70,Mexico,Mexico,MEX,Mexico,1993,0.0,2,2,3.0,4,7.0,,,
70_MEX,70,Mexico,Mexico,MEX,Mexico,1994,4.0,4,0,7.0,4,7.0,,,3.0
70_MEX,70,Mexico,Mexico,MEX,Mexico,1995,4.0,4,0,7.0,4,7.0,,,3.0
70_MEX,70,Mexico,Mexico,MEX,Mexico,1996,4.0,4,0,7.0,4,7.0,,,3.0
70_MEX,70,Mexico,Mexico,MEX,Mexico,1997,6.0,6,0,7.0,5,9.0,1.0,,3.0
70_MEX,70,Mexico,Mexico,MEX,Mexico,1998,6.0,6,0,7.0,5,9.0,,,
70_MEX,70,Mexico,Mexico,MEX,Mexico,1999,6.0,6,0,7.0,6,7.0,1.0,,0.0
70_MEX,70,Mexico,Mexico,MEX,Mexico,2000,8.0,8,0,8.0,6,9.0,1.0,,0.0
70_MEX,70,Mexico,Mexico,MEX,Mexico,2001,8.0,8,0,8.0,6,9.0,,,
70_MEX,70,Mexico,Mexico,MEX,Mexico,2002,8.0,8,0,8.0,6,9.0,,,
70_MEX,70,Mexico,Mexico,MEX,Mexico,2003,8.0,8,0,8.0,6,9.0,,,
70_MEX,70,Mexico,Mexico,MEX,Mexico,2004,8.0,8,0,8.0,6,9.0,,,
70_MEX,70,Mexico,Mexico,MEX,Mexico,2005,8.0,8,0,8.0,6,9.0,,,
70_MEX,70,Mexico,Mexico,MEX,Mexico,2006,8.0,8,0,8.0,6,9.0,,,
70_MEX,70,Mexico,Mexico,MEX,Mexico,2007,8.0,8,0,8.0,6,9.0,,,
70_MEX,70,Mexico,Mexico,MEX,Mexico,2008,8.0,8,0,8.0,6,9.0,,,
70_MEX,70,Mexico,Mexico,MEX,Mexico,2009,8.0,8,0,8.0,6,9.0,,,
70_MEX,70,Mexico,Mexico,MEX,Mexico,2010,8.0,8,0,8.0,6,9.0,,,
70_MEX,70,Mexico,Mexico,MEX,Mexico,2011,8.0,8,0,8.0,6,9.0,,,
70_MEX,70,Mexico,Mexico,MEX,Mexico,2012,8.0,8,0,8.0,6,9.0,,,
70_MEX,70,Mexico,Mexico,MEX,Mexico,2013,8.0,8,0,8.0,6,9.0,,,
70_MEX,70,Mexico,Mexico,MEX,Mexico,2014,8.0,8,0,8.0,6,9.0,,,
70_MEX,70,Mexico,Mexico,MEX,Mexico,2015,8.0,8,0,8.0,6,9.0,,,
70_MEX,70,Mexico,Mexico,MEX,Mexico,2016,8.0,8,0,8.0,6,9.0,,,
70_MEX,70,Mexico,Mexico,MEX,Mexico,2017,8.0,8,0,8.0,6,9.0,,,
70_MEX,70,Mexico,Mexico,MEX,Mexico,2018,8.0,8,0,8.0,6,9.0,,,
710_CHN,710,China,China,CHN,China,1971,-8.0,0,8,3.0,2,1.0,,,
710_CHN,710,China,China,CHN,China,1972,-8.0,0,8,3.0,2,1.0,,,
710_CHN,710,China,China,CHN,China,1973,-8.0,0,8,3.0,2,1.0,,,
710_CHN,710,China,China,CHN,China,1974,-8.0,0,8,3.0,2,1.0,,,
710_CHN,710,China,China,CHN,China,1975,-8.0,0,8,3.0,2,1.0,,,
710_CHN,710,China,China,CHN,China,1976,-7.0,0,7,3.0,3,1.0,1.0,,0.0
710_CHN,710,China,China,CHN,China,1977,-7.0,0,7,3.0,3,1.0,,,
710_CHN,710,China,China,CHN,China,1978,-7.0,0,7,3.0,3,1.0,,,
710_CHN,710,China,China,CHN,China,1979,-7.0,0,7,3.0,3,1.0,,,
710_CHN,710,China,China,CHN,China,1980,-7.0,0,7,3.0,3,1.0,,,
710_CHN,710,China,China,CHN,China,1981,-7.0,0,7,3.0,3,1.0,,,
710_CHN,710,China,China,CHN,China,1982,-7.0,0,7,3.0,3,1.0,,,
710_CHN,710,China,China,CHN,China,1983,-7.0,0,7,3.0,3,1.0,,,
710_CHN,710,China,China,CHN,China,1984,-7.0,0,7,3.0,3,1.0,,,
710_CHN,710,China,China,CHN,China,1985,-7.0,0,7,3.0,3,1.0,,,
710_CHN,710,China,China,CHN,China,1986,-7.0,0,7,3.0,3,1.0,,,
710_CHN,710,China,China,CHN,China,1987,-7.0,0,7,3.0,3,1.0,,,
710_CHN,710,China,China,CHN,China,1988,-7.0,0,7,3.0,3,1.0,,,
710_CHN,710,China,China,CHN,China,1989,-7.0,0,7,3.0,3,1.0,,,
710_CHN,710,China,China,CHN,China,1990,-7.0,0,7,3.0,3,1.0,,,
710_CHN,710,China,China,CHN,China,1991,-7.0,0,7,3.0,3,1.0,,,
710_CHN,710,China,China,CHN,China,1992,-7.0,0,7,3.0,3,1.0,,,
710_CHN,710,China,China,CHN,China,1993,-7.0,0,7,3.0,3,1.0,,,
710_CHN,710,China,China,CHN,China,1994,-7.0,0,7,3.0,3,1.0,,,
710_CHN,710,China,China,CHN,China,1995,-7.0,0,7,3.0,3,1.0,,,
710_CHN,710,China,China,CHN,China,1996,-7.0,0,7,3.0,3,1.0,,,
710_CHN,710,China,China,CHN,China,1997,-7.0,0,7,3.0,3,1.0,,,
710_CHN,710,China,China,CHN,China,1998,-7.0,0,7,3.0,3,1.0,,,
710_CHN,710,China,China,CHN,China,1999,-7.0,0,7,3.0,3,1.0,,,
710_CHN,710,China,China,CHN,China,2000,-7.0,0,7,3.0,3,1.0,,,
710_CHN,710,China,China,CHN,China,2001,-7.0,0,7,3.0,3,1.0,,,
710_CHN,710,China,China,CHN,China,2002,-7.0,0,7,3.0,3,1.0,,,
710_CHN,710,China,China,CHN,China,2003,-7.0,0,7,3.0,3,1.0,,,
710_CHN,710,China,China,CHN,China,2004,-7.0,0,7,3.0,3,1.0,,,
710_CHN,710,China,China,CHN,China,2005,-7.0,0,7,3.0,3,1.0,,,
710_CHN,710,China,China,CHN,China,2006,-7.0,0,7,3.0,3,1.0,,,
710_CHN,710,China,China,CHN,China,2007,-7.0,0,7,3.0,3,1.0,,,
710_CHN,710,China,China,CHN,China,2008,-7.0,0,7,3.0,3,1.0,,,
710_CHN,710,China,China,CHN,China,2009,-7.0,0,7,3.0,3,1.0,,,
710_CHN,710,China,China,CHN,China,2010,-7.0,0,7,3.0,3,1.0,,,
710_CHN,710,China,China,CHN,China,2011,-7.0,0,7,3.0,3,1.0,,,
710_CHN,710,China,China,CHN,China,2012,-7.0,0,7,3.0,3,1.0,,,
710_CHN,710,China,China,CHN,China,2013,-7.0,0,7,3.0,3,1.0,,,
710_CHN,710,China,China,CHN,China,2014,-7.0,0,7,3.0,3,1.0,,,
710_CHN,710,China,China,CHN,China,2015,-7.0,0,7,3.0,3,1.0,,,
710_CHN,710,China,China,CHN,China,2016,-7.0,0,7,3.0,3,1.0,,,
710_CHN,710,China,China,CHN,China,2017,-7.0,0,7,3.0,3,1.0,,,
710_CHN,710,China,China,CHN,China,2018,-7.0,0,7,3.0,3,1.0,,,
712_MNG,712,Mongolia,Mongolia,MNG,Mongolia,1971,-7.0,0,7,3.0,3,1.0,,,
712_MNG,712,Mongolia,Mongolia,MNG,Mongolia,1972,-7.0,0,7,3.0,3,1.0,,,
712_MNG,712,Mongolia,Mongolia,MNG,Mongolia,1973,-7.0,0,7,3.0,3,1.0,,,
712_MNG,712,Mongolia,Mongolia,MNG,Mongolia,1974,-7.0,0,7,3.0,3,1.0,,,
712_MNG,712,Mongolia,Mongolia,MNG,Mongolia,1975,-7.0,0,7,3.0,3,1.0,,,
712_MNG,712,Mongolia,Mongolia,MNG,Mongolia,1976,-7.0,0,7,3.0,3,1.0,,,
712_MNG,712,Mongolia,Mongolia,MNG,Mongolia,1977,-7.0,0,7,3.0,3,1.0,,,
712_MNG,712,Mongolia,Mongolia,MNG,Mongolia,1978,-7.0,0,7,3.0,3,1.0,,,
712_MNG,712,Mongolia,Mongolia,MNG,Mongolia,1979,-7.0,0,7,3.0,3,1.0,,,
712_MNG,712,Mongolia,Mongolia,MNG,Mongolia,1980,-7.0,0,7,3.0,3,1.0,,,
712_MNG,712,Mongolia,Mongolia,MNG,Mongolia,1981,-7.0,0,7,3.0,3,1.0,,,
712_MNG,712,Mongolia,Mongolia,MNG,Mongolia,1982,-7.0,0,7,3.0,3,1.0,,,
712_MNG,712,Mongolia,Mongolia,MNG,Mongolia,1983,-7.0,0,7,3.0,3,1.0,,,
712_MNG,712,Mongolia,Mongolia,MNG,Mongolia,1984,-7.0,0,7,3.0,3,1.0,,,
712_MNG,712,Mongolia,Mongolia,MNG,Mongolia,1985,-7.0,0,7,3.0,3,1.0,,,
712_MNG,712,Mongolia,Mongolia,MNG,Mongolia,1986,-7.0,0,7,3.0,3,1.0,,,
712_MNG,712,Mongolia,Mongolia,MNG,Mongolia,1987,-7.0,0,7,3.0,3,1.0,,,
712_MNG,712,Mongolia,Mongolia,MNG,Mongolia,1988,-7.0,0,7,3.0,3,1.0,,,
712_MNG,712,Mongolia,Mongolia,MNG,Mongolia,1989,-7.0,0,7,3.0,3,1.0,,,
712_MNG,712,Mongolia,Mongolia,MNG,Mongolia,1990,2.0,4,2,7.0,5,3.0,,,3.0
712_MNG,712,Mongolia,Mongolia,MNG,Mongolia,1991,2.0,4,2,7.0,5,3.0,,,3.0
712_MNG,712,Mongolia,Mongolia,MNG,Mongolia,1992,9.0,9,0,8.0,7,9.0,1.0,,3.0
712_MNG,712,Mongolia,Mongolia,MNG,Mongolia,1993,9.0,9,0,8.0,7,9.0,,,
712_MNG,712,Mongolia,Mongolia,MNG,Mongolia,1994,9.0,9,0,8.0,7,9.0,,,
712_MNG,712,Mongolia,Mongolia,MNG,Mongolia,1995,9.0,9,0,8.0,7,9.0,,,
712_MNG,712,Mongolia,Mongolia,MNG,Mongolia,1996,10.0,10,0,8.0,7,10.0,1.0,,0.0
712_MNG,712,Mongolia,Mongolia,MNG,Mongolia,1997,10.0,10,0,8.0,7,10.0,,,
712_MNG,712,Mongolia,Mongolia,MNG,Mongolia,1998,10.0,10,0,8.0,7,10.0,,,
712_MNG,712,Mongolia,Mongolia,MNG,Mongolia,1999,10.0,10,0,8.0,7,10.0,,,
712_MNG,712,Mongolia,Mongolia,MNG,Mongolia,2000,10.0,10,0,8.0,7,10.0,,,
712_MNG,712,Mongolia,Mongolia,MNG,Mongolia,2001,10.0,10,0,8.0,7,10.0,,,
712_MNG,712,Mongolia,Mongolia,MNG,Mongolia,2002,10.0,10,0,8.0,7,10.0,,,
712_MNG,712,Mongolia,Mongolia,MNG,Mongolia,2003,10.0,10,0,8.0,7,10.0,,,
712_MNG,712,Mongolia,Mongolia,MNG,Mongolia,2004,10.0,10,0,8.0,7,10.0,,,
712_MNG,712,Mongolia,Mongolia,MNG,Mongolia,2005,10.0,10,0,8.0,7,10.0,,,
712_MNG,712,Mongolia,Mongolia,MNG,Mongolia,2006,10.0,10,0,8.0,7,10.0,,,
712_MNG,712,Mongolia,Mongolia,MNG,Mongolia,2007,10.0,10,0,8.0,7,10.0,,,
712_MNG,712,Mongolia,Mongolia,MNG,Mongolia,2008,10.0,10,0,8.0,7,10.0,,,
712_MNG,712,Mongolia,Mongolia,MNG,Mongolia,2009,10.0,10,0,8.0,7,10.0,,,
712_MNG,712,Mongolia,Mongolia,MNG,Mongolia,2010,10.0,10,0,8.0,7,10.0,,,
712_MNG,712,Mongolia,Mongolia,MNG,Mongolia,2011,10.0,10,0,8.0,7,10.0,,,
712_MNG,712,Mongolia,Mongolia,MNG,Mongolia,2012,10.0,10,0,8.0,7,10.0,,,
712_MNG,712,Mongolia,Mongolia,MNG,Mongolia,2013,10.0,10,0,8.0,7,10.0,,,
712_MNG,712,Mongolia,Mongolia,MNG,Mongolia,2014,10.0,10,0,8.0,7,10.0,,,
712_MNG,712,Mongolia,Mongolia,MNG,Mongolia,2015,10.0,10,0,8.0,7,10.0,,,
712_MNG,712,Mongolia,Mongolia,MNG,Mongolia,2016,10.0,10,0,8.0,7,10.0,,,
712_MNG,712,Mongolia,Mongolia,MNG,Mongolia,2017,10.0,10,0,8.0,7,10.0,,,
712_MNG,712,Mongolia,Mongolia,MNG,Mongolia,2018,10.0,10,0,8.0,7,10.0,,,
713_TWN,713,Taiwan,Taiwan,TWN,Taiwan,1971,-8.0,0,8,3.0,2,1.0,,,
713_TWN,713,Taiwan,Taiwan,TWN,Taiwan,1972,-8.0,0,8,3.0,2,1.0,,,
713_TWN,713,Taiwan,Taiwan,TWN,Taiwan,1973,-8.0,0,8,3.0,2,1.0,,,
713_TWN,713,Taiwan,Taiwan,TWN,Taiwan,1974,-8.0,0,8,3.0,2,1.0,,,
713_TWN,713,Taiwan,Taiwan,TWN,Taiwan,1975,-7.0,0,7,3.0,3,1.0,1.0,,0.0
713_TWN,713,Taiwan,Taiwan,TWN,Taiwan,1976,-7.0,0,7,3.0,3,1.0,,,
713_TWN,713,Taiwan,Taiwan,TWN,Taiwan,1977,-7.0,0,7,3.0,3,1.0,,,
713_TWN,713,Taiwan,Taiwan,TWN,Taiwan,1978,-7.0,0,7,3.0,3,1.0,,,
713_TWN,713,Taiwan,Taiwan,TWN,Taiwan,1979,-7.0,0,7,3.0,3,1.0,,,
713_TWN,713,Taiwan,Taiwan,TWN,Taiwan,1980,-7.0,0,7,3.0,3,1.0,,,
713_TWN,713,Taiwan,Taiwan,TWN,Taiwan,1981,-7.0,0,7,3.0,3,1.0,,,
713_TWN,713,Taiwan,Taiwan,TWN,Taiwan,1982,-7.0,0,7,3.0,3,1.0,,,
713_TWN,713,Taiwan,Taiwan,TWN,Taiwan,1983,-7.0,0,7,3.0,3,1.0,,,
713_TWN,713,Taiwan,Taiwan,TWN,Taiwan,1984,-7.0,0,7,3.0,3,1.0,,,
713_TWN,713,Taiwan,Taiwan,TWN,Taiwan,1985,-7.0,0,7,3.0,3,1.0,,,
713_TWN,713,Taiwan,Taiwan,TWN,Taiwan,1986,-7.0,0,7,3.0,3,1.0,,,
713_TWN,713,Taiwan,Taiwan,TWN,Taiwan,1987,-1.0,2,3,3.0,3,9.0,1.0,,1.0
713_TWN,713,Taiwan,Taiwan,TWN,Taiwan,1988,-1.0,2,3,3.0,3,9.0,,,
713_TWN,713,Taiwan,Taiwan,TWN,Taiwan,1989,-1.0,2,3,3.0,3,9.0,,,
713_TWN,713,Taiwan,Taiwan,TWN,Taiwan,1990,-1.0,2,3,3.0,3,9.0,,,
713_TWN,713,Taiwan,Taiwan,TWN,Taiwan,1991,-1.0,2,3,3.0,3,9.0,,,
713_TWN,713,Taiwan,Taiwan,TWN,Taiwan,1992,7.0,7,0,7.0,5,10.0,1.0,,3.0
713_TWN,713,Taiwan,Taiwan,TWN,Taiwan,1993,7.0,7,0,7.0,5,10.0,,,
713_TWN,713,Taiwan,Taiwan,TWN,Taiwan,1994,7.0,7,0,7.0,5,10.0,,,
713_TWN,713,Taiwan,Taiwan,TWN,Taiwan,1995,7.0,7,0,7.0,5,10.0,,,
713_TWN,713,Taiwan,Taiwan,TWN,Taiwan,1996,8.0,8,0,8.0,5,10.0,,,0.0
713_TWN,713,Taiwan,Taiwan,TWN,Taiwan,1997,9.0,9,0,8.0,6,10.0,1.0,,0.0
713_TWN,713,Taiwan,Taiwan,TWN,Taiwan,1998,9.0,9,0,8.0,6,10.0,,,
713_TWN,713,Taiwan,Taiwan,TWN,Taiwan,1999,9.0,9,0,8.0,6,10.0,,,
713_TWN,713,Taiwan,Taiwan,TWN,Taiwan,2000,9.0,9,0,8.0,6,10.0,,,
713_TWN,713,Taiwan,Taiwan,TWN,Taiwan,2001,9.0,9,0,8.0,6,10.0,,,
713_TWN,713,Taiwan,Taiwan,TWN,Taiwan,2002,9.0,9,0,8.0,6,10.0,,,
713_TWN,713,Taiwan,Taiwan,TWN,Taiwan,2003,9.0,9,0,8.0,6,10.0,,,
713_TWN,713,Taiwan,Taiwan,TWN,Taiwan,2004,10.0,10,0,8.0,7,10.0,1.0,,0.0
713_TWN,713,Taiwan,Taiwan,TWN,Taiwan,2005,10.0,10,0,8.0,7,10.0,,,
713_TWN,713,Taiwan,Taiwan,TWN,Taiwan,2006,10.0,10,0,8.0,7,10.0,,,
713_TWN,713,Taiwan,Taiwan,TWN,Taiwan,2007,10.0,10,0,8.0,7,10.0,,,
713_TWN,713,Taiwan,Taiwan,TWN,Taiwan,2008,10.0,10,0,8.0,7,10.0,,,
713_TWN,713,Taiwan,Taiwan,TWN,Taiwan,2009,10.0,10,0,8.0,7,10.0,,,
713_TWN,713,Taiwan,Taiwan,TWN,Taiwan,2010,10.0,10,0,8.0,7,10.0,,,
713_TWN,713,Taiwan,Taiwan,TWN,Taiwan,2011,10.0,10,0,8.0,7,10.0,,,
713_TWN,713,Taiwan,Taiwan,TWN,Taiwan,2012,10.0,10,0,8.0,7,10.0,,,
713_TWN,713,Taiwan,Taiwan,TWN,Taiwan,2013,10.0,10,0,8.0,7,10.0,,,
713_TWN,713,Taiwan,Taiwan,TWN,Taiwan,2014,10.0,10,0,8.0,7,10.0,,,
713_TWN,713,Taiwan,Taiwan,TWN,Taiwan,2015,10.0,10,0,8.0,7,10.0,,,
713_TWN,713,Taiwan,Taiwan,TWN,Taiwan,2016,10.0,10,0,8.0,7,10.0,,,
713_TWN,713,Taiwan,Taiwan,TWN,Taiwan,2017,10.0,10,0,8.0,7,10.0,,,
713_TWN,713,Taiwan,Taiwan,TWN,Taiwan,2018,10.0,10,0,8.0,7,10.0,,,
731_PRK,731,Korea North,Korea North,PRK,North Korea,1971,-9.0,0,9,3.0,1,1.0,,,
731_PRK,731,Korea North,Korea North,PRK,North Korea,1972,-9.0,0,9,3.0,1,1.0,,,
731_PRK,731,Korea North,Korea North,PRK,North Korea,1973,-9.0,0,9,3.0,1,1.0,,,
731_PRK,731,Korea North,Korea North,PRK,North Korea,1974,-9.0,0,9,3.0,1,1.0,,,
731_PRK,731,Korea North,Korea North,PRK,North Korea,1975,-9.0,0,9,3.0,1,1.0,,,
731_PRK,731,Korea North,Korea North,PRK,North Korea,1976,-9.0,0,9,3.0,1,1.0,,,
731_PRK,731,Korea North,Korea North,PRK,North Korea,1977,-9.0,0,9,3.0,1,1.0,,,
731_PRK,731,Korea North,Korea North,PRK,North Korea,1978,-9.0,0,9,3.0,1,1.0,,,
731_PRK,731,Korea North,Korea North,PRK,North Korea,1979,-9.0,0,9,3.0,1,1.0,,,
731_PRK,731,Korea North,Korea North,PRK,North Korea,1980,-9.0,0,9,3.0,1,1.0,,,
731_PRK,731,Korea North,Korea North,PRK,North Korea,1981,-9.0,0,9,3.0,1,1.0,,,
731_PRK,731,Korea North,Korea North,PRK,North Korea,1982,-9.0,0,9,3.0,1,1.0,,,
731_PRK,731,Korea North,Korea North,PRK,North Korea,1983,-9.0,0,9,3.0,1,1.0,,,
731_PRK,731,Korea North,Korea North,PRK,North Korea,1984,-9.0,0,9,3.0,1,1.0,,,
731_PRK,731,Korea North,Korea North,PRK,North Korea,1985,-9.0,0,9,3.0,1,1.0,,,
731_PRK,731,Korea North,Korea North,PRK,North Korea,1986,-9.0,0,9,3.0,1,1.0,,,
731_PRK,731,Korea North,Korea North,PRK,North Korea,1987,-9.0,0,9,3.0,1,1.0,,,
731_PRK,731,Korea North,Korea North,PRK,North Korea,1988,-9.0,0,9,3.0,1,1.0,,,
731_PRK,731,Korea North,Korea North,PRK,North Korea,1989,-9.0,0,9,3.0,1,1.0,,,
731_PRK,731,Korea North,Korea North,PRK,North Korea,1990,-9.0,0,9,3.0,1,1.0,,,
731_PRK,731,Korea North,Korea North,PRK,North Korea,1991,-9.0,0,9,3.0,1,1.0,,,
731_PRK,731,Korea North,Korea North,PRK,North Korea,1992,-9.0,0,9,3.0,1,1.0,,,
731_PRK,731,Korea North,Korea North,PRK,North Korea,1993,-9.0,0,9,3.0,1,1.0,,,
731_PRK,731,Korea North,Korea North,PRK,North Korea,1994,-10.0,0,10,1.0,1,1.0,1.0,,0.0
731_PRK,731,Korea North,Korea North,PRK,North Korea,1995,-10.0,0,10,1.0,1,1.0,,,
731_PRK,731,Korea North,Korea North,PRK,North Korea,1996,-10.0,0,10,1.0,1,1.0,,,
731_PRK,731,Korea North,Korea North,PRK,North Korea,1997,-10.0,0,10,1.0,1,1.0,,,
731_PRK,731,Korea North,Korea North,PRK,North Korea,1998,-10.0,0,10,1.0,1,1.0,,,
731_PRK,731,Korea North,Korea North,PRK,North Korea,1999,-10.0,0,10,1.0,1,1.0,,,
731_PRK,731,Korea North,Korea North,PRK,North Korea,2000,-10.0,0,10,1.0,1,1.0,,,
731_PRK,731,Korea North,Korea North,PRK,North Korea,2001,-10.0,0,10,1.0,1,1.0,,,
731_PRK,731,Korea North,Korea North,PRK,North Korea,2002,-10.0,0,10,1.0,1,1.0,,,
731_PRK,731,Korea North,Korea North,PRK,North Korea,2003,-10.0,0,10,1.0,1,1.0,,,
731_PRK,731,Korea North,Korea North,PRK,North Korea,2004,-10.0,0,10,1.0,1,1.0,,,
731_PRK,731,Korea North,Korea North,PRK,North Korea,2005,-10.0,0,10,1.0,1,1.0,,,
731_PRK,731,Korea North,Korea North,PRK,North Korea,2006,-10.0,0,10,1.0,1,1.0,,,
731_PRK,731,Korea North,Korea North,PRK,North Korea,2007,-10.0,0,10,1.0,1,1.0,,,
731_PRK,731,Korea North,Korea North,PRK,North Korea,2008,-10.0,0,10,1.0,1,1.0,,,
731_PRK,731,Korea North,Korea North,PRK,North Korea,2009,-10.0,0,10,1.0,1,1.0,,,
731_PRK,731,Korea North,Korea North,PRK,North Korea,2010,-10.0,0,10,1.0,1,1.0,,,
731_PRK,731,Korea North,Korea North,PRK,North Korea,2011,-10.0,0,10,1.0,1,1.0,,,
731_PRK,731,Korea North,Korea North,PRK,North Korea,2012,-10.0,0,10,1.0,1,1.0,,,
731_PRK,731,Korea North,Korea North,PRK,North Korea,2013,-10.0,0,10,1.0,1,1.0,,,
731_PRK,731,Korea North,Korea North,PRK,North Korea,2014,-10.0,0,10,1.0,1,1.0,,,
731_PRK,731,Korea North,Korea North,PRK,North Korea,2015,-10.0,0,10,1.0,1,1.0,,,
731_PRK,731,Korea North,Korea North,PRK,North Korea,2016,-10.0,0,10,1.0,1,1.0,,,
731_PRK,731,Korea North,Korea North,PRK,North Korea,2017,-10.0,0,10,1.0,1,1.0,,,
731_PRK,731,Korea North,Korea North,PRK,North Korea,2018,-10.0,0,10,1.0,1,1.0,,,
732_KOR,732,Korea South,Korea South,KOR,South Korea,1971,3.0,4,1,8.0,3,7.0,,,
732_KOR,732,Korea South,Korea South,KOR,South Korea,1972,-9.0,0,9,3.0,1,1.0,1.0,,-2.0
732_KOR,732,Korea South,Korea South,KOR,South Korea,1973,-8.0,0,8,3.0,1,2.0,1.0,,0.0
732_KOR,732,Korea South,Korea South,KOR,South Korea,1974,-8.0,0,8,3.0,1,2.0,,,
732_KOR,732,Korea South,Korea South,KOR,South Korea,1975,-8.0,0,8,3.0,1,2.0,,,
732_KOR,732,Korea South,Korea South,KOR,South Korea,1976,-8.0,0,8,3.0,1,2.0,,,
732_KOR,732,Korea South,Korea South,KOR,South Korea,1977,-8.0,0,8,3.0,1,2.0,,,
732_KOR,732,Korea South,Korea South,KOR,South Korea,1978,-8.0,0,8,3.0,1,2.0,,,
732_KOR,732,Korea South,Korea South,KOR,South Korea,1979,-8.0,0,8,3.0,1,2.0,,,
732_KOR,732,Korea South,Korea South,KOR,South Korea,1980,-8.0,0,8,3.0,1,2.0,,,
732_KOR,732,Korea South,Korea South,KOR,South Korea,1981,-5.0,0,5,3.0,3,3.0,1.0,,1.0
732_KOR,732,Korea South,Korea South,KOR,South Korea,1982,-5.0,0,5,3.0,3,3.0,,,
732_KOR,732,Korea South,Korea South,KOR,South Korea,1983,-5.0,0,5,3.0,3,3.0,,,
732_KOR,732,Korea South,Korea South,KOR,South Korea,1984,-5.0,0,5,3.0,3,3.0,,,
732_KOR,732,Korea South,Korea South,KOR,South Korea,1985,-5.0,0,5,3.0,3,3.0,,,
732_KOR,732,Korea South,Korea South,KOR,South Korea,1986,-5.0,0,5,3.0,3,3.0,,,
732_KOR,732,Korea South,Korea South,KOR,South Korea,1987,1.0,-88,-88,-88.0,-88,-88.0,,,3.0
732_KOR,732,Korea South,Korea South,KOR,South Korea,1988,6.0,7,1,7.0,6,8.0,1.0,,3.0
732_KOR,732,Korea South,Korea South,KOR,South Korea,1989,6.0,7,1,7.0,6,8.0,,,
732_KOR,732,Korea South,Korea South,KOR,South Korea,1990,6.0,7,1,7.0,6,8.0,,,
732_KOR,732,Korea South,Korea South,KOR,South Korea,1991,6.0,7,1,7.0,6,8.0,,,
732_KOR,732,Korea South,Korea South,KOR,South Korea,1992,6.0,7,1,7.0,6,8.0,,,
732_KOR,732,Korea South,Korea South,KOR,South Korea,1993,6.0,7,1,7.0,6,8.0,,,
732_KOR,732,Korea South,Korea South,KOR,South Korea,1994,6.0,7,1,7.0,6,8.0,,,
732_KOR,732,Korea South,Korea South,KOR,South Korea,1995,6.0,7,1,7.0,6,8.0,,,
732_KOR,732,Korea South,Korea South,KOR,South Korea,1996,6.0,7,1,7.0,6,8.0,,,
732_KOR,732,Korea South,Korea South,KOR,South Korea,1997,6.0,7,1,7.0,6,8.0,,,
732_KOR,732,Korea South,Korea South,KOR,South Korea,1998,8.0,8,0,8.0,6,9.0,1.0,,0.0
732_KOR,732,Korea South,Korea South,KOR,South Korea,1999,8.0,8,0,8.0,6,9.0,,,
732_KOR,732,Korea South,Korea South,KOR,South Korea,2000,8.0,8,0,8.0,6,9.0,,,
732_KOR,732,Korea South,Korea South,KOR,South Korea,2001,8.0,8,0,8.0,6,9.0,,,
732_KOR,732,Korea South,Korea South,KOR,South Korea,2002,8.0,8,0,8.0,6,9.0,,,
732_KOR,732,Korea South,Korea South,KOR,South Korea,2003,8.0,8,0,8.0,6,9.0,,,
732_KOR,732,Korea South,Korea South,KOR,South Korea,2004,8.0,8,0,8.0,6,9.0,,,
732_KOR,732,Korea South,Korea South,KOR,South Korea,2005,8.0,8,0,8.0,6,9.0,,,
732_KOR,732,Korea South,Korea South,KOR,South Korea,2006,8.0,8,0,8.0,6,9.0,,,
732_KOR,732,Korea South,Korea South,KOR,South Korea,2007,8.0,8,0,8.0,6,9.0,,,
732_KOR,732,Korea South,Korea South,KOR,South Korea,2008,8.0,8,0,8.0,6,9.0,,,
732_KOR,732,Korea South,Korea South,KOR,South Korea,2009,8.0,8,0,8.0,6,9.0,,,
732_KOR,732,Korea South,Korea South,KOR,South Korea,2010,8.0,8,0,8.0,6,9.0,,,
732_KOR,732,Korea South,Korea South,KOR,South Korea,2011,8.0,8,0,8.0,6,9.0,,,
732_KOR,732,Korea South,Korea South,KOR,South Korea,2012,8.0,8,0,8.0,6,9.0,,,
732_KOR,732,Korea South,Korea South,KOR,South Korea,2013,8.0,8,0,8.0,6,9.0,,,
732_KOR,732,Korea South,Korea South,KOR,South Korea,2014,8.0,8,0,8.0,6,9.0,,,
732_KOR,732,Korea South,Korea South,KOR,South Korea,2015,8.0,8,0,8.0,6,9.0,,,
732_KOR,732,Korea South,Korea South,KOR,South Korea,2016,8.0,8,0,8.0,6,9.0,,,
732_KOR,732,Korea South,Korea South,KOR,South Korea,2017,8.0,8,0,8.0,6,9.0,,,
732_KOR,732,Korea South,Korea South,KOR,South Korea,2018,8.0,8,0,8.0,6,9.0,,,
740_JPN,740,Japan,Japan,JPN,Japan,1971,10.0,10,0,8.0,7,10.0,,,
740_JPN,740,Japan,Japan,JPN,Japan,1972,10.0,10,0,8.0,7,10.0,,,
740_JPN,740,Japan,Japan,JPN,Japan,1973,10.0,10,0,8.0,7,10.0,,,
740_JPN,740,Japan,Japan,JPN,Japan,1974,10.0,10,0,8.0,7,10.0,,,
740_JPN,740,Japan,Japan,JPN,Japan,1975,10.0,10,0,8.0,7,10.0,,,
740_JPN,740,Japan,Japan,JPN,Japan,1976,10.0,10,0,8.0,7,10.0,,,
740_JPN,740,Japan,Japan,JPN,Japan,1977,10.0,10,0,8.0,7,10.0,,,
740_JPN,740,Japan,Japan,JPN,Japan,1978,10.0,10,0,8.0,7,10.0,,,
740_JPN,740,Japan,Japan,JPN,Japan,1979,10.0,10,0,8.0,7,10.0,,,
740_JPN,740,Japan,Japan,JPN,Japan,1980,10.0,10,0,8.0,7,10.0,,,
740_JPN,740,Japan,Japan,JPN,Japan,1981,10.0,10,0,8.0,7,10.0,,,
740_JPN,740,Japan,Japan,JPN,Japan,1982,10.0,10,0,8.0,7,10.0,,,
740_JPN,740,Japan,Japan,JPN,Japan,1983,10.0,10,0,8.0,7,10.0,,,
740_JPN,740,Japan,Japan,JPN,Japan,1984,10.0,10,0,8.0,7,10.0,,,
740_JPN,740,Japan,Japan,JPN,Japan,1985,10.0,10,0,8.0,7,10.0,,,
740_JPN,740,Japan,Japan,JPN,Japan,1986,10.0,10,0,8.0,7,10.0,,,
740_JPN,740,Japan,Japan,JPN,Japan,1987,10.0,10,0,8.0,7,10.0,,,
740_JPN,740,Japan,Japan,JPN,Japan,1988,10.0,10,0,8.0,7,10.0,,,
740_JPN,740,Japan,Japan,JPN,Japan,1989,10.0,10,0,8.0,7,10.0,,,
740_JPN,740,Japan,Japan,JPN,Japan,1990,10.0,10,0,8.0,7,10.0,,,
740_JPN,740,Japan,Japan,JPN,Japan,1991,10.0,10,0,8.0,7,10.0,,,
740_JPN,740,Japan,Japan,JPN,Japan,1992,10.0,10,0,8.0,7,10.0,,,
740_JPN,740,Japan,Japan,JPN,Japan,1993,10.0,10,0,8.0,7,10.0,,,
740_JPN,740,Japan,Japan,JPN,Japan,1994,10.0,10,0,8.0,7,10.0,,,
740_JPN,740,Japan,Japan,JPN,Japan,1995,10.0,10,0,8.0,7,10.0,,,
740_JPN,740,Japan,Japan,JPN,Japan,1996,10.0,10,0,8.0,7,10.0,,,
740_JPN,740,Japan,Japan,JPN,Japan,1997,10.0,10,0,8.0,7,10.0,,,
740_JPN,740,Japan,Japan,JPN,Japan,1998,10.0,10,0,8.0,7,10.0,,,
740_JPN,740,Japan,Japan,JPN,Japan,1999,10.0,10,0,8.0,7,10.0,,,
740_JPN,740,Japan,Japan,JPN,Japan,2000,10.0,10,0,8.0,7,10.0,,,
740_JPN,740,Japan,Japan,JPN,Japan,2001,10.0,10,0,8.0,7,10.0,,,
740_JPN,740,Japan,Japan,JPN,Japan,2002,10.0,10,0,8.0,7,10.0,,,
740_JPN,740,Japan,Japan,JPN,Japan,2003,10.0,10,0,8.0,7,10.0,,,
740_JPN,740,Japan,Japan,JPN,Japan,2004,10.0,10,0,8.0,7,10.0,,,
740_JPN,740,Japan,Japan,JPN,Japan,2005,10.0,10,0,8.0,7,10.0,,,
740_JPN,740,Japan,Japan,JPN,Japan,2006,10.0,10,0,8.0,7,10.0,,,
740_JPN,740,Japan,Japan,JPN,Japan,2007,10.0,10,0,8.0,7,10.0,,,
740_JPN,740,Japan,Japan,JPN,Japan,2008,10.0,10,0,8.0,7,10.0,,,
740_JPN,740,Japan,Japan,JPN,Japan,2009,10.0,10,0,8.0,7,10.0,,,
740_JPN,740,Japan,Japan,JPN,Japan,2010,10.0,10,0,8.0,7,10.0,,,
740_JPN,740,Japan,Japan,JPN,Japan,2011,10.0,10,0,8.0,7,10.0,,,
740_JPN,740,Japan,Japan,JPN,Japan,2012,10.0,10,0,8.0,7,10.0,,,
740_JPN,740,Japan,Japan,JPN,Japan,2013,10.0,10,0,8.0,7,10.0,,,
740_JPN,740,Japan,Japan,JPN,Japan,2014,10.0,10,0,8.0,7,10.0,,,
740_JPN,740,Japan,Japan,JPN,Japan,2015,10.0,10,0,8.0,7,10.0,,,
740_JPN,740,Japan,Japan,JPN,Japan,2016,10.0,10,0,8.0,7,10.0,,,
740_JPN,740,Japan,Japan,JPN,Japan,2017,10.0,10,0,8.0,7,10.0,,,
740_JPN,740,Japan,Japan,JPN,Japan,2018,10.0,10,0,8.0,7,10.0,,,
750_IND,750,India,India,IND,India,1971,8.0,9,1,8.0,7,8.0,,,
750_IND,750,India,India,IND,India,1972,8.0,9,1,8.0,7,8.0,,,
750_IND,750,India,India,IND,India,1973,8.0,9,1,8.0,7,8.0,,,
750_IND,750,India,India,IND,India,1974,8.0,9,1,8.0,7,8.0,,,
750_IND,750,India,India,IND,India,1975,6.0,6,0,8.0,5,7.0,1.0,,0.0
750_IND,750,India,India,IND,India,1976,6.0,6,0,8.0,5,7.0,,,
750_IND,750,India,India,IND,India,1977,8.0,8,0,8.0,7,7.0,1.0,,0.0
750_IND,750,India,India,IND,India,1978,8.0,8,0,8.0,7,7.0,,,
750_IND,750,India,India,IND,India,1979,8.0,8,0,8.0,7,7.0,,,
750_IND,750,India,India,IND,India,1980,8.0,8,0,8.0,7,7.0,,,
750_IND,750,India,India,IND,India,1981,8.0,8,0,8.0,7,7.0,,,
750_IND,750,India,India,IND,India,1982,8.0,8,0,8.0,7,7.0,,,
750_IND,750,India,India,IND,India,1983,8.0,8,0,8.0,7,7.0,,,
750_IND,750,India,India,IND,India,1984,8.0,8,0,8.0,7,7.0,,,
750_IND,750,India,India,IND,India,1985,8.0,8,0,8.0,7,7.0,,,
750_IND,750,India,India,IND,India,1986,8.0,8,0,8.0,7,7.0,,,
750_IND,750,India,India,IND,India,1987,8.0,8,0,8.0,7,7.0,,,
750_IND,750,India,India,IND,India,1988,8.0,8,0,8.0,7,7.0,,,
750_IND,750,India,India,IND,India,1989,8.0,8,0,8.0,7,7.0,,,
750_IND,750,India,India,IND,India,1990,8.0,8,0,8.0,7,7.0,,,
750_IND,750,India,India,IND,India,1991,8.0,8,0,8.0,7,7.0,,,
750_IND,750,India,India,IND,India,1992,8.0,8,0,8.0,7,7.0,,,
750_IND,750,India,India,IND,India,1993,8.0,8,0,8.0,7,7.0,,,
750_IND,750,India,India,IND,India,1994,8.0,8,0,8.0,7,7.0,,,
750_IND,750,India,India,IND,India,1995,8.0,8,0,8.0,7,7.0,,,
750_IND,750,India,India,IND,India,1996,8.0,8,0,8.0,7,7.0,,,
750_IND,750,India,India,IND,India,1997,8.0,8,0,8.0,7,7.0,,,
750_IND,750,India,India,IND,India,1998,9.0,9,0,8.0,7,9.0,1.0,,0.0
750_IND,750,India,India,IND,India,1999,9.0,9,0,8.0,7,9.0,,,
750_IND,750,India,India,IND,India,2000,9.0,9,0,8.0,7,9.0,,,
750_IND,750,India,India,IND,India,2001,9.0,9,0,8.0,7,9.0,,,
750_IND,750,India,India,IND,India,2002,9.0,9,0,8.0,7,9.0,,,
750_IND,750,India,India,IND,India,2003,9.0,9,0,8.0,7,9.0,,,
750_IND,750,India,India,IND,India,2004,9.0,9,0,8.0,7,9.0,,,
750_IND,750,India,India,IND,India,2005,9.0,9,0,8.0,7,9.0,,,
750_IND,750,India,India,IND,India,2006,9.0,9,0,8.0,7,9.0,,,
750_IND,750,India,India,IND,India,2007,9.0,9,0,8.0,7,9.0,,,
750_IND,750,India,India,IND,India,2008,9.0,9,0,8.0,7,9.0,,,
750_IND,750,India,India,IND,India,2009,9.0,9,0,8.0,7,9.0,,,
750_IND,750,India,India,IND,India,2010,9.0,9,0,8.0,7,9.0,,,
750_IND,750,India,India,IND,India,2011,9.0,9,0,8.0,7,9.0,,,
750_IND,750,India,India,IND,India,2012,9.0,9,0,8.0,7,9.0,,,
750_IND,750,India,India,IND,India,2013,9.0,9,0,8.0,7,9.0,,,
750_IND,750,India,India,IND,India,2014,9.0,9,0,8.0,7,9.0,,,
750_IND,750,India,India,IND,India,2015,9.0,9,0,8.0,7,9.0,,,
750_IND,750,India,India,IND,India,2016,9.0,9,0,8.0,7,9.0,,,
750_IND,750,India,India,IND,India,2017,9.0,9,0,8.0,7,9.0,,,
750_IND,750,India,India,IND,India,2018,9.0,9,0,8.0,7,9.0,,,
760_BTN,760,Bhutan,Bhutan,BTN,Bhutan,1971,-10.0,0,10,1.0,1,1.0,,,
760_BTN,760,Bhutan,Bhutan,BTN,Bhutan,1972,-10.0,0,10,1.0,1,1.0,,,
760_BTN,760,Bhutan,Bhutan,BTN,Bhutan,1973,-10.0,0,10,1.0,1,1.0,,,
760_BTN,760,Bhutan,Bhutan,BTN,Bhutan,1974,-10.0,0,10,1.0,1,1.0,,,
760_BTN,760,Bhutan,Bhutan,BTN,Bhutan,1975,-10.0,0,10,1.0,1,1.0,,,
760_BTN,760,Bhutan,Bhutan,BTN,Bhutan,1976,-10.0,0,10,1.0,1,1.0,,,
760_BTN,760,Bhutan,Bhutan,BTN,Bhutan,1977,-10.0,0,10,1.0,1,1.0,,,
760_BTN,760,Bhutan,Bhutan,BTN,Bhutan,1978,-10.0,0,10,1.0,1,1.0,,,
760_BTN,760,Bhutan,Bhutan,BTN,Bhutan,1979,-10.0,0,10,1.0,1,1.0,,,
760_BTN,760,Bhutan,Bhutan,BTN,Bhutan,1980,-10.0,0,10,1.0,1,1.0,,,
760_BTN,760,Bhutan,Bhutan,BTN,Bhutan,1981,-10.0,0,10,1.0,1,1.0,,,
760_BTN,760,Bhutan,Bhutan,BTN,Bhutan,1982,-10.0,0,10,1.0,1,1.0,,,
760_BTN,760,Bhutan,Bhutan,BTN,Bhutan,1983,-10.0,0,10,1.0,1,1.0,,,
760_BTN,760,Bhutan,Bhutan,BTN,Bhutan,1984,-10.0,0,10,1.0,1,1.0,,,
760_BTN,760,Bhutan,Bhutan,BTN,Bhutan,1985,-10.0,0,10,1.0,1,1.0,,,
760_BTN,760,Bhutan,Bhutan,BTN,Bhutan,1986,-10.0,0,10,1.0,1,1.0,,,
760_BTN,760,Bhutan,Bhutan,BTN,Bhutan,1987,-10.0,0,10,1.0,1,1.0,,,
760_BTN,760,Bhutan,Bhutan,BTN,Bhutan,1988,-10.0,0,10,1.0,1,1.0,,,
760_BTN,760,Bhutan,Bhutan,BTN,Bhutan,1989,-10.0,0,10,1.0,1,1.0,,,
760_BTN,760,Bhutan,Bhutan,BTN,Bhutan,1990,-10.0,0,10,1.0,1,1.0,,,
760_BTN,760,Bhutan,Bhutan,BTN,Bhutan,1991,-10.0,0,10,1.0,1,1.0,,,
760_BTN,760,Bhutan,Bhutan,BTN,Bhutan,1992,-10.0,0,10,1.0,1,1.0,,,
760_BTN,760,Bhutan,Bhutan,BTN,Bhutan,1993,-10.0,0,10,1.0,1,1.0,,,
760_BTN,760,Bhutan,Bhutan,BTN,Bhutan,1994,-10.0,0,10,1.0,1,1.0,,,
760_BTN,760,Bhutan,Bhutan,BTN,Bhutan,1995,-10.0,0,10,1.0,1,1.0,,,
760_BTN,760,Bhutan,Bhutan,BTN,Bhutan,1996,-10.0,0,10,1.0,1,1.0,,,
760_BTN,760,Bhutan,Bhutan,BTN,Bhutan,1997,-10.0,0,10,1.0,1,1.0,,,
760_BTN,760,Bhutan,Bhutan,BTN,Bhutan,1998,-10.0,0,10,1.0,1,1.0,,,
760_BTN,760,Bhutan,Bhutan,BTN,Bhutan,1999,-10.0,0,10,1.0,1,1.0,,,
760_BTN,760,Bhutan,Bhutan,BTN,Bhutan,2000,-10.0,0,10,1.0,1,1.0,,,
760_BTN,760,Bhutan,Bhutan,BTN,Bhutan,2001,-10.0,0,10,1.0,1,1.0,,,
760_BTN,760,Bhutan,Bhutan,BTN,Bhutan,2002,-10.0,0,10,1.0,1,1.0,,,
760_BTN,760,Bhutan,Bhutan,BTN,Bhutan,2003,-10.0,0,10,1.0,1,1.0,,,
760_BTN,760,Bhutan,Bhutan,BTN,Bhutan,2004,-10.0,0,10,1.0,1,1.0,,,
760_BTN,760,Bhutan,Bhutan,BTN,Bhutan,2005,-5.0,0,5,1.0,2,5.0,1.0,,1.0
760_BTN,760,Bhutan,Bhutan,BTN,Bhutan,2006,-5.0,0,5,1.0,2,5.0,,,
760_BTN,760,Bhutan,Bhutan,BTN,Bhutan,2007,-5.0,0,5,1.0,2,5.0,,,
760_BTN,760,Bhutan,Bhutan,BTN,Bhutan,2008,3.0,3,0,6.0,4,5.0,1.0,,3.0
760_BTN,760,Bhutan,Bhutan,BTN,Bhutan,2009,3.0,3,0,6.0,4,5.0,,,
760_BTN,760,Bhutan,Bhutan,BTN,Bhutan,2010,3.0,3,0,6.0,4,5.0,,,
760_BTN,760,Bhutan,Bhutan,BTN,Bhutan,2011,3.0,3,0,6.0,4,5.0,,,
760_BTN,760,Bhutan,Bhutan,BTN,Bhutan,2012,3.0,3,0,6.0,4,5.0,,,
760_BTN,760,Bhutan,Bhutan,BTN,Bhutan,2013,5.0,6,1,6.0,5,8.0,1.0,,0.0
760_BTN,760,Bhutan,Bhutan,BTN,Bhutan,2014,5.0,6,1,6.0,5,8.0,,,
760_BTN,760,Bhutan,Bhutan,BTN,Bhutan,2015,5.0,6,1,6.0,5,8.0,,,
760_BTN,760,Bhutan,Bhutan,BTN,Bhutan,2016,5.0,6,1,6.0,5,8.0,,,
760_BTN,760,Bhutan,Bhutan,BTN,Bhutan,2017,5.0,6,1,6.0,5,8.0,,,
760_BTN,760,Bhutan,Bhutan,BTN,Bhutan,2018,7.0,7,0,6.0,6,9.0,1.0,,0.0
770_PAK,769,Pakistan,Pakistan,PAK,Pakistan,1971,0.0,-77,-77,-77.0,-77,-77.0,1.0,1.0,96.0
770_PAK,770,Pakistan,Pakistan,PAK,Pakistan,1972,4.0,-88,-88,-88.0,-88,-88.0,1.0,,97.0
770_PAK,770,Pakistan,Pakistan,PAK,Pakistan,1973,8.0,8,0,8.0,7,7.0,1.0,,3.0
770_PAK,770,Pakistan,Pakistan,PAK,Pakistan,1974,8.0,8,0,8.0,7,7.0,,,
770_PAK,770,Pakistan,Pakistan,PAK,Pakistan,1975,8.0,8,0,8.0,7,7.0,,,
770_PAK,770,Pakistan,Pakistan,PAK,Pakistan,1976,8.0,8,0,8.0,7,7.0,,,
770_PAK,770,Pakistan,Pakistan,PAK,Pakistan,1977,-7.0,0,7,4.0,1,1.0,1.0,,-2.0
770_PAK,770,Pakistan,Pakistan,PAK,Pakistan,1978,-7.0,0,7,4.0,1,1.0,,,
770_PAK,770,Pakistan,Pakistan,PAK,Pakistan,1979,-7.0,0,7,4.0,1,1.0,,,
770_PAK,770,Pakistan,Pakistan,PAK,Pakistan,1980,-7.0,0,7,4.0,1,1.0,,,
770_PAK,770,Pakistan,Pakistan,PAK,Pakistan,1981,-7.0,0,7,4.0,1,1.0,,,
770_PAK,770,Pakistan,Pakistan,PAK,Pakistan,1982,-7.0,0,7,4.0,1,1.0,,,
770_PAK,770,Pakistan,Pakistan,PAK,Pakistan,1983,-7.0,0,7,4.0,1,1.0,,,
770_PAK,770,Pakistan,Pakistan,PAK,Pakistan,1984,-7.0,0,7,4.0,1,1.0,,,
770_PAK,770,Pakistan,Pakistan,PAK,Pakistan,1985,-4.0,0,4,5.0,3,2.0,1.0,,1.0
770_PAK,770,Pakistan,Pakistan,PAK,Pakistan,1986,-4.0,0,4,5.0,3,2.0,,,
770_PAK,770,Pakistan,Pakistan,PAK,Pakistan,1987,-4.0,0,4,5.0,3,2.0,,,
770_PAK,770,Pakistan,Pakistan,PAK,Pakistan,1988,8.0,8,0,8.0,7,7.0,1.0,,3.0
770_PAK,770,Pakistan,Pakistan,PAK,Pakistan,1989,8.0,8,0,8.0,7,7.0,,,
770_PAK,770,Pakistan,Pakistan,PAK,Pakistan,1990,8.0,8,0,8.0,7,7.0,,,
770_PAK,770,Pakistan,Pakistan,PAK,Pakistan,1991,8.0,8,0,8.0,7,7.0,,,
770_PAK,770,Pakistan,Pakistan,PAK,Pakistan,1992,8.0,8,0,8.0,7,7.0,,,
770_PAK,770,Pakistan,Pakistan,PAK,Pakistan,1993,8.0,8,0,8.0,7,7.0,,,
770_PAK,770,Pakistan,Pakistan,PAK,Pakistan,1994,8.0,8,0,8.0,7,7.0,,,
770_PAK,770,Pakistan,Pakistan,PAK,Pakistan,1995,8.0,8,0,8.0,7,7.0,,,
770_PAK,770,Pakistan,Pakistan,PAK,Pakistan,1996,8.0,8,0,8.0,7,7.0,,,
770_PAK,770,Pakistan,Pakistan,PAK,Pakistan,1997,7.0,7,0,8.0,6,7.0,1.0,,0.0
770_PAK,770,Pakistan,Pakistan,PAK,Pakistan,1998,7.0,7,0,8.0,6,7.0,,,
770_PAK,770,Pakistan,Pakistan,PAK,Pakistan,1999,-6.0,0,6,4.0,1,2.0,1.0,,-2.0
770_PAK,770,Pakistan,Pakistan,PAK,Pakistan,2000,-6.0,0,6,4.0,1,2.0,,,
770_PAK,770,Pakistan,Pakistan,PAK,Pakistan,2001,-6.0,0,6,4.0,1,2.0,,,
770_PAK,770,Pakistan,Pakistan,PAK,Pakistan,2002,-5.0,0,5,5.0,2,2.0,1.0,,0.0
770_PAK,770,Pakistan,Pakistan,PAK,Pakistan,2003,-5.0,0,5,5.0,2,2.0,,,
770_PAK,770,Pakistan,Pakistan,PAK,Pakistan,2004,-5.0,0,5,5.0,2,2.0,,,
770_PAK,770,Pakistan,Pakistan,PAK,Pakistan,2005,-5.0,0,5,5.0,2,2.0,,,
770_PAK,770,Pakistan,Pakistan,PAK,Pakistan,2006,-5.0,0,5,5.0,2,2.0,,,
770_PAK,770,Pakistan,Pakistan,PAK,Pakistan,2007,2.0,2,0,5.0,4,7.0,,,3.0
770_PAK,770,Pakistan,Pakistan,PAK,Pakistan,2008,5.0,5,0,7.0,5,7.0,,,3.0
770_PAK,770,Pakistan,Pakistan,PAK,Pakistan,2009,5.0,5,0,7.0,5,7.0,,,3.0
770_PAK,770,Pakistan,Pakistan,PAK,Pakistan,2010,6.0,6,0,7.0,6,7.0,1.0,,3.0
770_PAK,770,Pakistan,Pakistan,PAK,Pakistan,2011,6.0,6,0,7.0,6,7.0,,,
770_PAK,770,Pakistan,Pakistan,PAK,Pakistan,2012,6.0,6,0,7.0,6,7.0,,,
770_PAK,770,Pakistan,Pakistan,PAK,Pakistan,2013,7.0,7,0,8.0,6,7.0,1.0,,0.0
770_PAK,770,Pakistan,Pakistan,PAK,Pakistan,2014,7.0,7,0,8.0,6,7.0,,,
770_PAK,770,Pakistan,Pakistan,PAK,Pakistan,2015,7.0,7,0,8.0,6,7.0,,,
770_PAK,770,Pakistan,Pakistan,PAK,Pakistan,2016,7.0,7,0,8.0,6,7.0,,,
770_PAK,770,Pakistan,Pakistan,PAK,Pakistan,2017,7.0,7,0,8.0,6,7.0,,,
770_PAK,770,Pakistan,Pakistan,PAK,Pakistan,2018,7.0,7,0,8.0,6,7.0,,,
771_BGD,771,Bangladesh,Bangladesh,BGD,Bangladesh,1972,8.0,8,0,8.0,7,7.0,1.0,,99.0
771_BGD,771,Bangladesh,Bangladesh,BGD,Bangladesh,1973,8.0,8,0,8.0,7,7.0,,,
771_BGD,771,Bangladesh,Bangladesh,BGD,Bangladesh,1974,-2.0,2,4,7.0,3,2.0,,,-2.0
771_BGD,771,Bangladesh,Bangladesh,BGD,Bangladesh,1975,-7.0,0,7,4.0,1,1.0,1.0,,-2.0
771_BGD,771,Bangladesh,Bangladesh,BGD,Bangladesh,1976,-7.0,0,7,4.0,1,1.0,,,
771_BGD,771,Bangladesh,Bangladesh,BGD,Bangladesh,1977,-7.0,0,7,4.0,1,1.0,,,
771_BGD,771,Bangladesh,Bangladesh,BGD,Bangladesh,1978,-4.0,0,4,5.0,2,3.0,1.0,,1.0
771_BGD,771,Bangladesh,Bangladesh,BGD,Bangladesh,1979,-4.0,0,4,5.0,2,3.0,,,
771_BGD,771,Bangladesh,Bangladesh,BGD,Bangladesh,1980,-4.0,0,4,5.0,2,3.0,,,
771_BGD,771,Bangladesh,Bangladesh,BGD,Bangladesh,1981,-4.0,0,4,5.0,2,3.0,,,
771_BGD,771,Bangladesh,Bangladesh,BGD,Bangladesh,1982,-7.0,0,7,4.0,1,1.0,1.0,,-1.0
771_BGD,771,Bangladesh,Bangladesh,BGD,Bangladesh,1983,-7.0,0,7,4.0,1,1.0,,,
771_BGD,771,Bangladesh,Bangladesh,BGD,Bangladesh,1984,-7.0,0,7,4.0,1,1.0,,,
771_BGD,771,Bangladesh,Bangladesh,BGD,Bangladesh,1985,-7.0,0,7,4.0,1,1.0,,,
771_BGD,771,Bangladesh,Bangladesh,BGD,Bangladesh,1986,-5.0,0,5,5.0,2,2.0,1.0,,0.0
771_BGD,771,Bangladesh,Bangladesh,BGD,Bangladesh,1987,-5.0,0,5,5.0,2,2.0,,,
771_BGD,771,Bangladesh,Bangladesh,BGD,Bangladesh,1988,-5.0,0,5,5.0,2,2.0,,,
771_BGD,771,Bangladesh,Bangladesh,BGD,Bangladesh,1989,-5.0,0,5,5.0,2,2.0,,,
771_BGD,771,Bangladesh,Bangladesh,BGD,Bangladesh,1990,-5.0,0,5,5.0,2,2.0,,,
771_BGD,771,Bangladesh,Bangladesh,BGD,Bangladesh,1991,6.0,6,0,8.0,5,7.0,1.0,,3.0
771_BGD,771,Bangladesh,Bangladesh,BGD,Bangladesh,1992,6.0,6,0,8.0,5,7.0,,,
771_BGD,771,Bangladesh,Bangladesh,BGD,Bangladesh,1993,6.0,6,0,8.0,5,7.0,,,
771_BGD,771,Bangladesh,Bangladesh,BGD,Bangladesh,1994,6.0,6,0,8.0,5,7.0,,,
771_BGD,771,Bangladesh,Bangladesh,BGD,Bangladesh,1995,6.0,6,0,8.0,5,7.0,,,
771_BGD,771,Bangladesh,Bangladesh,BGD,Bangladesh,1996,6.0,6,0,8.0,5,7.0,,,
771_BGD,771,Bangladesh,Bangladesh,BGD,Bangladesh,1997,6.0,6,0,8.0,5,7.0,,,
771_BGD,771,Bangladesh,Bangladesh,BGD,Bangladesh,1998,6.0,6,0,8.0,5,7.0,,,
771_BGD,771,Bangladesh,Bangladesh,BGD,Bangladesh,1999,6.0,6,0,8.0,5,7.0,,,
771_BGD,771,Bangladesh,Bangladesh,BGD,Bangladesh,2000,6.0,6,0,8.0,5,7.0,,,
771_BGD,771,Bangladesh,Bangladesh,BGD,Bangladesh,2001,6.0,6,0,8.0,5,7.0,,,
771_BGD,771,Bangladesh,Bangladesh,BGD,Bangladesh,2002,6.0,6,0,8.0,5,7.0,,,
771_BGD,771,Bangladesh,Bangladesh,BGD,Bangladesh,2003,6.0,6,0,8.0,5,7.0,,,
771_BGD,771,Bangladesh,Bangladesh,BGD,Bangladesh,2004,6.0,6,0,8.0,5,7.0,,,
771_BGD,771,Bangladesh,Bangladesh,BGD,Bangladesh,2005,6.0,6,0,8.0,5,7.0,,,
771_BGD,771,Bangladesh,Bangladesh,BGD,Bangladesh,2006,6.0,6,0,8.0,5,7.0,,,
771_BGD,771,Bangladesh,Bangladesh,BGD,Bangladesh,2007,-6.0,0,6,3.0,2,3.0,1.0,,-2.0
771_BGD,771,Bangladesh,Bangladesh,BGD,Bangladesh,2008,-6.0,0,6,3.0,2,3.0,,,
771_BGD,771,Bangladesh,Bangladesh,BGD,Bangladesh,2009,5.0,6,1,7.0,5,8.0,1.0,,3.0
771_BGD,771,Bangladesh,Bangladesh,BGD,Bangladesh,2010,5.0,6,1,7.0,5,8.0,,,
771_BGD,771,Bangladesh,Bangladesh,BGD,Bangladesh,2011,5.0,6,1,7.0,5,8.0,,,
771_BGD,771,Bangladesh,Bangladesh,BGD,Bangladesh,2012,5.0,6,1,7.0,5,8.0,,,
771_BGD,771,Bangladesh,Bangladesh,BGD,Bangladesh,2013,4.0,5,1,7.0,5,6.0,,,-1.0
771_BGD,771,Bangladesh,Bangladesh,BGD,Bangladesh,2014,1.0,3,2,7.0,3,6.0,1.0,,-1.0
771_BGD,771,Bangladesh,Bangladesh,BGD,Bangladesh,2015,1.0,3,2,7.0,3,6.0,,,
771_BGD,771,Bangladesh,Bangladesh,BGD,Bangladesh,2016,1.0,3,2,7.0,3,6.0,,,
771_BGD,771,Bangladesh,Bangladesh,BGD,Bangladesh,2017,1.0,3,2,7.0,3,6.0,,,
771_BGD,771,Bangladesh,Bangladesh,BGD,Bangladesh,2018,-6.0,0,6,3.0,2,3.0,1.0,,-2.0
775_MMR,775,Myanmar (Burma),Myanmar (Burma),MMR,Myanmar,1971,-7.0,0,7,4.0,1,1.0,,,
775_MMR,775,Myanmar (Burma),Myanmar (Burma),MMR,Myanmar,1972,-7.0,0,7,4.0,1,1.0,,,
775_MMR,775,Myanmar (Burma),Myanmar (Burma),MMR,Myanmar,1973,-7.0,0,7,4.0,1,1.0,,,
775_MMR,775,Myanmar (Burma),Myanmar (Burma),MMR,Myanmar,1974,-9.0,0,9,3.0,1,1.0,1.0,,0.0
775_MMR,775,Myanmar (Burma),Myanmar (Burma),MMR,Myanmar,1975,-9.0,0,9,3.0,1,1.0,,,
775_MMR,775,Myanmar (Burma),Myanmar (Burma),MMR,Myanmar,1976,-9.0,0,9,3.0,1,1.0,,,
775_MMR,775,Myanmar (Burma),Myanmar (Burma),MMR,Myanmar,1977,-9.0,0,9,3.0,1,1.0,,,
775_MMR,775,Myanmar (Burma),Myanmar (Burma),MMR,Myanmar,1978,-9.0,0,9,3.0,1,1.0,,,
775_MMR,775,Myanmar (Burma),Myanmar (Burma),MMR,Myanmar,1979,-9.0,0,9,3.0,1,1.0,,,
775_MMR,775,Myanmar (Burma),Myanmar (Burma),MMR,Myanmar,1980,-9.0,0,9,3.0,1,1.0,,,
775_MMR,775,Myanmar (Burma),Myanmar (Burma),MMR,Myanmar,1981,-9.0,0,9,3.0,1,1.0,,,
775_MMR,775,Myanmar (Burma),Myanmar (Burma),MMR,Myanmar,1982,-9.0,0,9,3.0,1,1.0,,,
775_MMR,775,Myanmar (Burma),Myanmar (Burma),MMR,Myanmar,1983,-9.0,0,9,3.0,1,1.0,,,
775_MMR,775,Myanmar (Burma),Myanmar (Burma),MMR,Myanmar,1984,-9.0,0,9,3.0,1,1.0,,,
775_MMR,775,Myanmar (Burma),Myanmar (Burma),MMR,Myanmar,1985,-9.0,0,9,3.0,1,1.0,,,
775_MMR,775,Myanmar (Burma),Myanmar (Burma),MMR,Myanmar,1986,-9.0,0,9,3.0,1,1.0,,,
775_MMR,775,Myanmar (Burma),Myanmar (Burma),MMR,Myanmar,1987,-9.0,0,9,3.0,1,1.0,,,
775_MMR,775,Myanmar (Burma),Myanmar (Burma),MMR,Myanmar,1988,-4.0,0,4,5.0,2,3.0,1.0,,1.0
775_MMR,775,Myanmar (Burma),Myanmar (Burma),MMR,Myanmar,1989,-4.0,0,4,5.0,2,3.0,,,
775_MMR,775,Myanmar (Burma),Myanmar (Burma),MMR,Myanmar,1990,-5.0,0,5,4.0,2,2.0,1.0,,0.0
775_MMR,775,Myanmar (Burma),Myanmar (Burma),MMR,Myanmar,1991,-5.0,0,5,4.0,2,2.0,,,
775_MMR,775,Myanmar (Burma),Myanmar (Burma),MMR,Myanmar,1992,-5.0,0,5,4.0,2,2.0,,,
775_MMR,775,Myanmar (Burma),Myanmar (Burma),MMR,Myanmar,1993,-5.0,0,5,4.0,2,2.0,,,
775_MMR,775,Myanmar (Burma),Myanmar (Burma),MMR,Myanmar,1994,-5.0,0,5,4.0,2,2.0,,,
775_MMR,775,Myanmar (Burma),Myanmar (Burma),MMR,Myanmar,1995,-5.0,0,5,4.0,2,2.0,,,
775_MMR,775,Myanmar (Burma),Myanmar (Burma),MMR,Myanmar,1996,-5.0,0,5,4.0,2,2.0,,,
775_MMR,775,Myanmar (Burma),Myanmar (Burma),MMR,Myanmar,1997,-5.0,0,5,4.0,2,2.0,,,
775_MMR,775,Myanmar (Burma),Myanmar (Burma),MMR,Myanmar,1998,-5.0,0,5,4.0,2,2.0,,,
775_MMR,775,Myanmar (Burma),Myanmar (Burma),MMR,Myanmar,1999,-5.0,0,5,4.0,2,2.0,,,
775_MMR,775,Myanmar (Burma),Myanmar (Burma),MMR,Myanmar,2000,-5.0,0,5,4.0,2,2.0,,,
775_MMR,775,Myanmar (Burma),Myanmar (Burma),MMR,Myanmar,2001,-5.0,0,5,4.0,2,2.0,,,
775_MMR,775,Myanmar (Burma),Myanmar (Burma),MMR,Myanmar,2002,-5.0,0,5,4.0,2,2.0,,,
775_MMR,775,Myanmar (Burma),Myanmar (Burma),MMR,Myanmar,2003,-5.0,0,5,4.0,2,2.0,,,
775_MMR,775,Myanmar (Burma),Myanmar (Burma),MMR,Myanmar,2004,-6.0,0,6,4.0,1,2.0,1.0,,0.0
775_MMR,775,Myanmar (Burma),Myanmar (Burma),MMR,Myanmar,2005,-6.0,0,6,4.0,1,2.0,,,
775_MMR,775,Myanmar (Burma),Myanmar (Burma),MMR,Myanmar,2006,-6.0,0,6,4.0,1,2.0,,,
775_MMR,775,Myanmar (Burma),Myanmar (Burma),MMR,Myanmar,2007,-6.0,0,6,4.0,1,2.0,,,
775_MMR,775,Myanmar (Burma),Myanmar (Burma),MMR,Myanmar,2008,-6.0,0,6,5.0,2,1.0,1.0,,0.0
775_MMR,775,Myanmar (Burma),Myanmar (Burma),MMR,Myanmar,2009,-6.0,0,6,5.0,2,1.0,,,
775_MMR,775,Myanmar (Burma),Myanmar (Burma),MMR,Myanmar,2010,-6.0,0,6,5.0,2,1.0,,,
775_MMR,775,Myanmar (Burma),Myanmar (Burma),MMR,Myanmar,2011,-3.0,0,3,5.0,3,3.0,1.0,,1.0
775_MMR,775,Myanmar (Burma),Myanmar (Burma),MMR,Myanmar,2012,-3.0,0,3,5.0,3,3.0,,,
775_MMR,775,Myanmar (Burma),Myanmar (Burma),MMR,Myanmar,2013,-3.0,0,3,5.0,3,3.0,,,
775_MMR,775,Myanmar (Burma),Myanmar (Burma),MMR,Myanmar,2014,-3.0,0,3,5.0,3,3.0,,,
775_MMR,775,Myanmar (Burma),Myanmar (Burma),MMR,Myanmar,2015,2.0,-88,-88,-88.0,-88,-88.0,,,3.0
775_MMR,775,Myanmar (Burma),Myanmar (Burma),MMR,Myanmar,2016,8.0,8,0,7.0,7,9.0,1.0,,3.0
775_MMR,775,Myanmar (Burma),Myanmar (Burma),MMR,Myanmar,2017,8.0,8,0,7.0,7,9.0,,,
775_MMR,775,Myanmar (Burma),Myanmar (Burma),MMR,Myanmar,2018,8.0,8,0,7.0,7,9.0,,,
780_LKA,780,Sri Lanka,Sri Lanka,LKA,Sri Lanka,1971,8.0,8,0,8.0,7,7.0,,,
780_LKA,780,Sri Lanka,Sri Lanka,LKA,Sri Lanka,1972,8.0,8,0,8.0,7,7.0,,,
780_LKA,780,Sri Lanka,Sri Lanka,LKA,Sri Lanka,1973,8.0,8,0,8.0,7,7.0,,,
780_LKA,780,Sri Lanka,Sri Lanka,LKA,Sri Lanka,1974,8.0,8,0,8.0,7,7.0,,,
780_LKA,780,Sri Lanka,Sri Lanka,LKA,Sri Lanka,1975,8.0,8,0,8.0,7,7.0,,,
780_LKA,780,Sri Lanka,Sri Lanka,LKA,Sri Lanka,1976,8.0,8,0,8.0,7,7.0,,,
780_LKA,780,Sri Lanka,Sri Lanka,LKA,Sri Lanka,1977,8.0,8,0,8.0,7,7.0,,,
780_LKA,780,Sri Lanka,Sri Lanka,LKA,Sri Lanka,1978,6.0,6,0,8.0,5,7.0,1.0,,0.0
780_LKA,780,Sri Lanka,Sri Lanka,LKA,Sri Lanka,1979,6.0,6,0,8.0,5,7.0,,,
780_LKA,780,Sri Lanka,Sri Lanka,LKA,Sri Lanka,1980,6.0,6,0,8.0,5,7.0,,,
780_LKA,780,Sri Lanka,Sri Lanka,LKA,Sri Lanka,1981,6.0,6,0,8.0,5,7.0,,,
780_LKA,780,Sri Lanka,Sri Lanka,LKA,Sri Lanka,1982,5.0,6,1,8.0,5,6.0,1.0,,0.0
780_LKA,780,Sri Lanka,Sri Lanka,LKA,Sri Lanka,1983,5.0,6,1,8.0,5,6.0,,,
780_LKA,780,Sri Lanka,Sri Lanka,LKA,Sri Lanka,1984,5.0,6,1,8.0,5,6.0,,,
780_LKA,780,Sri Lanka,Sri Lanka,LKA,Sri Lanka,1985,5.0,6,1,8.0,5,6.0,,,
780_LKA,780,Sri Lanka,Sri Lanka,LKA,Sri Lanka,1986,5.0,6,1,8.0,5,6.0,,,
780_LKA,780,Sri Lanka,Sri Lanka,LKA,Sri Lanka,1987,5.0,6,1,8.0,5,6.0,,,
780_LKA,780,Sri Lanka,Sri Lanka,LKA,Sri Lanka,1988,5.0,6,1,8.0,5,6.0,,,
780_LKA,780,Sri Lanka,Sri Lanka,LKA,Sri Lanka,1989,5.0,6,1,8.0,5,6.0,,,
780_LKA,780,Sri Lanka,Sri Lanka,LKA,Sri Lanka,1990,5.0,6,1,8.0,5,6.0,,,
780_LKA,780,Sri Lanka,Sri Lanka,LKA,Sri Lanka,1991,5.0,6,1,8.0,5,6.0,,,
780_LKA,780,Sri Lanka,Sri Lanka,LKA,Sri Lanka,1992,5.0,6,1,8.0,5,6.0,,,
780_LKA,780,Sri Lanka,Sri Lanka,LKA,Sri Lanka,1993,5.0,6,1,8.0,5,6.0,,,
780_LKA,780,Sri Lanka,Sri Lanka,LKA,Sri Lanka,1994,5.0,6,1,8.0,5,6.0,,,
780_LKA,780,Sri Lanka,Sri Lanka,LKA,Sri Lanka,1995,5.0,6,1,8.0,5,6.0,,,
780_LKA,780,Sri Lanka,Sri Lanka,LKA,Sri Lanka,1996,5.0,6,1,8.0,5,6.0,,,
780_LKA,780,Sri Lanka,Sri Lanka,LKA,Sri Lanka,1997,5.0,6,1,8.0,5,6.0,,,
780_LKA,780,Sri Lanka,Sri Lanka,LKA,Sri Lanka,1998,5.0,6,1,8.0,5,6.0,,,
780_LKA,780,Sri Lanka,Sri Lanka,LKA,Sri Lanka,1999,5.0,6,1,8.0,5,6.0,,,
780_LKA,780,Sri Lanka,Sri Lanka,LKA,Sri Lanka,2000,5.0,6,1,8.0,5,6.0,,,
780_LKA,780,Sri Lanka,Sri Lanka,LKA,Sri Lanka,2001,6.0,7,1,8.0,6,6.0,1.0,,0.0
780_LKA,780,Sri Lanka,Sri Lanka,LKA,Sri Lanka,2002,6.0,7,1,8.0,6,6.0,,,
780_LKA,780,Sri Lanka,Sri Lanka,LKA,Sri Lanka,2003,5.0,6,1,8.0,5,6.0,1.0,,0.0
780_LKA,780,Sri Lanka,Sri Lanka,LKA,Sri Lanka,2004,5.0,6,1,8.0,5,6.0,,,
780_LKA,780,Sri Lanka,Sri Lanka,LKA,Sri Lanka,2005,5.0,6,1,8.0,5,6.0,,,
780_LKA,780,Sri Lanka,Sri Lanka,LKA,Sri Lanka,2006,6.0,7,1,8.0,5,8.0,1.0,,0.0
780_LKA,780,Sri Lanka,Sri Lanka,LKA,Sri Lanka,2007,6.0,7,1,8.0,5,8.0,,,
780_LKA,780,Sri Lanka,Sri Lanka,LKA,Sri Lanka,2008,6.0,7,1,8.0,5,8.0,,,
780_LKA,780,Sri Lanka,Sri Lanka,LKA,Sri Lanka,2009,5.0,6,1,8.0,5,6.0,,,-1.0
780_LKA,780,Sri Lanka,Sri Lanka,LKA,Sri Lanka,2010,3.0,4,1,7.0,4,6.0,1.0,,-1.0
780_LKA,780,Sri Lanka,Sri Lanka,LKA,Sri Lanka,2011,3.0,4,1,7.0,4,6.0,,,
780_LKA,780,Sri Lanka,Sri Lanka,LKA,Sri Lanka,2012,3.0,4,1,7.0,4,6.0,,,
780_LKA,780,Sri Lanka,Sri Lanka,LKA,Sri Lanka,2013,3.0,4,1,7.0,4,6.0,,,
780_LKA,780,Sri Lanka,Sri Lanka,LKA,Sri Lanka,2014,3.0,4,1,7.0,4,6.0,,,
780_LKA,780,Sri Lanka,Sri Lanka,LKA,Sri Lanka,2015,6.0,7,1,8.0,6,6.0,1.0,,1.0
780_LKA,780,Sri Lanka,Sri Lanka,LKA,Sri Lanka,2016,6.0,7,1,8.0,6,6.0,,,
780_LKA,780,Sri Lanka,Sri Lanka,LKA,Sri Lanka,2017,6.0,7,1,8.0,6,6.0,,,
780_LKA,780,Sri Lanka,Sri Lanka,LKA,Sri Lanka,2018,6.0,7,1,8.0,6,6.0,1.0,,0.0
790_NPL,790,Nepal,Nepal,NPL,Nepal,1971,-9.0,0,9,2.0,2,1.0,,,
790_NPL,790,Nepal,Nepal,NPL,Nepal,1972,-9.0,0,9,2.0,2,1.0,,,
790_NPL,790,Nepal,Nepal,NPL,Nepal,1973,-9.0,0,9,2.0,2,1.0,,,
790_NPL,790,Nepal,Nepal,NPL,Nepal,1974,-9.0,0,9,2.0,2,1.0,,,
790_NPL,790,Nepal,Nepal,NPL,Nepal,1975,-9.0,0,9,2.0,2,1.0,,,
790_NPL,790,Nepal,Nepal,NPL,Nepal,1976,-9.0,0,9,2.0,2,1.0,,,
790_NPL,790,Nepal,Nepal,NPL,Nepal,1977,-9.0,0,9,2.0,2,1.0,,,
790_NPL,790,Nepal,Nepal,NPL,Nepal,1978,-9.0,0,9,2.0,2,1.0,,,
790_NPL,790,Nepal,Nepal,NPL,Nepal,1979,-9.0,0,9,2.0,2,1.0,,,
790_NPL,790,Nepal,Nepal,NPL,Nepal,1980,-9.0,0,9,2.0,2,1.0,,,
790_NPL,790,Nepal,Nepal,NPL,Nepal,1981,-2.0,2,4,6.0,3,2.0,1.0,,1.0
790_NPL,790,Nepal,Nepal,NPL,Nepal,1982,-2.0,2,4,6.0,3,2.0,,,
790_NPL,790,Nepal,Nepal,NPL,Nepal,1983,-2.0,2,4,6.0,3,2.0,,,
790_NPL,790,Nepal,Nepal,NPL,Nepal,1984,-2.0,2,4,6.0,3,2.0,,,
790_NPL,790,Nepal,Nepal,NPL,Nepal,1985,-2.0,2,4,6.0,3,2.0,,,
790_NPL,790,Nepal,Nepal,NPL,Nepal,1986,-2.0,2,4,6.0,3,2.0,,,
790_NPL,790,Nepal,Nepal,NPL,Nepal,1987,-2.0,2,4,6.0,3,2.0,,,
790_NPL,790,Nepal,Nepal,NPL,Nepal,1988,-2.0,2,4,6.0,3,2.0,,,
790_NPL,790,Nepal,Nepal,NPL,Nepal,1989,-2.0,2,4,6.0,3,2.0,,,
790_NPL,790,Nepal,Nepal,NPL,Nepal,1990,5.0,5,0,6.0,6,5.0,1.0,,3.0
790_NPL,790,Nepal,Nepal,NPL,Nepal,1991,5.0,5,0,6.0,6,5.0,,,
790_NPL,790,Nepal,Nepal,NPL,Nepal,1992,5.0,5,0,6.0,6,5.0,,,
790_NPL,790,Nepal,Nepal,NPL,Nepal,1993,5.0,5,0,6.0,6,5.0,,,
790_NPL,790,Nepal,Nepal,NPL,Nepal,1994,5.0,5,0,6.0,6,5.0,,,
790_NPL,790,Nepal,Nepal,NPL,Nepal,1995,5.0,5,0,6.0,6,5.0,,,
790_NPL,790,Nepal,Nepal,NPL,Nepal,1996,5.0,5,0,6.0,6,5.0,,,
790_NPL,790,Nepal,Nepal,NPL,Nepal,1997,5.0,5,0,6.0,6,5.0,,,
790_NPL,790,Nepal,Nepal,NPL,Nepal,1998,5.0,5,0,6.0,6,5.0,,,
790_NPL,790,Nepal,Nepal,NPL,Nepal,1999,6.0,7,1,6.0,6,8.0,1.0,,0.0
790_NPL,790,Nepal,Nepal,NPL,Nepal,2000,6.0,7,1,6.0,6,8.0,,,
790_NPL,790,Nepal,Nepal,NPL,Nepal,2001,6.0,7,1,6.0,6,8.0,,,
790_NPL,790,Nepal,Nepal,NPL,Nepal,2002,-6.0,1,7,2.0,1,6.0,1.0,,-2.0
790_NPL,790,Nepal,Nepal,NPL,Nepal,2003,-6.0,1,7,2.0,1,6.0,,,
790_NPL,790,Nepal,Nepal,NPL,Nepal,2004,-6.0,1,7,2.0,1,6.0,,,
790_NPL,790,Nepal,Nepal,NPL,Nepal,2005,-6.0,1,7,2.0,1,6.0,,,
790_NPL,790,Nepal,Nepal,NPL,Nepal,2006,6.0,7,1,7.0,6,8.0,1.0,,3.0
790_NPL,790,Nepal,Nepal,NPL,Nepal,2007,6.0,7,1,7.0,6,8.0,,,
790_NPL,790,Nepal,Nepal,NPL,Nepal,2008,6.0,7,1,7.0,6,8.0,,,
790_NPL,790,Nepal,Nepal,NPL,Nepal,2009,6.0,6,0,7.0,6,7.0,1.0,,0.0
790_NPL,790,Nepal,Nepal,NPL,Nepal,2010,6.0,6,0,7.0,6,7.0,,,
790_NPL,790,Nepal,Nepal,NPL,Nepal,2011,6.0,6,0,7.0,6,7.0,,,
790_NPL,790,Nepal,Nepal,NPL,Nepal,2012,6.0,6,0,7.0,6,7.0,,,
790_NPL,790,Nepal,Nepal,NPL,Nepal,2013,6.0,6,0,7.0,6,7.0,,,
790_NPL,790,Nepal,Nepal,NPL,Nepal,2014,6.0,6,0,7.0,6,7.0,,,
790_NPL,790,Nepal,Nepal,NPL,Nepal,2015,6.0,6,0,7.0,6,7.0,,,
790_NPL,790,Nepal,Nepal,NPL,Nepal,2016,6.0,6,0,7.0,6,7.0,,,
790_NPL,790,Nepal,Nepal,NPL,Nepal,2017,6.0,6,0,7.0,6,7.0,,,
790_NPL,790,Nepal,Nepal,NPL,Nepal,2018,7.0,8,1,8.0,6,8.0,1.0,,0.0
800_THA,800,Thailand,Thailand,THA,Thailand,1971,-7.0,0,7,4.0,1,1.0,1.0,,-2.0
800_THA,800,Thailand,Thailand,THA,Thailand,1972,-7.0,0,7,4.0,1,1.0,,,
800_THA,800,Thailand,Thailand,THA,Thailand,1973,-2.0,-88,-88,-88.0,-88,-88.0,,,3.0
800_THA,800,Thailand,Thailand,THA,Thailand,1974,3.0,4,1,8.0,3,7.0,1.0,,3.0
800_THA,800,Thailand,Thailand,THA,Thailand,1975,3.0,4,1,8.0,3,7.0,,,
800_THA,800,Thailand,Thailand,THA,Thailand,1976,-7.0,0,7,4.0,1,1.0,1.0,,-2.0
800_THA,800,Thailand,Thailand,THA,Thailand,1977,-2.0,-88,-88,-88.0,-88,-88.0,,,3.0
800_THA,800,Thailand,Thailand,THA,Thailand,1978,2.0,3,1,7.0,3,7.0,1.0,,3.0
800_THA,800,Thailand,Thailand,THA,Thailand,1979,2.0,3,1,7.0,3,7.0,,,
800_THA,800,Thailand,Thailand,THA,Thailand,1980,2.0,3,1,7.0,3,7.0,,,
800_THA,800,Thailand,Thailand,THA,Thailand,1981,2.0,3,1,7.0,3,7.0,,,
800_THA,800,Thailand,Thailand,THA,Thailand,1982,2.0,3,1,7.0,3,7.0,,,
800_THA,800,Thailand,Thailand,THA,Thailand,1983,2.0,3,1,7.0,3,7.0,,,
800_THA,800,Thailand,Thailand,THA,Thailand,1984,2.0,3,1,7.0,3,7.0,,,
800_THA,800,Thailand,Thailand,THA,Thailand,1985,2.0,3,1,7.0,3,7.0,,,
800_THA,800,Thailand,Thailand,THA,Thailand,1986,2.0,3,1,7.0,3,7.0,,,
800_THA,800,Thailand,Thailand,THA,Thailand,1987,2.0,3,1,7.0,3,7.0,,,
800_THA,800,Thailand,Thailand,THA,Thailand,1988,3.0,4,1,8.0,3,7.0,1.0,,0.0
800_THA,800,Thailand,Thailand,THA,Thailand,1989,3.0,4,1,8.0,3,7.0,,,
800_THA,800,Thailand,Thailand,THA,Thailand,1990,3.0,4,1,8.0,3,7.0,,,
800_THA,800,Thailand,Thailand,THA,Thailand,1991,-1.0,1,2,4.0,3,6.0,1.0,,-1.0
800_THA,800,Thailand,Thailand,THA,Thailand,1992,9.0,9,0,8.0,7,9.0,1.0,,3.0
800_THA,800,Thailand,Thailand,THA,Thailand,1993,9.0,9,0,8.0,7,9.0,,,
800_THA,800,Thailand,Thailand,THA,Thailand,1994,9.0,9,0,8.0,7,9.0,,,
800_THA,800,Thailand,Thailand,THA,Thailand,1995,9.0,9,0,8.0,7,9.0,,,
800_THA,800,Thailand,Thailand,THA,Thailand,1996,9.0,9,0,8.0,7,9.0,,,
800_THA,800,Thailand,Thailand,THA,Thailand,1997,9.0,9,0,8.0,7,9.0,,,
800_THA,800,Thailand,Thailand,THA,Thailand,1998,9.0,9,0,8.0,7,9.0,,,
800_THA,800,Thailand,Thailand,THA,Thailand,1999,9.0,9,0,8.0,7,9.0,,,
800_THA,800,Thailand,Thailand,THA,Thailand,2000,9.0,9,0,8.0,7,9.0,,,
800_THA,800,Thailand,Thailand,THA,Thailand,2001,9.0,9,0,8.0,7,9.0,,,
800_THA,800,Thailand,Thailand,THA,Thailand,2002,9.0,9,0,8.0,7,9.0,,,
800_THA,800,Thailand,Thailand,THA,Thailand,2003,9.0,9,0,8.0,7,9.0,,,
800_THA,800,Thailand,Thailand,THA,Thailand,2004,9.0,9,0,8.0,7,9.0,,,
800_THA,800,Thailand,Thailand,THA,Thailand,2005,9.0,9,0,8.0,7,9.0,,,
800_THA,800,Thailand,Thailand,THA,Thailand,2006,-5.0,0,5,3.0,3,3.0,1.0,,-2.0
800_THA,800,Thailand,Thailand,THA,Thailand,2007,-1.0,2,3,3.0,4,6.0,,,3.0
800_THA,800,Thailand,Thailand,THA,Thailand,2008,4.0,5,1,7.0,5,6.0,1.0,,3.0
800_THA,800,Thailand,Thailand,THA,Thailand,2009,4.0,5,1,7.0,5,6.0,,,
800_THA,800,Thailand,Thailand,THA,Thailand,2010,4.0,5,1,7.0,5,6.0,,,
800_THA,800,Thailand,Thailand,THA,Thailand,2011,7.0,7,0,8.0,6,7.0,1.0,,2.0
800_THA,800,Thailand,Thailand,THA,Thailand,2012,7.0,7,0,8.0,6,7.0,,,
800_THA,800,Thailand,Thailand,THA,Thailand,2013,7.0,7,0,8.0,6,7.0,,,
800_THA,800,Thailand,Thailand,THA,Thailand,2014,-3.0,0,3,4.0,3,3.0,1.0,,-2.0
800_THA,800,Thailand,Thailand,THA,Thailand,2015,-3.0,0,3,4.0,3,3.0,,,
800_THA,800,Thailand,Thailand,THA,Thailand,2016,-3.0,0,3,4.0,3,3.0,,,
800_THA,800,Thailand,Thailand,THA,Thailand,2017,-3.0,0,3,4.0,3,3.0,,,
800_THA,800,Thailand,Thailand,THA,Thailand,2018,-3.0,0,3,4.0,3,3.0,,,
811_KHM,811,Cambodia,Cambodia,KHM,Cambodia,1971,-6.0,-88,-88,-88.0,-88,-88.0,,,1.0
811_KHM,811,Cambodia,Cambodia,KHM,Cambodia,1972,-5.0,0,5,5.0,1,3.0,1.0,,1.0
811_KHM,811,Cambodia,Cambodia,KHM,Cambodia,1973,-5.0,0,5,5.0,1,3.0,,,
811_KHM,811,Cambodia,Cambodia,KHM,Cambodia,1974,-5.0,0,5,5.0,1,3.0,,,
811_KHM,811,Cambodia,Cambodia,KHM,Cambodia,1975,0.0,-77,-77,-77.0,-77,-77.0,,1.0,-77.0
811_KHM,811,Cambodia,Cambodia,KHM,Cambodia,1976,-7.0,0,7,5.0,1,1.0,1.0,1.0,0.0
811_KHM,811,Cambodia,Cambodia,KHM,Cambodia,1977,-7.0,0,7,5.0,1,1.0,,,
811_KHM,811,Cambodia,Cambodia,KHM,Cambodia,1978,-7.0,0,7,5.0,1,1.0,,,
811_KHM,811,Cambodia,Cambodia,KHM,Cambodia,1979,,-66,-66,-66.0,-66,-66.0,,,-66.0
811_KHM,811,Cambodia,Cambodia,KHM,Cambodia,1980,,-66,-66,-66.0,-66,-66.0,,,-66.0
811_KHM,811,Cambodia,Cambodia,KHM,Cambodia,1981,,-66,-66,-66.0,-66,-66.0,,,-66.0
811_KHM,811,Cambodia,Cambodia,KHM,Cambodia,1982,,-66,-66,-66.0,-66,-66.0,,,-66.0
811_KHM,811,Cambodia,Cambodia,KHM,Cambodia,1983,,-66,-66,-66.0,-66,-66.0,,,-66.0
811_KHM,811,Cambodia,Cambodia,KHM,Cambodia,1984,,-66,-66,-66.0,-66,-66.0,,,-66.0
811_KHM,811,Cambodia,Cambodia,KHM,Cambodia,1985,,-66,-66,-66.0,-66,-66.0,,,-66.0
811_KHM,811,Cambodia,Cambodia,KHM,Cambodia,1986,,-66,-66,-66.0,-66,-66.0,,,-66.0
811_KHM,811,Cambodia,Cambodia,KHM,Cambodia,1987,,-66,-66,-66.0,-66,-66.0,,,-66.0
811_KHM,811,Cambodia,Cambodia,KHM,Cambodia,1988,,-66,-66,-66.0,-66,-66.0,,,-66.0
811_KHM,811,Cambodia,Cambodia,KHM,Cambodia,1989,-7.0,-88,-88,-88.0,-88,-88.0,,,3.0
811_KHM,811,Cambodia,Cambodia,KHM,Cambodia,1990,-5.0,-88,-88,-88.0,-88,-88.0,,,3.0
811_KHM,811,Cambodia,Cambodia,KHM,Cambodia,1991,-3.0,-88,-88,-88.0,-88,-88.0,,,3.0
811_KHM,811,Cambodia,Cambodia,KHM,Cambodia,1992,-1.0,-88,-88,-88.0,-88,-88.0,,,3.0
811_KHM,811,Cambodia,Cambodia,KHM,Cambodia,1993,1.0,3,2,7.0,3,6.0,1.0,,3.0
811_KHM,811,Cambodia,Cambodia,KHM,Cambodia,1994,1.0,3,2,7.0,3,6.0,,,
811_KHM,811,Cambodia,Cambodia,KHM,Cambodia,1995,1.0,3,2,7.0,3,6.0,,,
811_KHM,811,Cambodia,Cambodia,KHM,Cambodia,1996,1.0,3,2,7.0,3,6.0,,,
811_KHM,811,Cambodia,Cambodia,KHM,Cambodia,1997,-7.0,0,7,4.0,1,1.0,1.0,,-2.0
811_KHM,811,Cambodia,Cambodia,KHM,Cambodia,1998,2.0,3,1,5.0,4,8.0,1.0,,3.0
811_KHM,811,Cambodia,Cambodia,KHM,Cambodia,1999,2.0,3,1,5.0,4,8.0,,,
811_KHM,811,Cambodia,Cambodia,KHM,Cambodia,2000,2.0,3,1,5.0,4,8.0,,,
811_KHM,811,Cambodia,Cambodia,KHM,Cambodia,2001,2.0,3,1,5.0,4,8.0,,,
811_KHM,811,Cambodia,Cambodia,KHM,Cambodia,2002,2.0,3,1,5.0,4,8.0,,,
811_KHM,811,Cambodia,Cambodia,KHM,Cambodia,2003,2.0,3,1,5.0,4,8.0,,,
811_KHM,811,Cambodia,Cambodia,KHM,Cambodia,2004,2.0,3,1,5.0,4,8.0,,,
811_KHM,811,Cambodia,Cambodia,KHM,Cambodia,2005,2.0,3,1,5.0,4,8.0,,,
811_KHM,811,Cambodia,Cambodia,KHM,Cambodia,2006,2.0,3,1,5.0,4,8.0,,,
811_KHM,811,Cambodia,Cambodia,KHM,Cambodia,2007,2.0,3,1,5.0,4,8.0,,,
811_KHM,811,Cambodia,Cambodia,KHM,Cambodia,2008,2.0,3,1,5.0,4,8.0,,,
811_KHM,811,Cambodia,Cambodia,KHM,Cambodia,2009,2.0,3,1,5.0,4,8.0,,,
811_KHM,811,Cambodia,Cambodia,KHM,Cambodia,2010,2.0,3,1,5.0,4,8.0,,,
811_KHM,811,Cambodia,Cambodia,KHM,Cambodia,2011,2.0,3,1,5.0,4,8.0,,,
811_KHM,811,Cambodia,Cambodia,KHM,Cambodia,2012,2.0,3,1,5.0,4,8.0,,,
811_KHM,811,Cambodia,Cambodia,KHM,Cambodia,2013,2.0,3,1,5.0,5,6.0,1.0,,0.0
811_KHM,811,Cambodia,Cambodia,KHM,Cambodia,2014,2.0,3,1,5.0,5,6.0,,,
811_KHM,811,Cambodia,Cambodia,KHM,Cambodia,2015,2.0,3,1,5.0,5,6.0,,,
811_KHM,811,Cambodia,Cambodia,KHM,Cambodia,2016,2.0,3,1,5.0,5,6.0,,,
811_KHM,811,Cambodia,Cambodia,KHM,Cambodia,2017,-4.0,0,4,4.0,2,3.0,1.0,,-2.0
811_KHM,811,Cambodia,Cambodia,KHM,Cambodia,2018,-4.0,0,4,4.0,2,3.0,,,
812_LAO,812,Laos,Laos,LAO,Laos,1971,0.0,-77,-77,-77.0,-77,-77.0,,1.0,-77.0
812_LAO,812,Laos,Laos,LAO,Laos,1972,0.0,-77,-77,-77.0,-77,-77.0,,1.0,-77.0
812_LAO,812,Laos,Laos,LAO,Laos,1973,0.0,-77,-77,-77.0,-77,-77.0,,1.0,-77.0
812_LAO,812,Laos,Laos,LAO,Laos,1974,-3.0,-88,-88,-88.0,-88,-88.0,,1.0,-1.0
812_LAO,812,Laos,Laos,LAO,Laos,1975,-7.0,0,7,3.0,3,1.0,1.0,,-1.0
812_LAO,812,Laos,Laos,LAO,Laos,1976,-7.0,0,7,3.0,3,1.0,,,
812_LAO,812,Laos,Laos,LAO,Laos,1977,-7.0,0,7,3.0,3,1.0,,,
812_LAO,812,Laos,Laos,LAO,Laos,1978,-7.0,0,7,3.0,3,1.0,,,
812_LAO,812,Laos,Laos,LAO,Laos,1979,-7.0,0,7,3.0,3,1.0,,,
812_LAO,812,Laos,Laos,LAO,Laos,1980,-7.0,0,7,3.0,3,1.0,,,
812_LAO,812,Laos,Laos,LAO,Laos,1981,-7.0,0,7,3.0,3,1.0,,,
812_LAO,812,Laos,Laos,LAO,Laos,1982,-7.0,0,7,3.0,3,1.0,,,
812_LAO,812,Laos,Laos,LAO,Laos,1983,-7.0,0,7,3.0,3,1.0,,,
812_LAO,812,Laos,Laos,LAO,Laos,1984,-7.0,0,7,3.0,3,1.0,,,
812_LAO,812,Laos,Laos,LAO,Laos,1985,-7.0,0,7,3.0,3,1.0,,,
812_LAO,812,Laos,Laos,LAO,Laos,1986,-7.0,0,7,3.0,3,1.0,,,
812_LAO,812,Laos,Laos,LAO,Laos,1987,-7.0,0,7,3.0,3,1.0,,,
812_LAO,812,Laos,Laos,LAO,Laos,1988,-7.0,0,7,3.0,3,1.0,,,
812_LAO,812,Laos,Laos,LAO,Laos,1989,-7.0,0,7,3.0,3,1.0,,,
812_LAO,812,Laos,Laos,LAO,Laos,1990,-7.0,0,7,3.0,3,1.0,,,
812_LAO,812,Laos,Laos,LAO,Laos,1991,-7.0,0,7,3.0,3,1.0,,,
812_LAO,812,Laos,Laos,LAO,Laos,1992,-7.0,0,7,3.0,3,1.0,,,
812_LAO,812,Laos,Laos,LAO,Laos,1993,-7.0,0,7,3.0,3,1.0,,,
812_LAO,812,Laos,Laos,LAO,Laos,1994,-7.0,0,7,3.0,3,1.0,,,
812_LAO,812,Laos,Laos,LAO,Laos,1995,-7.0,0,7,3.0,3,1.0,,,
812_LAO,812,Laos,Laos,LAO,Laos,1996,-7.0,0,7,3.0,3,1.0,,,
812_LAO,812,Laos,Laos,LAO,Laos,1997,-7.0,0,7,3.0,3,1.0,,,
812_LAO,812,Laos,Laos,LAO,Laos,1998,-7.0,0,7,3.0,3,1.0,,,
812_LAO,812,Laos,Laos,LAO,Laos,1999,-7.0,0,7,3.0,3,1.0,,,
812_LAO,812,Laos,Laos,LAO,Laos,2000,-7.0,0,7,3.0,3,1.0,,,
812_LAO,812,Laos,Laos,LAO,Laos,2001,-7.0,0,7,3.0,3,1.0,,,
812_LAO,812,Laos,Laos,LAO,Laos,2002,-7.0,0,7,3.0,3,1.0,,,
812_LAO,812,Laos,Laos,LAO,Laos,2003,-7.0,0,7,3.0,3,1.0,,,
812_LAO,812,Laos,Laos,LAO,Laos,2004,-7.0,0,7,3.0,3,1.0,,,
812_LAO,812,Laos,Laos,LAO,Laos,2005,-7.0,0,7,3.0,3,1.0,,,
812_LAO,812,Laos,Laos,LAO,Laos,2006,-7.0,0,7,3.0,3,1.0,,,
812_LAO,812,Laos,Laos,LAO,Laos,2007,-7.0,0,7,3.0,3,1.0,,,
812_LAO,812,Laos,Laos,LAO,Laos,2008,-7.0,0,7,3.0,3,1.0,,,
812_LAO,812,Laos,Laos,LAO,Laos,2009,-7.0,0,7,3.0,3,1.0,,,
812_LAO,812,Laos,Laos,LAO,Laos,2010,-7.0,0,7,3.0,3,1.0,,,
812_LAO,812,Laos,Laos,LAO,Laos,2011,-7.0,0,7,3.0,3,1.0,,,
812_LAO,812,Laos,Laos,LAO,Laos,2012,-7.0,0,7,3.0,3,1.0,,,
812_LAO,812,Laos,Laos,LAO,Laos,2013,-7.0,0,7,3.0,3,1.0,,,
812_LAO,812,Laos,Laos,LAO,Laos,2014,-7.0,0,7,3.0,3,1.0,,,
812_LAO,812,Laos,Laos,LAO,Laos,2015,-7.0,0,7,3.0,3,1.0,,,
812_LAO,812,Laos,Laos,LAO,Laos,2016,-7.0,0,7,3.0,3,1.0,,,
812_LAO,812,Laos,Laos,LAO,Laos,2017,-7.0,0,7,3.0,3,1.0,,,
812_LAO,812,Laos,Laos,LAO,Laos,2018,-7.0,0,7,3.0,3,1.0,,,
816_VNM,816,Vietnam North,Vietnam North,VNM,Vietnam,1971,-7.0,0,7,3.0,3,1.0,,,
816_VNM,816,Vietnam North,Vietnam North,VNM,Vietnam,1972,-7.0,0,7,3.0,3,1.0,,,
816_VNM,816,Vietnam North,Vietnam North,VNM,Vietnam,1973,-7.0,0,7,3.0,3,1.0,,,
816_VNM,816,Vietnam North,Vietnam North,VNM,Vietnam,1974,-7.0,0,7,3.0,3,1.0,,,
816_VNM,816,Vietnam North,Vietnam North,VNM,Vietnam,1975,-7.0,0,7,3.0,3,1.0,,,
816_VNM,816,Vietnam North,Vietnam North,VNM,Vietnam,1976,-7.0,0,7,3.0,3,1.0,1.0,,98.0
816_VNM,816,Vietnam North,Vietnam,VNM,Vietnam,1977,-7.0,0,7,3.0,3,1.0,,,
816_VNM,816,Vietnam North,Vietnam,VNM,Vietnam,1978,-7.0,0,7,3.0,3,1.0,,,
816_VNM,816,Vietnam North,Vietnam,VNM,Vietnam,1979,-7.0,0,7,3.0,3,1.0,,,
816_VNM,816,Vietnam North,Vietnam,VNM,Vietnam,1980,-7.0,0,7,3.0,3,1.0,,,
816_VNM,816,Vietnam North,Vietnam,VNM,Vietnam,1981,-7.0,0,7,3.0,3,1.0,,,
816_VNM,816,Vietnam North,Vietnam,VNM,Vietnam,1982,-7.0,0,7,3.0,3,1.0,,,
816_VNM,816,Vietnam North,Vietnam,VNM,Vietnam,1983,-7.0,0,7,3.0,3,1.0,,,
816_VNM,816,Vietnam North,Vietnam,VNM,Vietnam,1984,-7.0,0,7,3.0,3,1.0,,,
816_VNM,816,Vietnam North,Vietnam,VNM,Vietnam,1985,-7.0,0,7,3.0,3,1.0,,,
816_VNM,816,Vietnam North,Vietnam,VNM,Vietnam,1986,-7.0,0,7,3.0,3,1.0,,,
816_VNM,816,Vietnam North,Vietnam,VNM,Vietnam,1987,-7.0,0,7,3.0,3,1.0,,,
816_VNM,816,Vietnam North,Vietnam,VNM,Vietnam,1988,-7.0,0,7,3.0,3,1.0,,,
816_VNM,816,Vietnam North,Vietnam,VNM,Vietnam,1989,-7.0,0,7,3.0,3,1.0,,,
816_VNM,816,Vietnam North,Vietnam,VNM,Vietnam,1990,-7.0,0,7,3.0,3,1.0,,,
816_VNM,816,Vietnam North,Vietnam,VNM,Vietnam,1991,-7.0,0,7,3.0,3,1.0,,,
816_VNM,816,Vietnam North,Vietnam,VNM,Vietnam,1992,-7.0,0,7,3.0,3,1.0,,,
816_VNM,816,Vietnam North,Vietnam,VNM,Vietnam,1993,-7.0,0,7,3.0,3,1.0,,,
816_VNM,816,Vietnam North,Vietnam,VNM,Vietnam,1994,-7.0,0,7,3.0,3,1.0,,,
816_VNM,816,Vietnam North,Vietnam,VNM,Vietnam,1995,-7.0,0,7,3.0,3,1.0,,,
816_VNM,816,Vietnam North,Vietnam,VNM,Vietnam,1996,-7.0,0,7,3.0,3,1.0,,,
816_VNM,816,Vietnam North,Vietnam,VNM,Vietnam,1997,-7.0,0,7,3.0,3,1.0,,,
816_VNM,816,Vietnam North,Vietnam,VNM,Vietnam,1998,-7.0,0,7,3.0,3,1.0,,,
816_VNM,816,Vietnam North,Vietnam,VNM,Vietnam,1999,-7.0,0,7,3.0,3,1.0,,,
816_VNM,816,Vietnam North,Vietnam,VNM,Vietnam,2000,-7.0,0,7,3.0,3,1.0,,,
816_VNM,816,Vietnam North,Vietnam,VNM,Vietnam,2001,-7.0,0,7,3.0,3,1.0,,,
816_VNM,816,Vietnam North,Vietnam,VNM,Vietnam,2002,-7.0,0,7,3.0,3,1.0,,,
816_VNM,816,Vietnam North,Vietnam,VNM,Vietnam,2003,-7.0,0,7,3.0,3,1.0,,,
816_VNM,816,Vietnam North,Vietnam,VNM,Vietnam,2004,-7.0,0,7,3.0,3,1.0,,,
816_VNM,816,Vietnam North,Vietnam,VNM,Vietnam,2005,-7.0,0,7,3.0,3,1.0,,,
816_VNM,816,Vietnam North,Vietnam,VNM,Vietnam,2006,-7.0,0,7,3.0,3,1.0,,,
816_VNM,816,Vietnam North,Vietnam,VNM,Vietnam,2007,-7.0,0,7,3.0,3,1.0,,,
816_VNM,816,Vietnam North,Vietnam,VNM,Vietnam,2008,-7.0,0,7,3.0,3,1.0,,,
816_VNM,816,Vietnam North,Vietnam,VNM,Vietnam,2009,-7.0,0,7,3.0,3,1.0,,,
816_VNM,816,Vietnam North,Vietnam,VNM,Vietnam,2010,-7.0,0,7,3.0,3,1.0,,,
816_VNM,816,Vietnam North,Vietnam,VNM,Vietnam,2011,-7.0,0,7,3.0,3,1.0,,,
816_VNM,816,Vietnam North,Vietnam,VNM,Vietnam,2012,-7.0,0,7,3.0,3,1.0,,,
816_VNM,816,Vietnam North,Vietnam,VNM,Vietnam,2013,-7.0,0,7,3.0,3,1.0,,,
816_VNM,816,Vietnam North,Vietnam,VNM,Vietnam,2014,-7.0,0,7,3.0,3,1.0,,,
816_VNM,816,Vietnam North,Vietnam,VNM,Vietnam,2015,-7.0,0,7,3.0,3,1.0,,,
816_VNM,816,Vietnam North,Vietnam,VNM,Vietnam,2016,-7.0,0,7,3.0,3,1.0,,,
816_VNM,816,Vietnam North,Vietnam,VNM,Vietnam,2017,-7.0,0,7,3.0,3,1.0,,,
816_VNM,816,Vietnam North,Vietnam,VNM,Vietnam,2018,-7.0,0,7,3.0,3,1.0,,,
817_VNM,817,South Vietnam,South Vietnam,VNM,Vietnam,1971,,-66,-66,-66.0,-66,-66.0,,,-66.0
817_VNM,817,South Vietnam,South Vietnam,VNM,Vietnam,1972,,-66,-66,-66.0,-66,-66.0,,,-66.0
817_VNM,817,South Vietnam,South Vietnam,VNM,Vietnam,1973,0.0,-77,-77,-77.0,-77,-77.0,,1.0,-77.0
817_VNM,817,South Vietnam,South Vietnam,VNM,Vietnam,1974,0.0,-77,-77,-77.0,-77,-77.0,,1.0,-77.0
817_VNM,817,South Vietnam,South Vietnam,VNM,Vietnam,1975,0.0,-77,-77,-77.0,-77,-77.0,1.0,1.0,98.0
817_VNM,817,South Vietnam,Vietnam,VNM,Vietnam,1976,-7.0,0,7,3.0,3,1.0,1.0,,97.0
817_VNM,817,South Vietnam,Vietnam,VNM,Vietnam,1977,-7.0,0,7,3.0,3,1.0,,,
817_VNM,817,South Vietnam,Vietnam,VNM,Vietnam,1978,-7.0,0,7,3.0,3,1.0,,,
817_VNM,817,South Vietnam,Vietnam,VNM,Vietnam,1979,-7.0,0,7,3.0,3,1.0,,,
817_VNM,817,South Vietnam,Vietnam,VNM,Vietnam,1980,-7.0,0,7,3.0,3,1.0,,,
817_VNM,817,South Vietnam,Vietnam,VNM,Vietnam,1981,-7.0,0,7,3.0,3,1.0,,,
817_VNM,817,South Vietnam,Vietnam,VNM,Vietnam,1982,-7.0,0,7,3.0,3,1.0,,,
817_VNM,817,South Vietnam,Vietnam,VNM,Vietnam,1983,-7.0,0,7,3.0,3,1.0,,,
817_VNM,817,South Vietnam,Vietnam,VNM,Vietnam,1984,-7.0,0,7,3.0,3,1.0,,,
817_VNM,817,South Vietnam,Vietnam,VNM,Vietnam,1985,-7.0,0,7,3.0,3,1.0,,,
817_VNM,817,South Vietnam,Vietnam,VNM,Vietnam,1986,-7.0,0,7,3.0,3,1.0,,,
817_VNM,817,South Vietnam,Vietnam,VNM,Vietnam,1987,-7.0,0,7,3.0,3,1.0,,,
817_VNM,817,South Vietnam,Vietnam,VNM,Vietnam,1988,-7.0,0,7,3.0,3,1.0,,,
817_VNM,817,South Vietnam,Vietnam,VNM,Vietnam,1989,-7.0,0,7,3.0,3,1.0,,,
817_VNM,817,South Vietnam,Vietnam,VNM,Vietnam,1990,-7.0,0,7,3.0,3,1.0,,,
817_VNM,817,South Vietnam,Vietnam,VNM,Vietnam,1991,-7.0,0,7,3.0,3,1.0,,,
817_VNM,817,South Vietnam,Vietnam,VNM,Vietnam,1992,-7.0,0,7,3.0,3,1.0,,,
817_VNM,817,South Vietnam,Vietnam,VNM,Vietnam,1993,-7.0,0,7,3.0,3,1.0,,,
817_VNM,817,South Vietnam,Vietnam,VNM,Vietnam,1994,-7.0,0,7,3.0,3,1.0,,,
817_VNM,817,South Vietnam,Vietnam,VNM,Vietnam,1995,-7.0,0,7,3.0,3,1.0,,,
817_VNM,817,South Vietnam,Vietnam,VNM,Vietnam,1996,-7.0,0,7,3.0,3,1.0,,,
817_VNM,817,South Vietnam,Vietnam,VNM,Vietnam,1997,-7.0,0,7,3.0,3,1.0,,,
817_VNM,817,South Vietnam,Vietnam,VNM,Vietnam,1998,-7.0,0,7,3.0,3,1.0,,,
817_VNM,817,South Vietnam,Vietnam,VNM,Vietnam,1999,-7.0,0,7,3.0,3,1.0,,,
817_VNM,817,South Vietnam,Vietnam,VNM,Vietnam,2000,-7.0,0,7,3.0,3,1.0,,,
817_VNM,817,South Vietnam,Vietnam,VNM,Vietnam,2001,-7.0,0,7,3.0,3,1.0,,,
817_VNM,817,South Vietnam,Vietnam,VNM,Vietnam,2002,-7.0,0,7,3.0,3,1.0,,,
817_VNM,817,South Vietnam,Vietnam,VNM,Vietnam,2003,-7.0,0,7,3.0,3,1.0,,,
817_VNM,817,South Vietnam,Vietnam,VNM,Vietnam,2004,-7.0,0,7,3.0,3,1.0,,,
817_VNM,817,South Vietnam,Vietnam,VNM,Vietnam,2005,-7.0,0,7,3.0,3,1.0,,,
817_VNM,817,South Vietnam,Vietnam,VNM,Vietnam,2006,-7.0,0,7,3.0,3,1.0,,,
817_VNM,817,South Vietnam,Vietnam,VNM,Vietnam,2007,-7.0,0,7,3.0,3,1.0,,,
817_VNM,817,South Vietnam,Vietnam,VNM,Vietnam,2008,-7.0,0,7,3.0,3,1.0,,,
817_VNM,817,South Vietnam,Vietnam,VNM,Vietnam,2009,-7.0,0,7,3.0,3,1.0,,,
817_VNM,817,South Vietnam,Vietnam,VNM,Vietnam,2010,-7.0,0,7,3.0,3,1.0,,,
817_VNM,817,South Vietnam,Vietnam,VNM,Vietnam,2011,-7.0,0,7,3.0,3,1.0,,,
817_VNM,817,South Vietnam,Vietnam,VNM,Vietnam,2012,-7.0,0,7,3.0,3,1.0,,,
817_VNM,817,South Vietnam,Vietnam,VNM,Vietnam,2013,-7.0,0,7,3.0,3,1.0,,,
817_VNM,817,South Vietnam,Vietnam,VNM,Vietnam,2014,-7.0,0,7,3.0,3,1.0,,,
817_VNM,817,South Vietnam,Vietnam,VNM,Vietnam,2015,-7.0,0,7,3.0,3,1.0,,,
817_VNM,817,South Vietnam,Vietnam,VNM,Vietnam,2016,-7.0,0,7,3.0,3,1.0,,,
817_VNM,817,South Vietnam,Vietnam,VNM,Vietnam,2017,-7.0,0,7,3.0,3,1.0,,,
817_VNM,817,South Vietnam,Vietnam,VNM,Vietnam,2018,-7.0,0,7,3.0,3,1.0,,,
820_MYS,820,Malaysia,Malaysia,MYS,Malaysia,1971,4.0,5,1,7.0,5,6.0,1.0,,1.0
820_MYS,820,Malaysia,Malaysia,MYS,Malaysia,1972,4.0,5,1,7.0,5,6.0,,,
820_MYS,820,Malaysia,Malaysia,MYS,Malaysia,1973,4.0,5,1,7.0,5,6.0,,,
820_MYS,820,Malaysia,Malaysia,MYS,Malaysia,1974,4.0,5,1,7.0,5,6.0,,,
820_MYS,820,Malaysia,Malaysia,MYS,Malaysia,1975,4.0,5,1,7.0,5,6.0,,,
820_MYS,820,Malaysia,Malaysia,MYS,Malaysia,1976,4.0,5,1,7.0,5,6.0,,,
820_MYS,820,Malaysia,Malaysia,MYS,Malaysia,1977,4.0,5,1,7.0,5,6.0,,,
820_MYS,820,Malaysia,Malaysia,MYS,Malaysia,1978,4.0,5,1,7.0,5,6.0,,,
820_MYS,820,Malaysia,Malaysia,MYS,Malaysia,1979,4.0,5,1,7.0,5,6.0,,,
820_MYS,820,Malaysia,Malaysia,MYS,Malaysia,1980,4.0,5,1,7.0,5,6.0,,,
820_MYS,820,Malaysia,Malaysia,MYS,Malaysia,1981,4.0,5,1,7.0,5,6.0,,,
820_MYS,820,Malaysia,Malaysia,MYS,Malaysia,1982,4.0,5,1,7.0,5,6.0,,,
820_MYS,820,Malaysia,Malaysia,MYS,Malaysia,1983,4.0,5,1,7.0,5,6.0,,,
820_MYS,820,Malaysia,Malaysia,MYS,Malaysia,1984,4.0,5,1,7.0,5,6.0,,,
820_MYS,820,Malaysia,Malaysia,MYS,Malaysia,1985,4.0,5,1,7.0,5,6.0,,,
820_MYS,820,Malaysia,Malaysia,MYS,Malaysia,1986,4.0,5,1,7.0,5,6.0,,,
820_MYS,820,Malaysia,Malaysia,MYS,Malaysia,1987,4.0,5,1,7.0,5,6.0,,,
820_MYS,820,Malaysia,Malaysia,MYS,Malaysia,1988,4.0,5,1,7.0,5,6.0,,,
820_MYS,820,Malaysia,Malaysia,MYS,Malaysia,1989,4.0,5,1,7.0,5,6.0,,,
820_MYS,820,Malaysia,Malaysia,MYS,Malaysia,1990,4.0,5,1,7.0,5,6.0,,,
820_MYS,820,Malaysia,Malaysia,MYS,Malaysia,1991,4.0,5,1,7.0,5,6.0,,,
820_MYS,820,Malaysia,Malaysia,MYS,Malaysia,1992,4.0,5,1,7.0,5,6.0,,,
820_MYS,820,Malaysia,Malaysia,MYS,Malaysia,1993,4.0,5,1,7.0,5,6.0,,,
820_MYS,820,Malaysia,Malaysia,MYS,Malaysia,1994,4.0,5,1,7.0,5,6.0,,,
820_MYS,820,Malaysia,Malaysia,MYS,Malaysia,1995,4.0,5,1,7.0,5,6.0,,,
820_MYS,820,Malaysia,Malaysia,MYS,Malaysia,1996,3.0,4,1,7.0,4,6.0,1.0,,0.0
820_MYS,820,Malaysia,Malaysia,MYS,Malaysia,1997,3.0,4,1,7.0,4,6.0,,,
820_MYS,820,Malaysia,Malaysia,MYS,Malaysia,1998,3.0,4,1,7.0,4,6.0,,,
820_MYS,820,Malaysia,Malaysia,MYS,Malaysia,1999,3.0,4,1,7.0,4,6.0,,,
820_MYS,820,Malaysia,Malaysia,MYS,Malaysia,2000,3.0,4,1,7.0,4,6.0,,,
820_MYS,820,Malaysia,Malaysia,MYS,Malaysia,2001,3.0,4,1,7.0,4,6.0,,,
820_MYS,820,Malaysia,Malaysia,MYS,Malaysia,2002,3.0,4,1,7.0,4,6.0,,,
820_MYS,820,Malaysia,Malaysia,MYS,Malaysia,2003,3.0,4,1,7.0,4,6.0,,,
820_MYS,820,Malaysia,Malaysia,MYS,Malaysia,2004,3.0,4,1,7.0,4,6.0,,,
820_MYS,820,Malaysia,Malaysia,MYS,Malaysia,2005,3.0,4,1,7.0,4,6.0,,,
820_MYS,820,Malaysia,Malaysia,MYS,Malaysia,2006,3.0,4,1,7.0,4,6.0,,,
820_MYS,820,Malaysia,Malaysia,MYS,Malaysia,2007,3.0,4,1,7.0,4,6.0,,,
820_MYS,820,Malaysia,Malaysia,MYS,Malaysia,2008,6.0,6,0,8.0,5,7.0,1.0,,1.0
820_MYS,820,Malaysia,Malaysia,MYS,Malaysia,2009,6.0,6,0,8.0,5,7.0,,,
820_MYS,820,Malaysia,Malaysia,MYS,Malaysia,2010,6.0,6,0,8.0,5,7.0,,,
820_MYS,820,Malaysia,Malaysia,MYS,Malaysia,2011,6.0,6,0,8.0,5,7.0,,,
820_MYS,820,Malaysia,Malaysia,MYS,Malaysia,2012,6.0,6,0,8.0,5,7.0,,,
820_MYS,820,Malaysia,Malaysia,MYS,Malaysia,2013,6.0,6,0,8.0,5,7.0,,,
820_MYS,820,Malaysia,Malaysia,MYS,Malaysia,2014,5.0,6,1,8.0,5,6.0,1.0,,0.0
820_MYS,820,Malaysia,Malaysia,MYS,Malaysia,2015,5.0,6,1,8.0,5,6.0,,,
820_MYS,820,Malaysia,Malaysia,MYS,Malaysia,2016,5.0,6,1,8.0,5,6.0,,,
820_MYS,820,Malaysia,Malaysia,MYS,Malaysia,2017,5.0,6,1,8.0,5,6.0,,,
820_MYS,820,Malaysia,Malaysia,MYS,Malaysia,2018,7.0,7,0,8.0,5,9.0,1.0,,0.0
830_SGP,830,Singapore,Singapore,SGP,Singapore,1971,-4.0,0,4,4.0,3,2.0,,,
830_SGP,830,Singapore,Singapore,SGP,Singapore,1972,-4.0,0,4,4.0,3,2.0,,,
830_SGP,830,Singapore,Singapore,SGP,Singapore,1973,-4.0,0,4,4.0,3,2.0,,,
830_SGP,830,Singapore,Singapore,SGP,Singapore,1974,-4.0,0,4,4.0,3,2.0,,,
830_SGP,830,Singapore,Singapore,SGP,Singapore,1975,-4.0,0,4,4.0,3,2.0,,,
830_SGP,830,Singapore,Singapore,SGP,Singapore,1976,-4.0,0,4,4.0,3,2.0,,,
830_SGP,830,Singapore,Singapore,SGP,Singapore,1977,-4.0,0,4,4.0,3,2.0,,,
830_SGP,830,Singapore,Singapore,SGP,Singapore,1978,-4.0,0,4,4.0,3,2.0,,,
830_SGP,830,Singapore,Singapore,SGP,Singapore,1979,-4.0,0,4,4.0,3,2.0,,,
830_SGP,830,Singapore,Singapore,SGP,Singapore,1980,-4.0,0,4,4.0,3,2.0,,,
830_SGP,830,Singapore,Singapore,SGP,Singapore,1981,-4.0,0,4,4.0,3,2.0,,,
830_SGP,830,Singapore,Singapore,SGP,Singapore,1982,-4.0,0,4,4.0,3,2.0,,,
830_SGP,830,Singapore,Singapore,SGP,Singapore,1983,-4.0,0,4,4.0,3,2.0,,,
830_SGP,830,Singapore,Singapore,SGP,Singapore,1984,-4.0,0,4,4.0,3,2.0,,,
830_SGP,830,Singapore,Singapore,SGP,Singapore,1985,-4.0,0,4,4.0,3,2.0,,,
830_SGP,830,Singapore,Singapore,SGP,Singapore,1986,-4.0,0,4,4.0,3,2.0,,,
830_SGP,830,Singapore,Singapore,SGP,Singapore,1987,-4.0,0,4,4.0,3,2.0,,,
830_SGP,830,Singapore,Singapore,SGP,Singapore,1988,-4.0,0,4,4.0,3,2.0,,,
830_SGP,830,Singapore,Singapore,SGP,Singapore,1989,-4.0,0,4,4.0,3,2.0,,,
830_SGP,830,Singapore,Singapore,SGP,Singapore,1990,-4.0,0,4,4.0,3,2.0,,,
830_SGP,830,Singapore,Singapore,SGP,Singapore,1991,-4.0,0,4,4.0,3,2.0,,,
830_SGP,830,Singapore,Singapore,SGP,Singapore,1992,-4.0,0,4,4.0,3,2.0,,,
830_SGP,830,Singapore,Singapore,SGP,Singapore,1993,-4.0,0,4,4.0,3,2.0,,,
830_SGP,830,Singapore,Singapore,SGP,Singapore,1994,-4.0,0,4,4.0,3,2.0,,,
830_SGP,830,Singapore,Singapore,SGP,Singapore,1995,-4.0,0,4,4.0,3,2.0,,,
830_SGP,830,Singapore,Singapore,SGP,Singapore,1996,-4.0,0,4,4.0,3,2.0,,,
830_SGP,830,Singapore,Singapore,SGP,Singapore,1997,-4.0,0,4,4.0,3,2.0,,,
830_SGP,830,Singapore,Singapore,SGP,Singapore,1998,-4.0,0,4,4.0,3,2.0,,,
830_SGP,830,Singapore,Singapore,SGP,Singapore,1999,-4.0,0,4,4.0,3,2.0,,,
830_SGP,830,Singapore,Singapore,SGP,Singapore,2000,-4.0,0,4,4.0,3,2.0,,,
830_SGP,830,Singapore,Singapore,SGP,Singapore,2001,-4.0,0,4,4.0,3,2.0,,,
830_SGP,830,Singapore,Singapore,SGP,Singapore,2002,-4.0,0,4,4.0,3,2.0,,,
830_SGP,830,Singapore,Singapore,SGP,Singapore,2003,-4.0,0,4,4.0,3,2.0,,,
830_SGP,830,Singapore,Singapore,SGP,Singapore,2004,-4.0,0,4,4.0,3,2.0,,,
830_SGP,830,Singapore,Singapore,SGP,Singapore,2005,-2.0,2,4,7.0,3,2.0,,,
830_SGP,830,Singapore,Singapore,SGP,Singapore,2006,-2.0,2,4,7.0,3,2.0,,,
830_SGP,830,Singapore,Singapore,SGP,Singapore,2007,-2.0,2,4,7.0,3,2.0,,,
830_SGP,830,Singapore,Singapore,SGP,Singapore,2008,-2.0,2,4,7.0,3,2.0,,,
830_SGP,830,Singapore,Singapore,SGP,Singapore,2009,-2.0,2,4,7.0,3,2.0,,,
830_SGP,830,Singapore,Singapore,SGP,Singapore,2010,-2.0,2,4,7.0,3,2.0,,,
830_SGP,830,Singapore,Singapore,SGP,Singapore,2011,-2.0,2,4,7.0,3,2.0,,,
830_SGP,830,Singapore,Singapore,SGP,Singapore,2012,-2.0,2,4,7.0,3,2.0,,,
830_SGP,830,Singapore,Singapore,SGP,Singapore,2013,-2.0,2,4,7.0,3,2.0,,,
830_SGP,830,Singapore,Singapore,SGP,Singapore,2014,-2.0,2,4,7.0,3,2.0,,,
830_SGP,830,Singapore,Singapore,SGP,Singapore,2015,-2.0,2,4,7.0,3,2.0,,,
830_SGP,830,Singapore,Singapore,SGP,Singapore,2016,-2.0,2,4,7.0,3,2.0,,,
830_SGP,830,Singapore,Singapore,SGP,Singapore,2017,-2.0,2,4,7.0,3,2.0,,,
830_SGP,830,Singapore,Singapore,SGP,Singapore,2018,-2.0,2,4,7.0,3,2.0,,,
840_PHL,840,Philippines,Philippines,PHL,Philippines,1971,2.0,4,2,8.0,3,6.0,,,-2.0
840_PHL,840,Philippines,Philippines,PHL,Philippines,1972,-9.0,0,9,3.0,1,1.0,1.0,,-2.0
840_PHL,840,Philippines,Philippines,PHL,Philippines,1973,-9.0,0,9,3.0,1,1.0,,,
840_PHL,840,Philippines,Philippines,PHL,Philippines,1974,-9.0,0,9,3.0,1,1.0,,,
840_PHL,840,Philippines,Philippines,PHL,Philippines,1975,-9.0,0,9,3.0,1,1.0,,,
840_PHL,840,Philippines,Philippines,PHL,Philippines,1976,-9.0,0,9,3.0,1,1.0,,,
840_PHL,840,Philippines,Philippines,PHL,Philippines,1977,-9.0,0,9,3.0,1,1.0,,,
840_PHL,840,Philippines,Philippines,PHL,Philippines,1978,-9.0,0,9,3.0,1,1.0,,,
840_PHL,840,Philippines,Philippines,PHL,Philippines,1979,-9.0,0,9,3.0,1,1.0,,,
840_PHL,840,Philippines,Philippines,PHL,Philippines,1980,-9.0,0,9,3.0,1,1.0,,,
840_PHL,840,Philippines,Philippines,PHL,Philippines,1981,-8.0,0,8,3.0,2,1.0,,,1.0
840_PHL,840,Philippines,Philippines,PHL,Philippines,1982,-7.0,0,7,3.0,2,2.0,,,1.0
840_PHL,840,Philippines,Philippines,PHL,Philippines,1983,-6.0,0,6,3.0,2,3.0,1.0,,1.0
840_PHL,840,Philippines,Philippines,PHL,Philippines,1984,-6.0,0,6,3.0,2,3.0,,,
840_PHL,840,Philippines,Philippines,PHL,Philippines,1985,-6.0,0,6,3.0,2,3.0,,,
840_PHL,840,Philippines,Philippines,PHL,Philippines,1986,1.0,-88,-88,-88.0,-88,-88.0,,,3.0
840_PHL,840,Philippines,Philippines,PHL,Philippines,1987,8.0,8,0,8.0,7,7.0,1.0,,3.0
840_PHL,840,Philippines,Philippines,PHL,Philippines,1988,8.0,8,0,8.0,7,7.0,,,
840_PHL,840,Philippines,Philippines,PHL,Philippines,1989,8.0,8,0,8.0,7,7.0,,,
840_PHL,840,Philippines,Philippines,PHL,Philippines,1990,8.0,8,0,8.0,7,7.0,,,
840_PHL,840,Philippines,Philippines,PHL,Philippines,1991,8.0,8,0,8.0,7,7.0,,,
840_PHL,840,Philippines,Philippines,PHL,Philippines,1992,8.0,8,0,8.0,6,9.0,,,
840_PHL,840,Philippines,Philippines,PHL,Philippines,1993,8.0,8,0,8.0,6,9.0,,,
840_PHL,840,Philippines,Philippines,PHL,Philippines,1994,8.0,8,0,8.0,6,9.0,,,
840_PHL,840,Philippines,Philippines,PHL,Philippines,1995,8.0,8,0,8.0,6,9.0,,,
840_PHL,840,Philippines,Philippines,PHL,Philippines,1996,8.0,8,0,8.0,6,9.0,,,
840_PHL,840,Philippines,Philippines,PHL,Philippines,1997,8.0,8,0,8.0,6,9.0,,,
840_PHL,840,Philippines,Philippines,PHL,Philippines,1998,8.0,8,0,8.0,6,9.0,,,
840_PHL,840,Philippines,Philippines,PHL,Philippines,1999,8.0,8,0,8.0,6,9.0,,,
840_PHL,840,Philippines,Philippines,PHL,Philippines,2000,8.0,8,0,8.0,6,9.0,,,
840_PHL,840,Philippines,Philippines,PHL,Philippines,2001,8.0,8,0,8.0,6,9.0,,,
840_PHL,840,Philippines,Philippines,PHL,Philippines,2002,8.0,8,0,8.0,6,9.0,,,
840_PHL,840,Philippines,Philippines,PHL,Philippines,2003,8.0,8,0,8.0,6,9.0,,,
840_PHL,840,Philippines,Philippines,PHL,Philippines,2004,8.0,8,0,8.0,6,9.0,,,
840_PHL,840,Philippines,Philippines,PHL,Philippines,2005,8.0,8,0,8.0,6,9.0,,,
840_PHL,840,Philippines,Philippines,PHL,Philippines,2006,8.0,8,0,8.0,6,9.0,,,
840_PHL,840,Philippines,Philippines,PHL,Philippines,2007,8.0,8,0,8.0,6,9.0,,,
840_PHL,840,Philippines,Philippines,PHL,Philippines,2008,8.0,8,0,8.0,6,9.0,,,
840_PHL,840,Philippines,Philippines,PHL,Philippines,2009,8.0,8,0,8.0,6,9.0,,,
840_PHL,840,Philippines,Philippines,PHL,Philippines,2010,8.0,8,0,8.0,6,9.0,,,
840_PHL,840,Philippines,Philippines,PHL,Philippines,2011,8.0,8,0,8.0,6,9.0,,,
840_PHL,840,Philippines,Philippines,PHL,Philippines,2012,8.0,8,0,8.0,6,9.0,,,
840_PHL,840,Philippines,Philippines,PHL,Philippines,2013,8.0,8,0,8.0,6,9.0,,,
840_PHL,840,Philippines,Philippines,PHL,Philippines,2014,8.0,8,0,8.0,6,9.0,,,
840_PHL,840,Philippines,Philippines,PHL,Philippines,2015,8.0,8,0,8.0,6,9.0,,,
840_PHL,840,Philippines,Philippines,PHL,Philippines,2016,8.0,8,0,8.0,6,9.0,,,
840_PHL,840,Philippines,Philippines,PHL,Philippines,2017,8.0,8,0,8.0,6,9.0,,,
840_PHL,840,Philippines,Philippines,PHL,Philippines,2018,8.0,8,0,8.0,6,9.0,,,
850_IDN,850,Indonesia,Indonesia,IDN,Indonesia,1971,-7.0,0,7,3.0,2,2.0,,,
850_IDN,850,Indonesia,Indonesia,IDN,Indonesia,1972,-7.0,0,7,3.0,2,2.0,,,
850_IDN,850,Indonesia,Indonesia,IDN,Indonesia,1973,-7.0,0,7,3.0,2,2.0,,,
850_IDN,850,Indonesia,Indonesia,IDN,Indonesia,1974,-7.0,0,7,3.0,2,2.0,,,
850_IDN,850,Indonesia,Indonesia,IDN,Indonesia,1975,-7.0,0,7,3.0,2,2.0,,,
850_IDN,850,Indonesia,Indonesia,IDN,Indonesia,1976,-7.0,0,7,3.0,2,2.0,,,
850_IDN,850,Indonesia,Indonesia,IDN,Indonesia,1977,-7.0,0,7,3.0,2,2.0,,,
850_IDN,850,Indonesia,Indonesia,IDN,Indonesia,1978,-7.0,0,7,3.0,2,2.0,,,
850_IDN,850,Indonesia,Indonesia,IDN,Indonesia,1979,-7.0,0,7,3.0,2,2.0,,,
850_IDN,850,Indonesia,Indonesia,IDN,Indonesia,1980,-7.0,0,7,3.0,2,2.0,,,
850_IDN,850,Indonesia,Indonesia,IDN,Indonesia,1981,-7.0,0,7,3.0,2,2.0,,,
850_IDN,850,Indonesia,Indonesia,IDN,Indonesia,1982,-7.0,0,7,3.0,2,2.0,,,
850_IDN,850,Indonesia,Indonesia,IDN,Indonesia,1983,-7.0,0,7,3.0,2,2.0,,,
850_IDN,850,Indonesia,Indonesia,IDN,Indonesia,1984,-7.0,0,7,3.0,2,2.0,,,
850_IDN,850,Indonesia,Indonesia,IDN,Indonesia,1985,-7.0,0,7,3.0,2,2.0,,,
850_IDN,850,Indonesia,Indonesia,IDN,Indonesia,1986,-7.0,0,7,3.0,2,2.0,,,
850_IDN,850,Indonesia,Indonesia,IDN,Indonesia,1987,-7.0,0,7,3.0,2,2.0,,,
850_IDN,850,Indonesia,Indonesia,IDN,Indonesia,1988,-7.0,0,7,3.0,2,2.0,,,
850_IDN,850,Indonesia,Indonesia,IDN,Indonesia,1989,-7.0,0,7,3.0,2,2.0,,,
850_IDN,850,Indonesia,Indonesia,IDN,Indonesia,1990,-7.0,0,7,3.0,2,2.0,,,
850_IDN,850,Indonesia,Indonesia,IDN,Indonesia,1991,-7.0,0,7,3.0,2,2.0,,,
850_IDN,850,Indonesia,Indonesia,IDN,Indonesia,1992,-7.0,0,7,3.0,2,2.0,,,
850_IDN,850,Indonesia,Indonesia,IDN,Indonesia,1993,-7.0,0,7,3.0,2,2.0,,,
850_IDN,850,Indonesia,Indonesia,IDN,Indonesia,1994,-7.0,0,7,3.0,2,2.0,,,
850_IDN,850,Indonesia,Indonesia,IDN,Indonesia,1995,-7.0,0,7,3.0,2,2.0,,,
850_IDN,850,Indonesia,Indonesia,IDN,Indonesia,1996,-7.0,0,7,3.0,2,2.0,,,
850_IDN,850,Indonesia,Indonesia,IDN,Indonesia,1997,-7.0,0,7,3.0,2,2.0,,,
850_IDN,850,Indonesia,Indonesia,IDN,Indonesia,1998,-5.0,0,5,3.0,3,3.0,,,3.0
850_IDN,850,Indonesia,Indonesia,IDN,Indonesia,1999,6.0,7,1,7.0,6,8.0,1.0,,3.0
850_IDN,850,Indonesia,Indonesia,IDN,Indonesia,2000,6.0,7,1,7.0,6,8.0,,,
850_IDN,850,Indonesia,Indonesia,IDN,Indonesia,2001,6.0,7,1,7.0,6,8.0,,,
850_IDN,850,Indonesia,Indonesia,IDN,Indonesia,2002,6.0,7,1,7.0,6,8.0,,,
850_IDN,850,Indonesia,Indonesia,IDN,Indonesia,2003,6.0,7,1,7.0,6,8.0,,,
850_IDN,850,Indonesia,Indonesia,IDN,Indonesia,2004,8.0,8,0,8.0,6,9.0,1.0,,0.0
850_IDN,850,Indonesia,Indonesia,IDN,Indonesia,2005,8.0,8,0,8.0,6,9.0,,,
850_IDN,850,Indonesia,Indonesia,IDN,Indonesia,2006,8.0,8,0,8.0,6,9.0,,,
850_IDN,850,Indonesia,Indonesia,IDN,Indonesia,2007,8.0,8,0,8.0,6,9.0,,,
850_IDN,850,Indonesia,Indonesia,IDN,Indonesia,2008,8.0,8,0,8.0,6,9.0,,,
850_IDN,850,Indonesia,Indonesia,IDN,Indonesia,2009,8.0,8,0,8.0,6,9.0,,,
850_IDN,850,Indonesia,Indonesia,IDN,Indonesia,2010,8.0,8,0,8.0,6,9.0,,,
850_IDN,850,Indonesia,Indonesia,IDN,Indonesia,2011,8.0,8,0,8.0,6,9.0,,,
850_IDN,850,Indonesia,Indonesia,IDN,Indonesia,2012,8.0,8,0,8.0,6,9.0,,,
850_IDN,850,Indonesia,Indonesia,IDN,Indonesia,2013,8.0,8,0,8.0,6,9.0,,,
850_IDN,850,Indonesia,Indonesia,IDN,Indonesia,2014,9.0,9,0,8.0,7,9.0,1.0,,0.0
850_IDN,850,Indonesia,Indonesia,IDN,Indonesia,2015,9.0,9,0,8.0,7,9.0,,,
850_IDN,850,Indonesia,Indonesia,IDN,Indonesia,2016,9.0,9,0,8.0,7,9.0,,,
850_IDN,850,Indonesia,Indonesia,IDN,Indonesia,2017,9.0,9,0,8.0,7,9.0,,,
850_IDN,850,Indonesia,Indonesia,IDN,Indonesia,2018,9.0,9,0,8.0,7,9.0,,,
850_TLS,850,Indonesia,Indonesia,TLS,Timor-Leste,1971,-7.0,0,7,3.0,2,2.0,,,
850_TLS,850,Indonesia,Indonesia,TLS,Timor-Leste,1972,-7.0,0,7,3.0,2,2.0,,,
850_TLS,850,Indonesia,Indonesia,TLS,Timor-Leste,1973,-7.0,0,7,3.0,2,2.0,,,
850_TLS,850,Indonesia,Indonesia,TLS,Timor-Leste,1974,-7.0,0,7,3.0,2,2.0,,,
850_TLS,850,Indonesia,Indonesia,TLS,Timor-Leste,1975,-7.0,0,7,3.0,2,2.0,,,
850_TLS,850,Indonesia,Indonesia,TLS,Timor-Leste,1976,-7.0,0,7,3.0,2,2.0,,,
850_TLS,850,Indonesia,Indonesia,TLS,Timor-Leste,1977,-7.0,0,7,3.0,2,2.0,,,
850_TLS,850,Indonesia,Indonesia,TLS,Timor-Leste,1978,-7.0,0,7,3.0,2,2.0,,,
850_TLS,850,Indonesia,Indonesia,TLS,Timor-Leste,1979,-7.0,0,7,3.0,2,2.0,,,
850_TLS,850,Indonesia,Indonesia,TLS,Timor-Leste,1980,-7.0,0,7,3.0,2,2.0,,,
850_TLS,850,Indonesia,Indonesia,TLS,Timor-Leste,1981,-7.0,0,7,3.0,2,2.0,,,
850_TLS,850,Indonesia,Indonesia,TLS,Timor-Leste,1982,-7.0,0,7,3.0,2,2.0,,,
850_TLS,850,Indonesia,Indonesia,TLS,Timor-Leste,1983,-7.0,0,7,3.0,2,2.0,,,
850_TLS,850,Indonesia,Indonesia,TLS,Timor-Leste,1984,-7.0,0,7,3.0,2,2.0,,,
850_TLS,850,Indonesia,Indonesia,TLS,Timor-Leste,1985,-7.0,0,7,3.0,2,2.0,,,
850_TLS,850,Indonesia,Indonesia,TLS,Timor-Leste,1986,-7.0,0,7,3.0,2,2.0,,,
850_TLS,850,Indonesia,Indonesia,TLS,Timor-Leste,1987,-7.0,0,7,3.0,2,2.0,,,
850_TLS,850,Indonesia,Indonesia,TLS,Timor-Leste,1988,-7.0,0,7,3.0,2,2.0,,,
850_TLS,850,Indonesia,Indonesia,TLS,Timor-Leste,1989,-7.0,0,7,3.0,2,2.0,,,
850_TLS,850,Indonesia,Indonesia,TLS,Timor-Leste,1990,-7.0,0,7,3.0,2,2.0,,,
850_TLS,850,Indonesia,Indonesia,TLS,Timor-Leste,1991,-7.0,0,7,3.0,2,2.0,,,
850_TLS,850,Indonesia,Indonesia,TLS,Timor-Leste,1992,-7.0,0,7,3.0,2,2.0,,,
850_TLS,850,Indonesia,Indonesia,TLS,Timor-Leste,1993,-7.0,0,7,3.0,2,2.0,,,
850_TLS,850,Indonesia,Indonesia,TLS,Timor-Leste,1994,-7.0,0,7,3.0,2,2.0,,,
850_TLS,850,Indonesia,Indonesia,TLS,Timor-Leste,1995,-7.0,0,7,3.0,2,2.0,,,
850_TLS,850,Indonesia,Indonesia,TLS,Timor-Leste,1996,-7.0,0,7,3.0,2,2.0,,,
850_TLS,850,Indonesia,Indonesia,TLS,Timor-Leste,1997,-7.0,0,7,3.0,2,2.0,,,
850_TLS,850,Indonesia,Indonesia,TLS,Timor-Leste,1998,-5.0,0,5,3.0,3,3.0,,,3.0
850_TLS,850,Indonesia,Indonesia,TLS,Timor-Leste,1999,6.0,7,1,7.0,6,8.0,1.0,,3.0
850_TLS,850,Indonesia,Indonesia,TLS,Timor-Leste,2000,6.0,7,1,7.0,6,8.0,,,
850_TLS,850,Indonesia,Indonesia,TLS,Timor-Leste,2001,6.0,7,1,7.0,6,8.0,,,
850_TLS,850,Indonesia,Timor Leste,TLS,Timor-Leste,2002,6.0,6,0,7.0,7,5.0,1.0,,99.0
850_TLS,850,Indonesia,Timor Leste,TLS,Timor-Leste,2003,6.0,6,0,7.0,7,5.0,,,
850_TLS,850,Indonesia,Timor Leste,TLS,Timor-Leste,2004,6.0,6,0,7.0,7,5.0,,,
850_TLS,850,Indonesia,Timor Leste,TLS,Timor-Leste,2005,6.0,6,0,7.0,7,5.0,,,
850_TLS,850,Indonesia,Timor Leste,TLS,Timor-Leste,2006,7.0,7,0,7.0,7,7.0,1.0,,0.0
850_TLS,850,Indonesia,Timor Leste,TLS,Timor-Leste,2007,7.0,7,0,7.0,7,7.0,,,
850_TLS,850,Indonesia,Timor Leste,TLS,Timor-Leste,2008,7.0,7,0,7.0,7,7.0,,,
850_TLS,850,Indonesia,Timor Leste,TLS,Timor-Leste,2009,7.0,7,0,7.0,7,7.0,,,
850_TLS,850,Indonesia,Timor Leste,TLS,Timor-Leste,2010,7.0,7,0,7.0,7,7.0,,,
850_TLS,850,Indonesia,Timor Leste,TLS,Timor-Leste,2011,7.0,7,0,7.0,7,7.0,,,
850_TLS,850,Indonesia,Timor Leste,TLS,Timor-Leste,2012,8.0,9,1,8.0,7,8.0,1.0,,0.0
850_TLS,850,Indonesia,Timor Leste,TLS,Timor-Leste,2013,8.0,9,1,8.0,7,8.0,,,
850_TLS,850,Indonesia,Timor Leste,TLS,Timor-Leste,2014,8.0,9,1,8.0,7,8.0,,,
850_TLS,850,Indonesia,Timor Leste,TLS,Timor-Leste,2015,8.0,9,1,8.0,7,8.0,,,
850_TLS,850,Indonesia,Timor Leste,TLS,Timor-Leste,2016,8.0,9,1,8.0,7,8.0,,,
850_TLS,850,Indonesia,Timor Leste,TLS,Timor-Leste,2017,8.0,9,1,8.0,7,8.0,,,
850_TLS,850,Indonesia,Timor Leste,TLS,Timor-Leste,2018,8.0,9,1,8.0,7,8.0,,,
900_AUS,900,Australia,Australia,AUS,Australia,1971,10.0,10,0,8.0,7,10.0,,,
900_AUS,900,Australia,Australia,AUS,Australia,1972,10.0,10,0,8.0,7,10.0,,,
900_AUS,900,Australia,Australia,AUS,Australia,1973,10.0,10,0,8.0,7,10.0,,,
900_AUS,900,Australia,Australia,AUS,Australia,1974,10.0,10,0,8.0,7,10.0,,,
900_AUS,900,Australia,Australia,AUS,Australia,1975,10.0,10,0,8.0,7,10.0,,,
900_AUS,900,Australia,Australia,AUS,Australia,1976,10.0,10,0,8.0,7,10.0,,,
900_AUS,900,Australia,Australia,AUS,Australia,1977,10.0,10,0,8.0,7,10.0,,,
900_AUS,900,Australia,Australia,AUS,Australia,1978,10.0,10,0,8.0,7,10.0,,,
900_AUS,900,Australia,Australia,AUS,Australia,1979,10.0,10,0,8.0,7,10.0,,,
900_AUS,900,Australia,Australia,AUS,Australia,1980,10.0,10,0,8.0,7,10.0,,,
900_AUS,900,Australia,Australia,AUS,Australia,1981,10.0,10,0,8.0,7,10.0,,,
900_AUS,900,Australia,Australia,AUS,Australia,1982,10.0,10,0,8.0,7,10.0,,,
900_AUS,900,Australia,Australia,AUS,Australia,1983,10.0,10,0,8.0,7,10.0,,,
900_AUS,900,Australia,Australia,AUS,Australia,1984,10.0,10,0,8.0,7,10.0,,,
900_AUS,900,Australia,Australia,AUS,Australia,1985,10.0,10,0,8.0,7,10.0,,,
900_AUS,900,Australia,Australia,AUS,Australia,1986,10.0,10,0,8.0,7,10.0,,,
900_AUS,900,Australia,Australia,AUS,Australia,1987,10.0,10,0,8.0,7,10.0,,,
900_AUS,900,Australia,Australia,AUS,Australia,1988,10.0,10,0,8.0,7,10.0,,,
900_AUS,900,Australia,Australia,AUS,Australia,1989,10.0,10,0,8.0,7,10.0,,,
900_AUS,900,Australia,Australia,AUS,Australia,1990,10.0,10,0,8.0,7,10.0,,,
900_AUS,900,Australia,Australia,AUS,Australia,1991,10.0,10,0,8.0,7,10.0,,,
900_AUS,900,Australia,Australia,AUS,Australia,1992,10.0,10,0,8.0,7,10.0,,,
900_AUS,900,Australia,Australia,AUS,Australia,1993,10.0,10,0,8.0,7,10.0,,,
900_AUS,900,Australia,Australia,AUS,Australia,1994,10.0,10,0,8.0,7,10.0,,,
900_AUS,900,Australia,Australia,AUS,Australia,1995,10.0,10,0,8.0,7,10.0,,,
900_AUS,900,Australia,Australia,AUS,Australia,1996,10.0,10,0,8.0,7,10.0,,,
900_AUS,900,Australia,Australia,AUS,Australia,1997,10.0,10,0,8.0,7,10.0,,,
900_AUS,900,Australia,Australia,AUS,Australia,1998,10.0,10,0,8.0,7,10.0,,,
900_AUS,900,Australia,Australia,AUS,Australia,1999,10.0,10,0,8.0,7,10.0,,,
900_AUS,900,Australia,Australia,AUS,Australia,2000,10.0,10,0,8.0,7,10.0,,,
900_AUS,900,Australia,Australia,AUS,Australia,2001,10.0,10,0,8.0,7,10.0,,,
900_AUS,900,Australia,Australia,AUS,Australia,2002,10.0,10,0,8.0,7,10.0,,,
900_AUS,900,Australia,Australia,AUS,Australia,2003,10.0,10,0,8.0,7,10.0,,,
900_AUS,900,Australia,Australia,AUS,Australia,2004,10.0,10,0,8.0,7,10.0,,,
900_AUS,900,Australia,Australia,AUS,Australia,2005,10.0,10,0,8.0,7,10.0,,,
900_AUS,900,Australia,Australia,AUS,Australia,2006,10.0,10,0,8.0,7,10.0,,,
900_AUS,900,Australia,Australia,AUS,Australia,2007,10.0,10,0,8.0,7,10.0,,,
900_AUS,900,Australia,Australia,AUS,Australia,2008,10.0,10,0,8.0,7,10.0,,,
900_AUS,900,Australia,Australia,AUS,Australia,2009,10.0,10,0,8.0,7,10.0,,,
900_AUS,900,Australia,Australia,AUS,Australia,2010,10.0,10,0,8.0,7,10.0,,,
900_AUS,900,Australia,Australia,AUS,Australia,2011,10.0,10,0,8.0,7,10.0,,,
900_AUS,900,Australia,Australia,AUS,Australia,2012,10.0,10,0,8.0,7,10.0,,,
900_AUS,900,Australia,Australia,AUS,Australia,2013,10.0,10,0,8.0,7,10.0,,,
900_AUS,900,Australia,Australia,AUS,Australia,2014,10.0,10,0,8.0,7,10.0,,,
900_AUS,900,Australia,Australia,AUS,Australia,2015,10.0,10,0,8.0,7,10.0,,,
900_AUS,900,Australia,Australia,AUS,Australia,2016,10.0,10,0,8.0,7,10.0,,,
900_AUS,900,Australia,Australia,AUS,Australia,2017,10.0,10,0,8.0,7,10.0,,,
900_AUS,900,Australia,Australia,AUS,Australia,2018,10.0,10,0,8.0,7,10.0,,,
90_GTM,90,Guatemala,Guatemala,GTM,Guatemala,1971,1.0,3,2,7.0,3,6.0,,,
90_GTM,90,Guatemala,Guatemala,GTM,Guatemala,1972,1.0,3,2,7.0,3,6.0,,,
90_GTM,90,Guatemala,Guatemala,GTM,Guatemala,1973,1.0,3,2,7.0,3,6.0,,,
90_GTM,90,Guatemala,Guatemala,GTM,Guatemala,1974,-3.0,1,4,3.0,3,6.0,1.0,,-1.0
90_GTM,90,Guatemala,Guatemala,GTM,Guatemala,1975,-3.0,1,4,3.0,3,6.0,,,
90_GTM,90,Guatemala,Guatemala,GTM,Guatemala,1976,-3.0,1,4,3.0,3,6.0,,,
90_GTM,90,Guatemala,Guatemala,GTM,Guatemala,1977,-3.0,1,4,3.0,3,6.0,,,
90_GTM,90,Guatemala,Guatemala,GTM,Guatemala,1978,-5.0,0,5,3.0,3,3.0,1.0,,0.0
90_GTM,90,Guatemala,Guatemala,GTM,Guatemala,1979,-5.0,0,5,3.0,3,3.0,,,
90_GTM,90,Guatemala,Guatemala,GTM,Guatemala,1980,-5.0,0,5,3.0,3,3.0,,,
90_GTM,90,Guatemala,Guatemala,GTM,Guatemala,1981,-5.0,0,5,3.0,3,3.0,,,
90_GTM,90,Guatemala,Guatemala,GTM,Guatemala,1982,-7.0,0,7,4.0,1,1.0,1.0,,0.0
90_GTM,90,Guatemala,Guatemala,GTM,Guatemala,1983,-7.0,0,7,4.0,1,1.0,,,
90_GTM,90,Guatemala,Guatemala,GTM,Guatemala,1984,-6.0,0,6,4.0,1,2.0,,,3.0
90_GTM,90,Guatemala,Guatemala,GTM,Guatemala,1985,-1.0,-88,-88,-88.0,-88,-88.0,,,3.0
90_GTM,90,Guatemala,Guatemala,GTM,Guatemala,1986,3.0,4,1,8.0,3,7.0,1.0,,3.0
90_GTM,90,Guatemala,Guatemala,GTM,Guatemala,1987,3.0,4,1,8.0,3,7.0,,,
90_GTM,90,Guatemala,Guatemala,GTM,Guatemala,1988,3.0,4,1,8.0,3,7.0,,,
90_GTM,90,Guatemala,Guatemala,GTM,Guatemala,1989,3.0,4,1,8.0,3,7.0,,,
90_GTM,90,Guatemala,Guatemala,GTM,Guatemala,1990,3.0,4,1,8.0,3,7.0,,,
90_GTM,90,Guatemala,Guatemala,GTM,Guatemala,1991,3.0,4,1,8.0,3,7.0,,,
90_GTM,90,Guatemala,Guatemala,GTM,Guatemala,1992,3.0,4,1,8.0,3,7.0,,,
90_GTM,90,Guatemala,Guatemala,GTM,Guatemala,1993,3.0,4,1,8.0,3,7.0,,,
90_GTM,90,Guatemala,Guatemala,GTM,Guatemala,1994,3.0,4,1,8.0,3,7.0,,,
90_GTM,90,Guatemala,Guatemala,GTM,Guatemala,1995,3.0,4,1,8.0,3,7.0,,,
90_GTM,90,Guatemala,Guatemala,GTM,Guatemala,1996,8.0,8,0,8.0,6,9.0,1.0,,2.0
90_GTM,90,Guatemala,Guatemala,GTM,Guatemala,1997,8.0,8,0,8.0,6,9.0,,,
90_GTM,90,Guatemala,Guatemala,GTM,Guatemala,1998,8.0,8,0,8.0,6,9.0,,,
90_GTM,90,Guatemala,Guatemala,GTM,Guatemala,1999,8.0,8,0,8.0,6,9.0,,,
90_GTM,90,Guatemala,Guatemala,GTM,Guatemala,2000,8.0,8,0,8.0,6,9.0,,,
90_GTM,90,Guatemala,Guatemala,GTM,Guatemala,2001,8.0,8,0,8.0,6,9.0,,,
90_GTM,90,Guatemala,Guatemala,GTM,Guatemala,2002,8.0,8,0,8.0,6,9.0,,,
90_GTM,90,Guatemala,Guatemala,GTM,Guatemala,2003,8.0,8,0,8.0,6,9.0,,,
90_GTM,90,Guatemala,Guatemala,GTM,Guatemala,2004,8.0,8,0,8.0,6,9.0,,,
90_GTM,90,Guatemala,Guatemala,GTM,Guatemala,2005,8.0,8,0,8.0,6,9.0,,,
90_GTM,90,Guatemala,Guatemala,GTM,Guatemala,2006,8.0,8,0,8.0,6,9.0,,,
90_GTM,90,Guatemala,Guatemala,GTM,Guatemala,2007,8.0,8,0,8.0,6,9.0,,,
90_GTM,90,Guatemala,Guatemala,GTM,Guatemala,2008,8.0,8,0,8.0,6,9.0,,,
90_GTM,90,Guatemala,Guatemala,GTM,Guatemala,2009,8.0,8,0,8.0,6,9.0,,,
90_GTM,90,Guatemala,Guatemala,GTM,Guatemala,2010,8.0,8,0,8.0,6,9.0,,,
90_GTM,90,Guatemala,Guatemala,GTM,Guatemala,2011,8.0,8,0,8.0,6,9.0,,,
90_GTM,90,Guatemala,Guatemala,GTM,Guatemala,2012,8.0,8,0,8.0,6,9.0,,,
90_GTM,90,Guatemala,Guatemala,GTM,Guatemala,2013,8.0,8,0,8.0,6,9.0,,,
90_GTM,90,Guatemala,Guatemala,GTM,Guatemala,2014,8.0,8,0,8.0,6,9.0,,,
90_GTM,90,Guatemala,Guatemala,GTM,Guatemala,2015,8.0,9,1,8.0,7,8.0,1.0,,0.0
90_GTM,90,Guatemala,Guatemala,GTM,Guatemala,2016,8.0,9,1,8.0,7,8.0,,,
90_GTM,90,Guatemala,Guatemala,GTM,Guatemala,2017,8.0,9,1,8.0,7,8.0,,,
90_GTM,90,Guatemala,Guatemala,GTM,Guatemala,2018,8.0,9,1,8.0,7,8.0,,,
910_PNG,910,Papua New Guinea,Papua New Guinea,PNG,Papua New Guinea,1975,4.0,4,0,7.0,5,4.0,1.0,,99.0
910_PNG,910,Papua New Guinea,Papua New Guinea,PNG,Papua New Guinea,1976,4.0,4,0,7.0,5,4.0,,,
910_PNG,910,Papua New Guinea,Papua New Guinea,PNG,Papua New Guinea,1977,4.0,4,0,7.0,5,4.0,,,
910_PNG,910,Papua New Guinea,Papua New Guinea,PNG,Papua New Guinea,1978,4.0,4,0,7.0,5,4.0,,,
910_PNG,910,Papua New Guinea,Papua New Guinea,PNG,Papua New Guinea,1979,4.0,4,0,7.0,5,4.0,,,
910_PNG,910,Papua New Guinea,Papua New Guinea,PNG,Papua New Guinea,1980,4.0,4,0,7.0,5,4.0,,,
910_PNG,910,Papua New Guinea,Papua New Guinea,PNG,Papua New Guinea,1981,4.0,4,0,7.0,5,4.0,,,
910_PNG,910,Papua New Guinea,Papua New Guinea,PNG,Papua New Guinea,1982,4.0,4,0,7.0,5,4.0,,,
910_PNG,910,Papua New Guinea,Papua New Guinea,PNG,Papua New Guinea,1983,4.0,4,0,7.0,5,4.0,,,
910_PNG,910,Papua New Guinea,Papua New Guinea,PNG,Papua New Guinea,1984,4.0,4,0,7.0,5,4.0,,,
910_PNG,910,Papua New Guinea,Papua New Guinea,PNG,Papua New Guinea,1985,4.0,4,0,7.0,5,4.0,,,
910_PNG,910,Papua New Guinea,Papua New Guinea,PNG,Papua New Guinea,1986,4.0,4,0,7.0,5,4.0,,,
910_PNG,910,Papua New Guinea,Papua New Guinea,PNG,Papua New Guinea,1987,4.0,4,0,7.0,5,4.0,,,
910_PNG,910,Papua New Guinea,Papua New Guinea,PNG,Papua New Guinea,1988,4.0,4,0,7.0,5,4.0,,,
910_PNG,910,Papua New Guinea,Papua New Guinea,PNG,Papua New Guinea,1989,4.0,4,0,7.0,5,4.0,,,
910_PNG,910,Papua New Guinea,Papua New Guinea,PNG,Papua New Guinea,1990,4.0,4,0,7.0,5,4.0,,,
910_PNG,910,Papua New Guinea,Papua New Guinea,PNG,Papua New Guinea,1991,4.0,4,0,7.0,5,4.0,,,
910_PNG,910,Papua New Guinea,Papua New Guinea,PNG,Papua New Guinea,1992,4.0,4,0,7.0,5,4.0,,,
910_PNG,910,Papua New Guinea,Papua New Guinea,PNG,Papua New Guinea,1993,4.0,4,0,7.0,5,4.0,,,
910_PNG,910,Papua New Guinea,Papua New Guinea,PNG,Papua New Guinea,1994,4.0,4,0,7.0,5,4.0,,,
910_PNG,910,Papua New Guinea,Papua New Guinea,PNG,Papua New Guinea,1995,4.0,4,0,7.0,5,4.0,,,
910_PNG,910,Papua New Guinea,Papua New Guinea,PNG,Papua New Guinea,1996,4.0,4,0,7.0,5,4.0,,,
910_PNG,910,Papua New Guinea,Papua New Guinea,PNG,Papua New Guinea,1997,4.0,4,0,7.0,5,4.0,,,
910_PNG,910,Papua New Guinea,Papua New Guinea,PNG,Papua New Guinea,1998,4.0,4,0,7.0,5,4.0,,,
910_PNG,910,Papua New Guinea,Papua New Guinea,PNG,Papua New Guinea,1999,4.0,4,0,7.0,5,4.0,,,
910_PNG,910,Papua New Guinea,Papua New Guinea,PNG,Papua New Guinea,2000,4.0,4,0,7.0,5,4.0,,,
910_PNG,910,Papua New Guinea,Papua New Guinea,PNG,Papua New Guinea,2001,4.0,4,0,7.0,5,4.0,,,
910_PNG,910,Papua New Guinea,Papua New Guinea,PNG,Papua New Guinea,2002,4.0,4,0,7.0,5,4.0,,,
910_PNG,910,Papua New Guinea,Papua New Guinea,PNG,Papua New Guinea,2003,4.0,4,0,7.0,5,4.0,,,
910_PNG,910,Papua New Guinea,Papua New Guinea,PNG,Papua New Guinea,2004,4.0,4,0,7.0,5,4.0,,,
910_PNG,910,Papua New Guinea,Papua New Guinea,PNG,Papua New Guinea,2005,4.0,4,0,7.0,5,4.0,,,
910_PNG,910,Papua New Guinea,Papua New Guinea,PNG,Papua New Guinea,2006,4.0,4,0,7.0,5,4.0,,,
910_PNG,910,Papua New Guinea,Papua New Guinea,PNG,Papua New Guinea,2007,4.0,4,0,7.0,5,4.0,,,
910_PNG,910,Papua New Guinea,Papua New Guinea,PNG,Papua New Guinea,2008,4.0,4,0,7.0,5,4.0,,,
910_PNG,910,Papua New Guinea,Papua New Guinea,PNG,Papua New Guinea,2009,4.0,4,0,7.0,5,4.0,,,
910_PNG,910,Papua New Guinea,Papua New Guinea,PNG,Papua New Guinea,2010,4.0,4,0,7.0,5,4.0,,,
910_PNG,910,Papua New Guinea,Papua New Guinea,PNG,Papua New Guinea,2011,4.0,4,0,7.0,5,4.0,,,
910_PNG,910,Papua New Guinea,Papua New Guinea,PNG,Papua New Guinea,2012,5.0,5,0,7.0,6,5.0,1.0,,0.0
910_PNG,910,Papua New Guinea,Papua New Guinea,PNG,Papua New Guinea,2013,5.0,5,0,7.0,6,5.0,,,0.0
910_PNG,910,Papua New Guinea,Papua New Guinea,PNG,Papua New Guinea,2014,5.0,5,0,7.0,6,5.0,,,0.0
910_PNG,910,Papua New Guinea,Papua New Guinea,PNG,Papua New Guinea,2015,5.0,5,0,7.0,6,5.0,,,
910_PNG,910,Papua New Guinea,Papua New Guinea,PNG,Papua New Guinea,2016,5.0,5,0,7.0,6,5.0,,,
910_PNG,910,Papua New Guinea,Papua New Guinea,PNG,Papua New Guinea,2017,5.0,5,0,7.0,6,5.0,,,
910_PNG,910,Papua New Guinea,Papua New Guinea,PNG,Papua New Guinea,2018,5.0,5,0,7.0,6,5.0,,,
91_HND,91,Honduras,Honduras,HND,Honduras,1971,0.0,1,1,5.0,3,7.0,1.0,,0.0
91_HND,91,Honduras,Honduras,HND,Honduras,1972,-1.0,1,2,4.0,3,6.0,1.0,,0.0
91_HND,91,Honduras,Honduras,HND,Honduras,1973,-1.0,1,2,4.0,3,6.0,,,
91_HND,91,Honduras,Honduras,HND,Honduras,1974,-1.0,1,2,4.0,3,6.0,,,
91_HND,91,Honduras,Honduras,HND,Honduras,1975,-1.0,1,2,4.0,3,6.0,,,
91_HND,91,Honduras,Honduras,HND,Honduras,1976,-1.0,1,2,4.0,3,6.0,,,
91_HND,91,Honduras,Honduras,HND,Honduras,1977,-1.0,1,2,4.0,3,6.0,,,
91_HND,91,Honduras,Honduras,HND,Honduras,1978,-1.0,1,2,4.0,3,6.0,,,
91_HND,91,Honduras,Honduras,HND,Honduras,1979,-1.0,1,2,4.0,3,6.0,,,
91_HND,91,Honduras,Honduras,HND,Honduras,1980,1.0,-88,-88,-88.0,-88,-88.0,,,3.0
91_HND,91,Honduras,Honduras,HND,Honduras,1981,4.0,-88,-88,-88.0,-88,-88.0,,,3.0
91_HND,91,Honduras,Honduras,HND,Honduras,1982,6.0,6,0,7.0,6,7.0,1.0,,3.0
91_HND,91,Honduras,Honduras,HND,Honduras,1983,6.0,6,0,7.0,6,7.0,,,
91_HND,91,Honduras,Honduras,HND,Honduras,1984,6.0,6,0,7.0,6,7.0,,,
91_HND,91,Honduras,Honduras,HND,Honduras,1985,5.0,5,0,7.0,5,7.0,1.0,,0.0
91_HND,91,Honduras,Honduras,HND,Honduras,1986,5.0,5,0,7.0,5,7.0,,,
91_HND,91,Honduras,Honduras,HND,Honduras,1987,5.0,5,0,7.0,5,7.0,,,
91_HND,91,Honduras,Honduras,HND,Honduras,1988,5.0,5,0,7.0,5,7.0,,,
91_HND,91,Honduras,Honduras,HND,Honduras,1989,6.0,6,0,7.0,5,9.0,1.0,,0.0
91_HND,91,Honduras,Honduras,HND,Honduras,1990,6.0,6,0,7.0,5,9.0,,,
91_HND,91,Honduras,Honduras,HND,Honduras,1991,6.0,6,0,7.0,5,9.0,,,
91_HND,91,Honduras,Honduras,HND,Honduras,1992,6.0,6,0,7.0,5,9.0,,,
91_HND,91,Honduras,Honduras,HND,Honduras,1993,6.0,6,0,7.0,5,9.0,,,
91_HND,91,Honduras,Honduras,HND,Honduras,1994,6.0,6,0,7.0,5,9.0,,,
91_HND,91,Honduras,Honduras,HND,Honduras,1995,6.0,6,0,7.0,5,9.0,,,
91_HND,91,Honduras,Honduras,HND,Honduras,1996,6.0,6,0,7.0,5,9.0,,,
91_HND,91,Honduras,Honduras,HND,Honduras,1997,6.0,6,0,7.0,5,9.0,,,
91_HND,91,Honduras,Honduras,HND,Honduras,1998,6.0,6,0,7.0,5,9.0,,,
91_HND,91,Honduras,Honduras,HND,Honduras,1999,7.0,7,0,8.0,5,9.0,1.0,,0.0
91_HND,91,Honduras,Honduras,HND,Honduras,2000,7.0,7,0,8.0,5,9.0,,,
91_HND,91,Honduras,Honduras,HND,Honduras,2001,7.0,7,0,8.0,5,9.0,,,
91_HND,91,Honduras,Honduras,HND,Honduras,2002,7.0,7,0,8.0,5,9.0,,,
91_HND,91,Honduras,Honduras,HND,Honduras,2003,7.0,7,0,8.0,5,9.0,,,
91_HND,91,Honduras,Honduras,HND,Honduras,2004,7.0,7,0,8.0,5,9.0,,,
91_HND,91,Honduras,Honduras,HND,Honduras,2005,7.0,7,0,8.0,5,9.0,,,
91_HND,91,Honduras,Honduras,HND,Honduras,2006,7.0,7,0,8.0,5,9.0,,,
91_HND,91,Honduras,Honduras,HND,Honduras,2007,7.0,7,0,8.0,5,9.0,,,
91_HND,91,Honduras,Honduras,HND,Honduras,2008,7.0,7,0,8.0,5,9.0,,,
91_HND,91,Honduras,Honduras,HND,Honduras,2009,7.0,7,0,8.0,5,9.0,,,
91_HND,91,Honduras,Honduras,HND,Honduras,2010,7.0,7,0,8.0,5,9.0,,,
91_HND,91,Honduras,Honduras,HND,Honduras,2011,7.0,7,0,8.0,5,9.0,,,
91_HND,91,Honduras,Honduras,HND,Honduras,2012,7.0,7,0,8.0,5,9.0,,,
91_HND,91,Honduras,Honduras,HND,Honduras,2013,7.0,7,0,8.0,5,9.0,,,
91_HND,91,Honduras,Honduras,HND,Honduras,2014,7.0,7,0,8.0,5,9.0,,,
91_HND,91,Honduras,Honduras,HND,Honduras,2015,7.0,7,0,8.0,5,9.0,,,
91_HND,91,Honduras,Honduras,HND,Honduras,2016,7.0,7,0,8.0,5,9.0,,,
91_HND,91,Honduras,Honduras,HND,Honduras,2017,7.0,7,0,8.0,5,9.0,,,
91_HND,91,Honduras,Honduras,HND,Honduras,2018,7.0,7,0,8.0,5,9.0,,,
920_NZL,920,New Zealand,New Zealand,NZL,New Zealand,1971,10.0,10,0,8.0,7,10.0,,,
920_NZL,920,New Zealand,New Zealand,NZL,New Zealand,1972,10.0,10,0,8.0,7,10.0,,,
920_NZL,920,New Zealand,New Zealand,NZL,New Zealand,1973,10.0,10,0,8.0,7,10.0,,,
920_NZL,920,New Zealand,New Zealand,NZL,New Zealand,1974,10.0,10,0,8.0,7,10.0,,,
920_NZL,920,New Zealand,New Zealand,NZL,New Zealand,1975,10.0,10,0,8.0,7,10.0,,,
920_NZL,920,New Zealand,New Zealand,NZL,New Zealand,1976,10.0,10,0,8.0,7,10.0,,,
920_NZL,920,New Zealand,New Zealand,NZL,New Zealand,1977,10.0,10,0,8.0,7,10.0,,,
920_NZL,920,New Zealand,New Zealand,NZL,New Zealand,1978,10.0,10,0,8.0,7,10.0,,,
920_NZL,920,New Zealand,New Zealand,NZL,New Zealand,1979,10.0,10,0,8.0,7,10.0,,,
920_NZL,920,New Zealand,New Zealand,NZL,New Zealand,1980,10.0,10,0,8.0,7,10.0,,,
920_NZL,920,New Zealand,New Zealand,NZL,New Zealand,1981,10.0,10,0,8.0,7,10.0,,,
920_NZL,920,New Zealand,New Zealand,NZL,New Zealand,1982,10.0,10,0,8.0,7,10.0,,,
920_NZL,920,New Zealand,New Zealand,NZL,New Zealand,1983,10.0,10,0,8.0,7,10.0,,,
920_NZL,920,New Zealand,New Zealand,NZL,New Zealand,1984,10.0,10,0,8.0,7,10.0,,,
920_NZL,920,New Zealand,New Zealand,NZL,New Zealand,1985,10.0,10,0,8.0,7,10.0,,,
920_NZL,920,New Zealand,New Zealand,NZL,New Zealand,1986,10.0,10,0,8.0,7,10.0,,,
920_NZL,920,New Zealand,New Zealand,NZL,New Zealand,1987,10.0,10,0,8.0,7,10.0,,,
920_NZL,920,New Zealand,New Zealand,NZL,New Zealand,1988,10.0,10,0,8.0,7,10.0,,,
920_NZL,920,New Zealand,New Zealand,NZL,New Zealand,1989,10.0,10,0,8.0,7,10.0,,,
920_NZL,920,New Zealand,New Zealand,NZL,New Zealand,1990,10.0,10,0,8.0,7,10.0,,,
920_NZL,920,New Zealand,New Zealand,NZL,New Zealand,1991,10.0,10,0,8.0,7,10.0,,,
920_NZL,920,New Zealand,New Zealand,NZL,New Zealand,1992,10.0,10,0,8.0,7,10.0,,,
920_NZL,920,New Zealand,New Zealand,NZL,New Zealand,1993,10.0,10,0,8.0,7,10.0,,,
920_NZL,920,New Zealand,New Zealand,NZL,New Zealand,1994,10.0,10,0,8.0,7,10.0,,,
920_NZL,920,New Zealand,New Zealand,NZL,New Zealand,1995,10.0,10,0,8.0,7,10.0,,,
920_NZL,920,New Zealand,New Zealand,NZL,New Zealand,1996,10.0,10,0,8.0,7,10.0,,,
920_NZL,920,New Zealand,New Zealand,NZL,New Zealand,1997,10.0,10,0,8.0,7,10.0,,,
920_NZL,920,New Zealand,New Zealand,NZL,New Zealand,1998,10.0,10,0,8.0,7,10.0,,,
920_NZL,920,New Zealand,New Zealand,NZL,New Zealand,1999,10.0,10,0,8.0,7,10.0,,,
920_NZL,920,New Zealand,New Zealand,NZL,New Zealand,2000,10.0,10,0,8.0,7,10.0,,,
920_NZL,920,New Zealand,New Zealand,NZL,New Zealand,2001,10.0,10,0,8.0,7,10.0,,,
920_NZL,920,New Zealand,New Zealand,NZL,New Zealand,2002,10.0,10,0,8.0,7,10.0,,,
920_NZL,920,New Zealand,New Zealand,NZL,New Zealand,2003,10.0,10,0,8.0,7,10.0,,,
920_NZL,920,New Zealand,New Zealand,NZL,New Zealand,2004,10.0,10,0,8.0,7,10.0,,,
920_NZL,920,New Zealand,New Zealand,NZL,New Zealand,2005,10.0,10,0,8.0,7,10.0,,,
920_NZL,920,New Zealand,New Zealand,NZL,New Zealand,2006,10.0,10,0,8.0,7,10.0,,,
920_NZL,920,New Zealand,New Zealand,NZL,New Zealand,2007,10.0,10,0,8.0,7,10.0,,,
920_NZL,920,New Zealand,New Zealand,NZL,New Zealand,2008,10.0,10,0,8.0,7,10.0,,,
920_NZL,920,New Zealand,New Zealand,NZL,New Zealand,2009,10.0,10,0,8.0,7,10.0,,,
920_NZL,920,New Zealand,New Zealand,NZL,New Zealand,2010,10.0,10,0,8.0,7,10.0,,,
920_NZL,920,New Zealand,New Zealand,NZL,New Zealand,2011,10.0,10,0,8.0,7,10.0,,,
920_NZL,920,New Zealand,New Zealand,NZL,New Zealand,2012,10.0,10,0,8.0,7,10.0,,,
920_NZL,920,New Zealand,New Zealand,NZL,New Zealand,2013,10.0,10,0,8.0,7,10.0,,,
920_NZL,920,New Zealand,New Zealand,NZL,New Zealand,2014,10.0,10,0,8.0,7,10.0,,,
920_NZL,920,New Zealand,New Zealand,NZL,New Zealand,2015,10.0,10,0,8.0,7,10.0,,,
920_NZL,920,New Zealand,New Zealand,NZL,New Zealand,2016,10.0,10,0,8.0,7,10.0,,,
920_NZL,920,New Zealand,New Zealand,NZL,New Zealand,2017,10.0,10,0,8.0,7,10.0,,,
920_NZL,920,New Zealand,New Zealand,NZL,New Zealand,2018,10.0,10,0,8.0,7,10.0,,,
92_SLV,92,El Salvador,El Salvador,SLV,El Salvador,1971,-3.0,1,4,3.0,3,6.0,,,
92_SLV,92,El Salvador,El Salvador,SLV,El Salvador,1972,-3.0,1,4,3.0,3,6.0,,,
92_SLV,92,El Salvador,El Salvador,SLV,El Salvador,1973,-3.0,1,4,3.0,3,6.0,,,
92_SLV,92,El Salvador,El Salvador,SLV,El Salvador,1974,-3.0,1,4,3.0,3,6.0,,,
92_SLV,92,El Salvador,El Salvador,SLV,El Salvador,1975,-3.0,1,4,3.0,3,6.0,,,
92_SLV,92,El Salvador,El Salvador,SLV,El Salvador,1976,-3.0,1,4,3.0,3,6.0,,,
92_SLV,92,El Salvador,El Salvador,SLV,El Salvador,1977,-6.0,0,6,3.0,3,2.0,1.0,,-1.0
92_SLV,92,El Salvador,El Salvador,SLV,El Salvador,1978,-6.0,0,6,3.0,3,2.0,,,
92_SLV,92,El Salvador,El Salvador,SLV,El Salvador,1979,0.0,-77,-77,-77.0,-77,-77.0,,1.0,-77.0
92_SLV,92,El Salvador,El Salvador,SLV,El Salvador,1980,0.0,-77,-77,-77.0,-77,-77.0,,1.0,-77.0
92_SLV,92,El Salvador,El Salvador,SLV,El Salvador,1981,0.0,-77,-77,-77.0,-77,-77.0,,1.0,-77.0
92_SLV,92,El Salvador,El Salvador,SLV,El Salvador,1982,0.0,-77,-77,-77.0,-77,-77.0,,1.0,-77.0
92_SLV,92,El Salvador,El Salvador,SLV,El Salvador,1983,0.0,-77,-77,-77.0,-77,-77.0,,1.0,-77.0
92_SLV,92,El Salvador,El Salvador,SLV,El Salvador,1984,6.0,6,0,8.0,5,7.0,1.0,1.0,3.0
92_SLV,92,El Salvador,El Salvador,SLV,El Salvador,1985,6.0,6,0,8.0,5,7.0,,,
92_SLV,92,El Salvador,El Salvador,SLV,El Salvador,1986,6.0,6,0,8.0,5,7.0,,,
92_SLV,92,El Salvador,El Salvador,SLV,El Salvador,1987,6.0,6,0,8.0,5,7.0,,,
92_SLV,92,El Salvador,El Salvador,SLV,El Salvador,1988,6.0,6,0,8.0,5,7.0,,,
92_SLV,92,El Salvador,El Salvador,SLV,El Salvador,1989,6.0,6,0,8.0,5,7.0,,,
92_SLV,92,El Salvador,El Salvador,SLV,El Salvador,1990,6.0,6,0,8.0,5,7.0,,,
92_SLV,92,El Salvador,El Salvador,SLV,El Salvador,1991,6.0,6,0,8.0,5,7.0,,,
92_SLV,92,El Salvador,El Salvador,SLV,El Salvador,1992,6.0,6,0,8.0,5,7.0,,,
92_SLV,92,El Salvador,El Salvador,SLV,El Salvador,1993,6.0,6,0,8.0,5,7.0,,,
92_SLV,92,El Salvador,El Salvador,SLV,El Salvador,1994,7.0,7,0,8.0,5,9.0,1.0,,0.0
92_SLV,92,El Salvador,El Salvador,SLV,El Salvador,1995,7.0,7,0,8.0,5,9.0,,,
92_SLV,92,El Salvador,El Salvador,SLV,El Salvador,1996,7.0,7,0,8.0,5,9.0,,,
92_SLV,92,El Salvador,El Salvador,SLV,El Salvador,1997,7.0,7,0,8.0,5,9.0,,,
92_SLV,92,El Salvador,El Salvador,SLV,El Salvador,1998,7.0,7,0,8.0,5,9.0,,,
92_SLV,92,El Salvador,El Salvador,SLV,El Salvador,1999,7.0,7,0,8.0,5,9.0,,,
92_SLV,92,El Salvador,El Salvador,SLV,El Salvador,2000,7.0,7,0,8.0,5,9.0,,,
92_SLV,92,El Salvador,El Salvador,SLV,El Salvador,2001,7.0,7,0,8.0,5,9.0,,,
92_SLV,92,El Salvador,El Salvador,SLV,El Salvador,2002,7.0,7,0,8.0,5,9.0,,,
92_SLV,92,El Salvador,El Salvador,SLV,El Salvador,2003,7.0,7,0,8.0,5,9.0,,,
92_SLV,92,El Salvador,El Salvador,SLV,El Salvador,2004,7.0,7,0,8.0,5,9.0,,,
92_SLV,92,El Salvador,El Salvador,SLV,El Salvador,2005,7.0,7,0,8.0,5,9.0,,,
92_SLV,92,El Salvador,El Salvador,SLV,El Salvador,2006,7.0,7,0,8.0,5,9.0,,,
92_SLV,92,El Salvador,El Salvador,SLV,El Salvador,2007,7.0,7,0,8.0,5,9.0,,,
92_SLV,92,El Salvador,El Salvador,SLV,El Salvador,2008,7.0,7,0,8.0,5,9.0,,,
92_SLV,92,El Salvador,El Salvador,SLV,El Salvador,2009,8.0,8,0,8.0,6,9.0,1.0,,0.0
92_SLV,92,El Salvador,El Salvador,SLV,El Salvador,2010,8.0,8,0,8.0,6,9.0,,,
92_SLV,92,El Salvador,El Salvador,SLV,El Salvador,2011,8.0,8,0,8.0,6,9.0,,,
92_SLV,92,El Salvador,El Salvador,SLV,El Salvador,2012,8.0,8,0,8.0,6,9.0,,,
92_SLV,92,El Salvador,El Salvador,SLV,El Salvador,2013,8.0,8,0,8.0,6,9.0,,,
92_SLV,92,El Salvador,El Salvador,SLV,El Salvador,2014,8.0,8,0,8.0,6,9.0,,,
92_SLV,92,El Salvador,El Salvador,SLV,El Salvador,2015,8.0,8,0,8.0,6,9.0,,,
92_SLV,92,El Salvador,El Salvador,SLV,El Salvador,2016,8.0,8,0,8.0,6,9.0,,,
92_SLV,92,El Salvador,El Salvador,SLV,El Salvador,2017,8.0,8,0,8.0,6,9.0,,,
92_SLV,92,El Salvador,El Salvador,SLV,El Salvador,2018,8.0,8,0,8.0,6,9.0,,,
93_NIC,93,Nicaragua,Nicaragua,NIC,Nicaragua,1971,-8.0,0,8,3.0,1,2.0,,,
93_NIC,93,Nicaragua,Nicaragua,NIC,Nicaragua,1972,-8.0,0,8,3.0,1,2.0,,,
93_NIC,93,Nicaragua,Nicaragua,NIC,Nicaragua,1973,-8.0,0,8,3.0,1,2.0,,,
93_NIC,93,Nicaragua,Nicaragua,NIC,Nicaragua,1974,-8.0,0,8,3.0,1,2.0,,,
93_NIC,93,Nicaragua,Nicaragua,NIC,Nicaragua,1975,-8.0,0,8,3.0,1,2.0,,,
93_NIC,93,Nicaragua,Nicaragua,NIC,Nicaragua,1976,-8.0,0,8,3.0,1,2.0,,,
93_NIC,93,Nicaragua,Nicaragua,NIC,Nicaragua,1977,-8.0,0,8,3.0,1,2.0,,,
93_NIC,93,Nicaragua,Nicaragua,NIC,Nicaragua,1978,-8.0,0,8,3.0,1,2.0,,,
93_NIC,93,Nicaragua,Nicaragua,NIC,Nicaragua,1979,-3.0,0,3,5.0,3,3.0,1.0,1.0,1.0
93_NIC,93,Nicaragua,Nicaragua,NIC,Nicaragua,1980,-3.0,0,3,5.0,3,3.0,,,
93_NIC,93,Nicaragua,Nicaragua,NIC,Nicaragua,1981,-5.0,0,5,4.0,2,2.0,1.0,,0.0
93_NIC,93,Nicaragua,Nicaragua,NIC,Nicaragua,1982,-5.0,0,5,4.0,2,2.0,,,
93_NIC,93,Nicaragua,Nicaragua,NIC,Nicaragua,1983,-5.0,0,5,4.0,2,2.0,,,
93_NIC,93,Nicaragua,Nicaragua,NIC,Nicaragua,1984,-1.0,1,2,5.0,3,6.0,1.0,,1.0
93_NIC,93,Nicaragua,Nicaragua,NIC,Nicaragua,1985,-1.0,1,2,5.0,3,6.0,,,
93_NIC,93,Nicaragua,Nicaragua,NIC,Nicaragua,1986,-1.0,1,2,5.0,3,6.0,,,
93_NIC,93,Nicaragua,Nicaragua,NIC,Nicaragua,1987,-1.0,1,2,5.0,3,6.0,,,
93_NIC,93,Nicaragua,Nicaragua,NIC,Nicaragua,1988,-1.0,1,2,5.0,3,6.0,,,
93_NIC,93,Nicaragua,Nicaragua,NIC,Nicaragua,1989,-1.0,1,2,5.0,3,6.0,,,
93_NIC,93,Nicaragua,Nicaragua,NIC,Nicaragua,1990,6.0,6,0,8.0,5,7.0,1.0,,3.0
93_NIC,93,Nicaragua,Nicaragua,NIC,Nicaragua,1991,6.0,6,0,8.0,5,7.0,,,
93_NIC,93,Nicaragua,Nicaragua,NIC,Nicaragua,1992,6.0,6,0,8.0,5,7.0,,,
93_NIC,93,Nicaragua,Nicaragua,NIC,Nicaragua,1993,6.0,6,0,8.0,5,7.0,,,
93_NIC,93,Nicaragua,Nicaragua,NIC,Nicaragua,1994,6.0,6,0,8.0,5,7.0,,,
93_NIC,93,Nicaragua,Nicaragua,NIC,Nicaragua,1995,8.0,8,0,8.0,7,7.0,1.0,,0.0
93_NIC,93,Nicaragua,Nicaragua,NIC,Nicaragua,1996,8.0,8,0,8.0,7,7.0,,,
93_NIC,93,Nicaragua,Nicaragua,NIC,Nicaragua,1997,8.0,8,0,8.0,7,7.0,,,
93_NIC,93,Nicaragua,Nicaragua,NIC,Nicaragua,1998,8.0,8,0,8.0,7,7.0,,,
93_NIC,93,Nicaragua,Nicaragua,NIC,Nicaragua,1999,8.0,8,0,8.0,7,7.0,,,
93_NIC,93,Nicaragua,Nicaragua,NIC,Nicaragua,2000,8.0,8,0,8.0,7,7.0,,,
93_NIC,93,Nicaragua,Nicaragua,NIC,Nicaragua,2001,8.0,8,0,8.0,7,7.0,,,
93_NIC,93,Nicaragua,Nicaragua,NIC,Nicaragua,2002,8.0,8,0,8.0,7,7.0,,,
93_NIC,93,Nicaragua,Nicaragua,NIC,Nicaragua,2003,8.0,8,0,8.0,7,7.0,,,
93_NIC,93,Nicaragua,Nicaragua,NIC,Nicaragua,2004,8.0,8,0,8.0,7,7.0,,,
93_NIC,93,Nicaragua,Nicaragua,NIC,Nicaragua,2005,8.0,8,0,8.0,7,7.0,,,
93_NIC,93,Nicaragua,Nicaragua,NIC,Nicaragua,2006,8.0,8,0,8.0,7,7.0,,,
93_NIC,93,Nicaragua,Nicaragua,NIC,Nicaragua,2007,9.0,9,0,8.0,7,9.0,1.0,,0.0
93_NIC,93,Nicaragua,Nicaragua,NIC,Nicaragua,2008,9.0,9,0,8.0,7,9.0,,,
93_NIC,93,Nicaragua,Nicaragua,NIC,Nicaragua,2009,9.0,9,0,8.0,7,9.0,,,
93_NIC,93,Nicaragua,Nicaragua,NIC,Nicaragua,2010,9.0,9,0,8.0,7,9.0,,,
93_NIC,93,Nicaragua,Nicaragua,NIC,Nicaragua,2011,9.0,9,0,8.0,7,9.0,,,
93_NIC,93,Nicaragua,Nicaragua,NIC,Nicaragua,2012,9.0,9,0,8.0,7,9.0,,,
93_NIC,93,Nicaragua,Nicaragua,NIC,Nicaragua,2013,9.0,9,0,8.0,7,9.0,,,
93_NIC,93,Nicaragua,Nicaragua,NIC,Nicaragua,2014,9.0,9,0,8.0,7,9.0,,,
93_NIC,93,Nicaragua,Nicaragua,NIC,Nicaragua,2015,9.0,9,0,8.0,7,9.0,,,
93_NIC,93,Nicaragua,Nicaragua,NIC,Nicaragua,2016,6.0,7,1,7.0,6,8.0,1.0,,-1.0
93_NIC,93,Nicaragua,Nicaragua,NIC,Nicaragua,2017,6.0,7,1,7.0,6,8.0,,,
93_NIC,93,Nicaragua,Nicaragua,NIC,Nicaragua,2018,6.0,7,1,7.0,6,8.0,,,
940_SLB,940,Solomon Islands,Solomon Islands,SLB,Solomon Islands,1978,7.0,7,0,8.0,7,4.0,1.0,,99.0
940_SLB,940,Solomon Islands,Solomon Islands,SLB,Solomon Islands,1979,7.0,7,0,8.0,7,4.0,,,
940_SLB,940,Solomon Islands,Solomon Islands,SLB,Solomon Islands,1980,7.0,7,0,8.0,7,5.0,1.0,,0.0
940_SLB,940,Solomon Islands,Solomon Islands,SLB,Solomon Islands,1981,7.0,7,0,8.0,7,5.0,,,
940_SLB,940,Solomon Islands,Solomon Islands,SLB,Solomon Islands,1982,7.0,7,0,8.0,7,5.0,,,
940_SLB,940,Solomon Islands,Solomon Islands,SLB,Solomon Islands,1983,7.0,7,0,8.0,7,5.0,,,
940_SLB,940,Solomon Islands,Solomon Islands,SLB,Solomon Islands,1984,7.0,7,0,8.0,7,5.0,,,
940_SLB,940,Solomon Islands,Solomon Islands,SLB,Solomon Islands,1985,7.0,7,0,8.0,7,5.0,,,
940_SLB,940,Solomon Islands,Solomon Islands,SLB,Solomon Islands,1986,7.0,7,0,8.0,7,5.0,,,
940_SLB,940,Solomon Islands,Solomon Islands,SLB,Solomon Islands,1987,7.0,7,0,8.0,7,5.0,,,
940_SLB,940,Solomon Islands,Solomon Islands,SLB,Solomon Islands,1988,7.0,7,0,8.0,7,5.0,,,
940_SLB,940,Solomon Islands,Solomon Islands,SLB,Solomon Islands,1989,7.0,7,0,8.0,7,5.0,,,
940_SLB,940,Solomon Islands,Solomon Islands,SLB,Solomon Islands,1990,8.0,8,0,8.0,7,7.0,1.0,,0.0
940_SLB,940,Solomon Islands,Solomon Islands,SLB,Solomon Islands,1991,8.0,8,0,8.0,7,7.0,,,
940_SLB,940,Solomon Islands,Solomon Islands,SLB,Solomon Islands,1992,8.0,8,0,8.0,7,7.0,,,
940_SLB,940,Solomon Islands,Solomon Islands,SLB,Solomon Islands,1993,8.0,8,0,8.0,7,7.0,,,
940_SLB,940,Solomon Islands,Solomon Islands,SLB,Solomon Islands,1994,8.0,8,0,8.0,7,7.0,,,
940_SLB,940,Solomon Islands,Solomon Islands,SLB,Solomon Islands,1995,8.0,8,0,8.0,7,7.0,,,
940_SLB,940,Solomon Islands,Solomon Islands,SLB,Solomon Islands,1996,8.0,8,0,8.0,7,7.0,,,
940_SLB,940,Solomon Islands,Solomon Islands,SLB,Solomon Islands,1997,8.0,8,0,8.0,7,7.0,,,
940_SLB,940,Solomon Islands,Solomon Islands,SLB,Solomon Islands,1998,8.0,8,0,8.0,7,7.0,,,
940_SLB,940,Solomon Islands,Solomon Islands,SLB,Solomon Islands,1999,8.0,8,0,8.0,7,7.0,,,
940_SLB,940,Solomon Islands,Solomon Islands,SLB,Solomon Islands,2000,0.0,-77,-77,-77.0,-77,-77.0,,1.0,-77.0
940_SLB,940,Solomon Islands,Solomon Islands,SLB,Solomon Islands,2001,0.0,-77,-77,-77.0,-77,-77.0,,1.0,-77.0
940_SLB,940,Solomon Islands,Solomon Islands,SLB,Solomon Islands,2002,0.0,-77,-77,-77.0,-77,-77.0,,1.0,-77.0
940_SLB,940,Solomon Islands,Solomon Islands,SLB,Solomon Islands,2003,,-66,-66,-66.0,-66,-66.0,,1.0,-66.0
940_SLB,940,Solomon Islands,Solomon Islands,SLB,Solomon Islands,2004,8.0,9,1,8.0,7,8.0,1.0,,0.0
940_SLB,940,Solomon Islands,Solomon Islands,SLB,Solomon Islands,2005,8.0,9,1,8.0,7,8.0,,,
940_SLB,940,Solomon Islands,Solomon Islands,SLB,Solomon Islands,2006,8.0,9,1,8.0,7,8.0,,,
940_SLB,940,Solomon Islands,Solomon Islands,SLB,Solomon Islands,2007,8.0,9,1,8.0,7,8.0,,,
940_SLB,940,Solomon Islands,Solomon Islands,SLB,Solomon Islands,2008,8.0,9,1,8.0,7,8.0,,,
940_SLB,940,Solomon Islands,Solomon Islands,SLB,Solomon Islands,2009,8.0,9,1,8.0,7,8.0,,,
940_SLB,940,Solomon Islands,Solomon Islands,SLB,Solomon Islands,2010,8.0,9,1,8.0,7,8.0,,,
940_SLB,940,Solomon Islands,Solomon Islands,SLB,Solomon Islands,2011,8.0,9,1,8.0,7,8.0,,,
940_SLB,940,Solomon Islands,Solomon Islands,SLB,Solomon Islands,2012,8.0,9,1,8.0,7,8.0,,,
940_SLB,940,Solomon Islands,Solomon Islands,SLB,Solomon Islands,2013,8.0,9,1,8.0,7,8.0,,,
940_SLB,940,Solomon Islands,Solomon Islands,SLB,Solomon Islands,2014,8.0,9,1,8.0,7,8.0,,,
940_SLB,940,Solomon Islands,Solomon Islands,SLB,Solomon Islands,2015,8.0,9,1,8.0,7,8.0,,,
940_SLB,940,Solomon Islands,Solomon Islands,SLB,Solomon Islands,2016,8.0,9,1,8.0,7,8.0,,,
940_SLB,940,Solomon Islands,Solomon Islands,SLB,Solomon Islands,2017,8.0,9,1,8.0,7,8.0,,,
940_SLB,940,Solomon Islands,Solomon Islands,SLB,Solomon Islands,2018,8.0,9,1,8.0,7,8.0,,,
94_CRI,94,Costa Rica,Costa Rica,CRI,Costa Rica,1971,10.0,10,0,8.0,7,10.0,,,
94_CRI,94,Costa Rica,Costa Rica,CRI,Costa Rica,1972,10.0,10,0,8.0,7,10.0,,,
94_CRI,94,Costa Rica,Costa Rica,CRI,Costa Rica,1973,10.0,10,0,8.0,7,10.0,,,
94_CRI,94,Costa Rica,Costa Rica,CRI,Costa Rica,1974,10.0,10,0,8.0,7,10.0,,,
94_CRI,94,Costa Rica,Costa Rica,CRI,Costa Rica,1975,10.0,10,0,8.0,7,10.0,,,
94_CRI,94,Costa Rica,Costa Rica,CRI,Costa Rica,1976,10.0,10,0,8.0,7,10.0,,,
94_CRI,94,Costa Rica,Costa Rica,CRI,Costa Rica,1977,10.0,10,0,8.0,7,10.0,,,
94_CRI,94,Costa Rica,Costa Rica,CRI,Costa Rica,1978,10.0,10,0,8.0,7,10.0,,,
94_CRI,94,Costa Rica,Costa Rica,CRI,Costa Rica,1979,10.0,10,0,8.0,7,10.0,,,
94_CRI,94,Costa Rica,Costa Rica,CRI,Costa Rica,1980,10.0,10,0,8.0,7,10.0,,,
94_CRI,94,Costa Rica,Costa Rica,CRI,Costa Rica,1981,10.0,10,0,8.0,7,10.0,,,
94_CRI,94,Costa Rica,Costa Rica,CRI,Costa Rica,1982,10.0,10,0,8.0,7,10.0,,,
94_CRI,94,Costa Rica,Costa Rica,CRI,Costa Rica,1983,10.0,10,0,8.0,7,10.0,,,
94_CRI,94,Costa Rica,Costa Rica,CRI,Costa Rica,1984,10.0,10,0,8.0,7,10.0,,,
94_CRI,94,Costa Rica,Costa Rica,CRI,Costa Rica,1985,10.0,10,0,8.0,7,10.0,,,
94_CRI,94,Costa Rica,Costa Rica,CRI,Costa Rica,1986,10.0,10,0,8.0,7,10.0,,,
94_CRI,94,Costa Rica,Costa Rica,CRI,Costa Rica,1987,10.0,10,0,8.0,7,10.0,,,
94_CRI,94,Costa Rica,Costa Rica,CRI,Costa Rica,1988,10.0,10,0,8.0,7,10.0,,,
94_CRI,94,Costa Rica,Costa Rica,CRI,Costa Rica,1989,10.0,10,0,8.0,7,10.0,,,
94_CRI,94,Costa Rica,Costa Rica,CRI,Costa Rica,1990,10.0,10,0,8.0,7,10.0,,,
94_CRI,94,Costa Rica,Costa Rica,CRI,Costa Rica,1991,10.0,10,0,8.0,7,10.0,,,
94_CRI,94,Costa Rica,Costa Rica,CRI,Costa Rica,1992,10.0,10,0,8.0,7,10.0,,,
94_CRI,94,Costa Rica,Costa Rica,CRI,Costa Rica,1993,10.0,10,0,8.0,7,10.0,,,
94_CRI,94,Costa Rica,Costa Rica,CRI,Costa Rica,1994,10.0,10,0,8.0,7,10.0,,,
94_CRI,94,Costa Rica,Costa Rica,CRI,Costa Rica,1995,10.0,10,0,8.0,7,10.0,,,
94_CRI,94,Costa Rica,Costa Rica,CRI,Costa Rica,1996,10.0,10,0,8.0,7,10.0,,,
94_CRI,94,Costa Rica,Costa Rica,CRI,Costa Rica,1997,10.0,10,0,8.0,7,10.0,,,
94_CRI,94,Costa Rica,Costa Rica,CRI,Costa Rica,1998,10.0,10,0,8.0,7,10.0,,,
94_CRI,94,Costa Rica,Costa Rica,CRI,Costa Rica,1999,10.0,10,0,8.0,7,10.0,,,
94_CRI,94,Costa Rica,Costa Rica,CRI,Costa Rica,2000,10.0,10,0,8.0,7,10.0,,,
94_CRI,94,Costa Rica,Costa Rica,CRI,Costa Rica,2001,10.0,10,0,8.0,7,10.0,,,
94_CRI,94,Costa Rica,Costa Rica,CRI,Costa Rica,2002,10.0,10,0,8.0,7,10.0,,,
94_CRI,94,Costa Rica,Costa Rica,CRI,Costa Rica,2003,10.0,10,0,8.0,7,10.0,,,
94_CRI,94,Costa Rica,Costa Rica,CRI,Costa Rica,2004,10.0,10,0,8.0,7,10.0,,,
94_CRI,94,Costa Rica,Costa Rica,CRI,Costa Rica,2005,10.0,10,0,8.0,7,10.0,,,
94_CRI,94,Costa Rica,Costa Rica,CRI,Costa Rica,2006,10.0,10,0,8.0,7,10.0,,,
94_CRI,94,Costa Rica,Costa Rica,CRI,Costa Rica,2007,10.0,10,0,8.0,7,10.0,,,
94_CRI,94,Costa Rica,Costa Rica,CRI,Costa Rica,2008,10.0,10,0,8.0,7,10.0,,,
94_CRI,94,Costa Rica,Costa Rica,CRI,Costa Rica,2009,10.0,10,0,8.0,7,10.0,,,
94_CRI,94,Costa Rica,Costa Rica,CRI,Costa Rica,2010,10.0,10,0,8.0,7,10.0,,,
94_CRI,94,Costa Rica,Costa Rica,CRI,Costa Rica,2011,10.0,10,0,8.0,7,10.0,,,
94_CRI,94,Costa Rica,Costa Rica,CRI,Costa Rica,2012,10.0,10,0,8.0,7,10.0,,,
94_CRI,94,Costa Rica,Costa Rica,CRI,Costa Rica,2013,10.0,10,0,8.0,7,10.0,,,
94_CRI,94,Costa Rica,Costa Rica,CRI,Costa Rica,2014,10.0,10,0,8.0,7,10.0,,,
94_CRI,94,Costa Rica,Costa Rica,CRI,Costa Rica,2015,10.0,10,0,8.0,7,10.0,,,
94_CRI,94,Costa Rica,Costa Rica,CRI,Costa Rica,2016,10.0,10,0,8.0,7,10.0,,,
94_CRI,94,Costa Rica,Costa Rica,CRI,Costa Rica,2017,10.0,10,0,8.0,7,10.0,,,
94_CRI,94,Costa Rica,Costa Rica,CRI,Costa Rica,2018,10.0,10,0,8.0,7,10.0,,,
950_FJI,950,Fiji,Fiji,FJI,Fiji,1971,6.0,6,0,7.0,7,4.0,,,
950_FJI,950,Fiji,Fiji,FJI,Fiji,1972,6.0,6,0,7.0,7,4.0,,,
950_FJI,950,Fiji,Fiji,FJI,Fiji,1973,6.0,6,0,7.0,7,4.0,,,
950_FJI,950,Fiji,Fiji,FJI,Fiji,1974,6.0,6,0,7.0,7,4.0,,,
950_FJI,950,Fiji,Fiji,FJI,Fiji,1975,6.0,6,0,7.0,7,4.0,,,
950_FJI,950,Fiji,Fiji,FJI,Fiji,1976,6.0,6,0,7.0,7,4.0,,,
950_FJI,950,Fiji,Fiji,FJI,Fiji,1977,6.0,6,0,7.0,7,4.0,,,
950_FJI,950,Fiji,Fiji,FJI,Fiji,1978,6.0,6,0,7.0,7,4.0,,,
950_FJI,950,Fiji,Fiji,FJI,Fiji,1979,6.0,6,0,7.0,7,4.0,,,
950_FJI,950,Fiji,Fiji,FJI,Fiji,1980,6.0,6,0,7.0,7,4.0,,,
950_FJI,950,Fiji,Fiji,FJI,Fiji,1981,6.0,6,0,7.0,7,4.0,,,
950_FJI,950,Fiji,Fiji,FJI,Fiji,1982,6.0,6,0,7.0,7,4.0,,,
950_FJI,950,Fiji,Fiji,FJI,Fiji,1983,6.0,6,0,7.0,7,4.0,,,
950_FJI,950,Fiji,Fiji,FJI,Fiji,1984,6.0,6,0,7.0,7,4.0,,,
950_FJI,950,Fiji,Fiji,FJI,Fiji,1985,6.0,6,0,7.0,7,4.0,,,
950_FJI,950,Fiji,Fiji,FJI,Fiji,1986,6.0,6,0,7.0,7,4.0,,,
950_FJI,950,Fiji,Fiji,FJI,Fiji,1987,-1.0,1,2,4.0,3,6.0,1.0,,-2.0
950_FJI,950,Fiji,Fiji,FJI,Fiji,1988,-1.0,1,2,4.0,3,6.0,,,
950_FJI,950,Fiji,Fiji,FJI,Fiji,1989,-1.0,1,2,4.0,3,6.0,,,
950_FJI,950,Fiji,Fiji,FJI,Fiji,1990,5.0,6,1,7.0,6,6.0,1.0,,3.0
950_FJI,950,Fiji,Fiji,FJI,Fiji,1991,5.0,6,1,7.0,6,6.0,,,
950_FJI,950,Fiji,Fiji,FJI,Fiji,1992,5.0,6,1,7.0,6,6.0,,,
950_FJI,950,Fiji,Fiji,FJI,Fiji,1993,5.0,6,1,7.0,6,6.0,,,
950_FJI,950,Fiji,Fiji,FJI,Fiji,1994,5.0,6,1,7.0,6,6.0,,,
950_FJI,950,Fiji,Fiji,FJI,Fiji,1995,5.0,6,1,7.0,6,6.0,,,
950_FJI,950,Fiji,Fiji,FJI,Fiji,1996,5.0,6,1,7.0,6,6.0,,,
950_FJI,950,Fiji,Fiji,FJI,Fiji,1997,5.0,6,1,7.0,6,6.0,,,
950_FJI,950,Fiji,Fiji,FJI,Fiji,1998,6.0,7,1,7.0,6,8.0,,,2.0
950_FJI,950,Fiji,Fiji,FJI,Fiji,1999,8.0,9,1,8.0,7,8.0,1.0,,2.0
950_FJI,950,Fiji,Fiji,FJI,Fiji,2000,6.0,-88,-88,-88.0,-88,-88.0,,,-1.0
950_FJI,950,Fiji,Fiji,FJI,Fiji,2001,5.0,6,1,7.0,6,6.0,1.0,,-1.0
950_FJI,950,Fiji,Fiji,FJI,Fiji,2002,5.0,6,1,7.0,6,6.0,,,
950_FJI,950,Fiji,Fiji,FJI,Fiji,2003,5.0,6,1,7.0,6,6.0,,,
950_FJI,950,Fiji,Fiji,FJI,Fiji,2004,6.0,7,1,7.0,6,8.0,1.0,,0.0
950_FJI,950,Fiji,Fiji,FJI,Fiji,2005,6.0,7,1,7.0,6,8.0,,,
950_FJI,950,Fiji,Fiji,FJI,Fiji,2006,-3.0,0,3,4.0,3,3.0,,,-2.0
950_FJI,950,Fiji,Fiji,FJI,Fiji,2007,-4.0,0,4,4.0,2,3.0,1.0,,-2.0
950_FJI,950,Fiji,Fiji,FJI,Fiji,2008,-4.0,0,4,4.0,2,3.0,,,
950_FJI,950,Fiji,Fiji,FJI,Fiji,2009,-4.0,0,4,4.0,2,3.0,,,
950_FJI,950,Fiji,Fiji,FJI,Fiji,2010,-4.0,0,4,4.0,2,3.0,,,
950_FJI,950,Fiji,Fiji,FJI,Fiji,2011,-4.0,0,4,4.0,2,3.0,,,
950_FJI,950,Fiji,Fiji,FJI,Fiji,2012,-4.0,0,4,4.0,2,3.0,,,
950_FJI,950,Fiji,Fiji,FJI,Fiji,2013,-4.0,0,4,4.0,2,3.0,,,
950_FJI,950,Fiji,Fiji,FJI,Fiji,2014,2.0,3,1,5.0,4,8.0,1.0,,3.0
950_FJI,950,Fiji,Fiji,FJI,Fiji,2015,2.0,3,1,5.0,4,8.0,,,
950_FJI,950,Fiji,Fiji,FJI,Fiji,2016,2.0,3,1,5.0,4,8.0,,,
950_FJI,950,Fiji,Fiji,FJI,Fiji,2017,2.0,3,1,5.0,4,8.0,,,
950_FJI,950,Fiji,Fiji,FJI,Fiji,2018,2.0,4,0,5.0,5,9.0,1.0,,0.0
95_PAN,95,Panama,Panama,PAN,Panama,1971,-7.0,0,7,5.0,1,1.0,,,
95_PAN,95,Panama,Panama,PAN,Panama,1972,-7.0,0,7,5.0,1,1.0,,,
95_PAN,95,Panama,Panama,PAN,Panama,1973,-7.0,0,7,5.0,1,1.0,,,
95_PAN,95,Panama,Panama,PAN,Panama,1974,-7.0,0,7,5.0,1,1.0,,,
95_PAN,95,Panama,Panama,PAN,Panama,1975,-7.0,0,7,5.0,1,1.0,,,
95_PAN,95,Panama,Panama,PAN,Panama,1976,-7.0,0,7,5.0,1,1.0,,,
95_PAN,95,Panama,Panama,PAN,Panama,1977,-7.0,0,7,5.0,1,1.0,,,
95_PAN,95,Panama,Panama,PAN,Panama,1978,-6.0,0,6,3.0,2,3.0,1.0,,0.0
95_PAN,95,Panama,Panama,PAN,Panama,1979,-6.0,0,6,3.0,2,3.0,,,
95_PAN,95,Panama,Panama,PAN,Panama,1980,-6.0,0,6,3.0,2,3.0,,,
95_PAN,95,Panama,Panama,PAN,Panama,1981,-6.0,0,6,3.0,2,3.0,,,
95_PAN,95,Panama,Panama,PAN,Panama,1982,-5.0,0,5,3.0,3,3.0,1.0,,0.0
95_PAN,95,Panama,Panama,PAN,Panama,1983,-5.0,0,5,3.0,3,3.0,,,
95_PAN,95,Panama,Panama,PAN,Panama,1984,-6.0,0,6,3.0,2,3.0,1.0,,0.0
95_PAN,95,Panama,Panama,PAN,Panama,1985,-6.0,0,6,3.0,2,3.0,,,
95_PAN,95,Panama,Panama,PAN,Panama,1986,-6.0,0,6,3.0,2,3.0,,,
95_PAN,95,Panama,Panama,PAN,Panama,1987,-8.0,0,8,3.0,2,1.0,1.0,,0.0
95_PAN,95,Panama,Panama,PAN,Panama,1988,-8.0,0,8,3.0,2,1.0,,,
95_PAN,95,Panama,Panama,PAN,Panama,1989,8.0,8,0,8.0,6,9.0,1.0,,3.0
95_PAN,95,Panama,Panama,PAN,Panama,1990,8.0,8,0,8.0,6,9.0,,,
95_PAN,95,Panama,Panama,PAN,Panama,1991,8.0,8,0,8.0,6,9.0,,,
95_PAN,95,Panama,Panama,PAN,Panama,1992,8.0,8,0,8.0,6,9.0,,,
95_PAN,95,Panama,Panama,PAN,Panama,1993,8.0,8,0,8.0,6,9.0,,,
95_PAN,95,Panama,Panama,PAN,Panama,1994,9.0,9,0,8.0,6,10.0,1.0,,0.0
95_PAN,95,Panama,Panama,PAN,Panama,1995,9.0,9,0,8.0,6,10.0,,,
95_PAN,95,Panama,Panama,PAN,Panama,1996,9.0,9,0,8.0,6,10.0,,,
95_PAN,95,Panama,Panama,PAN,Panama,1997,9.0,9,0,8.0,6,10.0,,,
95_PAN,95,Panama,Panama,PAN,Panama,1998,9.0,9,0,8.0,6,10.0,,,
95_PAN,95,Panama,Panama,PAN,Panama,1999,9.0,9,0,8.0,6,10.0,,,
95_PAN,95,Panama,Panama,PAN,Panama,2000,9.0,9,0,8.0,6,10.0,,,
95_PAN,95,Panama,Panama,PAN,Panama,2001,9.0,9,0,8.0,6,10.0,,,
95_PAN,95,Panama,Panama,PAN,Panama,2002,9.0,9,0,8.0,6,10.0,,,
95_PAN,95,Panama,Panama,PAN,Panama,2003,9.0,9,0,8.0,6,10.0,,,
95_PAN,95,Panama,Panama,PAN,Panama,2004,9.0,9,0,8.0,6,10.0,,,
95_PAN,95,Panama,Panama,PAN,Panama,2005,9.0,9,0,8.0,6,10.0,,,
95_PAN,95,Panama,Panama,PAN,Panama,2006,9.0,9,0,8.0,6,10.0,,,
95_PAN,95,Panama,Panama,PAN,Panama,2007,9.0,9,0,8.0,6,10.0,,,
95_PAN,95,Panama,Panama,PAN,Panama,2008,9.0,9,0,8.0,6,10.0,,,
95_PAN,95,Panama,Panama,PAN,Panama,2009,9.0,9,0,8.0,6,10.0,,,
95_PAN,95,Panama,Panama,PAN,Panama,2010,9.0,9,0,8.0,6,10.0,,,
95_PAN,95,Panama,Panama,PAN,Panama,2011,9.0,9,0,8.0,6,10.0,,,
95_PAN,95,Panama,Panama,PAN,Panama,2012,9.0,9,0,8.0,6,10.0,,,
95_PAN,95,Panama,Panama,PAN,Panama,2013,9.0,9,0,8.0,6,10.0,,,
95_PAN,95,Panama,Panama,PAN,Panama,2014,9.0,9,0,8.0,6,10.0,,,
95_PAN,95,Panama,Panama,PAN,Panama,2015,9.0,9,0,8.0,6,10.0,,,
95_PAN,95,Panama,Panama,PAN,Panama,2016,9.0,9,0,8.0,6,10.0,,,
95_PAN,95,Panama,Panama,PAN,Panama,2017,9.0,9,0,8.0,6,10.0,,,
95_PAN,95,Panama,Panama,PAN,Panama,2018,9.0,9,0,8.0,6,10.0,,,
